zatu_handle,zatu_title,reason,bgg_id,bgg_name,score
muffin-time-2021-edition,Muffin Time - (Inc. Both Expansions),LOW_CONFIDENCE_MATCH: fuzzy score below threshold or too close to runner-up,,,59.64912280701755
bananagrams,Bananagrams,"QUALITY_GATE: shrunk=6.43, usersrated=13728",27225,Bananagrams,100.0
cockroach-poker-english-edition,Cockroach Poker English Edition,"QUALITY_GATE: shrunk=6.80, usersrated=16668",11971,Cockroach Poker,100.0
fungi,Fungi,"QUALITY_GATE: shrunk=6.75, usersrated=10",424937,Fungi Contest,95.0
mysterium,Mysterium,"QUALITY_GATE: shrunk=7.19, usersrated=49591",181304,Mysterium,100.0
coup,Coup,LOW_CONFIDENCE_MATCH: ambiguous: multiple BGG entries share this normalized title,,,
the-mind,The Mind,LOW_CONFIDENCE_MATCH: ambiguous: multiple BGG entries share this normalized title,,,
hues-and-cues,Hues and Cues,"QUALITY_GATE: shrunk=6.43, usersrated=7962",302520,Hues and Cues,100.0
wingspan-oceania-expansion,Wingspan: Oceania Expansion,"LOW_CONFIDENCE_MATCH: exact match is a BGG expansion/non-base entry, out of scope -- refusing to fall back to a fuzzy match against an unrelated base game",,,100.0
dixit,Dixit,"QUALITY_GATE: shrunk=7.18, usersrated=71821",39856,Dixit,100.0
6-nimmt,6 Nimmt!,LOW_CONFIDENCE_MATCH: ambiguous: multiple BGG entries share this title as a prefix,,,80.0
the-crew,The Crew,LOW_CONFIDENCE_MATCH: ambiguous: multiple BGG entries share this title as a prefix,,,75.0
wingspan-european-expansion,Wingspan European Expansion,"LOW_CONFIDENCE_MATCH: exact match is a BGG expansion/non-base entry, out of scope -- refusing to fall back to a fuzzy match against an unrelated base game",,,100.0
magical-athlete,Magical Athlete,LOW_CONFIDENCE_MATCH: ambiguous: multiple BGG entries share this normalized title,,,
herd-mentality,Herd Mentality,"QUALITY_GATE: shrunk=6.59, usersrated=3993",311322,Herd Mentality,100.0
bohnanza-2,Bohnanza,LOW_CONFIDENCE_MATCH: ambiguous: multiple BGG entries share this normalized title,,,
7-wonders-duel-pantheon,7 Wonders Duel: Pantheon Expansion,LOW_CONFIDENCE_MATCH: fuzzy score below threshold or too close to runner-up,,,63.1578947368421
sushi-go,Sushi Go,"QUALITY_GATE: shrunk=6.98, usersrated=52888",133473,Sushi Go!,100.0
vantage,Vantage Board Game,LOW_CONFIDENCE_MATCH: ambiguous: multiple BGG entries share this normalized title,,,
compile-card-game-main-1-edition,Compile Card Game: Main 1 Edition,LOW_CONFIDENCE_MATCH: fuzzy score below threshold or too close to runner-up,,,80.0
heat,Heat,"QUALITY_GATE: shrunk=6.29, usersrated=284",157815,Heat,100.0
forbidden-island,Forbidden Island,"QUALITY_GATE: shrunk=6.75, usersrated=54744",65244,Forbidden Island,100.0
dobble,Dobble,LOW_CONFIDENCE_MATCH: ambiguous: multiple BGG entries share this title as a prefix,,,83.33333333333334
bandido,Bandido,"QUALITY_GATE: shrunk=6.40, usersrated=7681",191925,Bandido,100.0
wavelength,Wavelength,LOW_CONFIDENCE_MATCH: ambiguous: multiple BGG entries share this normalized title,,,
the-fellowship-of-the-ring-trick-taking-game,The Fellowship of the Ring: Trick-Taking Game,LOW_CONFIDENCE_MATCH: fuzzy score below threshold or too close to runner-up,,,83.72093023255813
takenoko,Takenoko,"QUALITY_GATE: shrunk=7.19, usersrated=48327",70919,Takenoko,100.0
scout,Scout,LOW_CONFIDENCE_MATCH: ambiguous: multiple BGG entries share this normalized title,,,
quacks-of-quedlinburg-mega-box,The Quacks of Quedlinburg: Mega Box,LOW_CONFIDENCE_MATCH: fuzzy score below threshold or too close to runner-up,,,88.13559322033898
camel-up-2nd-edition,Camel Up 2nd Edition,LOW_CONFIDENCE_MATCH: ambiguous: multiple BGG entries share this normalized title,,,
the-chameleon,The Chameleon,LOW_CONFIDENCE_MATCH: ambiguous: multiple BGG entries share this normalized title,,,
outfoxed,Outfoxed!,LOW_CONFIDENCE_MATCH: ambiguous: multiple BGG entries share this normalized title,,,
sagrada,Sagrada,LOW_CONFIDENCE_MATCH: ambiguous: multiple BGG entries share this normalized title,,,
terraforming-mars-prelude,Terraforming Mars: Prelude,"LOW_CONFIDENCE_MATCH: exact match is a BGG expansion/non-base entry, out of scope -- refusing to fall back to a fuzzy match against an unrelated base game",,,100.0
sky-team-turbulence-expansion,Sky Team Turbulence Expansion,LOW_CONFIDENCE_MATCH: fuzzy score below threshold or too close to runner-up,,,59.64912280701755
the-bloody-inn,The Bloody Inn,"QUALITY_GATE: shrunk=7.07, usersrated=11466",180593,The Bloody Inn,100.0
star-wars-battle-of-hoth,Star Wars: Battle of Hoth,LOW_CONFIDENCE_MATCH: ambiguous: multiple BGG entries share this normalized title,,,
harry-potter-hogwarts-battle-cooperative-deck-building-game,Harry Potter Hogwarts Battle- A Cooperative Deck Building Game,LOW_CONFIDENCE_MATCH: fuzzy score below threshold or too close to runner-up,,,69.38775510204081
exit-the-secret-lab,EXIT: The Secret Lab,"QUALITY_GATE: shrunk=7.03, usersrated=7418",203417,EXIT: The Game – The Secret Lab,100.0
arcs-includes-leaders-and-lore-pack-retail-version,Arcs Base Game,LOW_CONFIDENCE_MATCH: fuzzy score below threshold or too close to runner-up,,,72.0
taskmaster-the-board-game,Taskmaster: The Board Game,LOW_CONFIDENCE_MATCH: ambiguous: multiple BGG entries share this normalized title,,,
final-girl-core-box,Final Girl Core Box,LOW_CONFIDENCE_MATCH: fuzzy score below threshold or too close to runner-up,,,68.96551724137932
heat-tunnel-vision,Heat - Tunnel Vision,"LOW_CONFIDENCE_MATCH: exact match is a BGG expansion/non-base entry, out of scope -- refusing to fall back to a fuzzy match against an unrelated base game",,,100.0
king-of-tokyo,King of Tokyo Second Edition,LOW_CONFIDENCE_MATCH: fuzzy score below threshold or too close to runner-up,,,83.63636363636364
carcassonne-traders-builders-exp-2-2025,Carcassonne: Traders & Builders - Exp 2 (2025),LOW_CONFIDENCE_MATCH: fuzzy score below threshold or too close to runner-up,,,69.84126984126983
colourbrain,Colourbrain,"QUALITY_GATE: shrunk=6.29, usersrated=922",223742,Colourbrain,100.0
root-riverfolk-expansion,Root: Riverfolk Expansion,"LOW_CONFIDENCE_MATCH: exact match is a BGG expansion/non-base entry, out of scope -- refusing to fall back to a fuzzy match against an unrelated base game",,,100.0
magic-maze,Magic Maze,"QUALITY_GATE: shrunk=6.93, usersrated=24112",209778,Magic Maze,100.0
exit-the-pharaohs-tomb,EXIT: The Game - The Pharaoh's Tomb,"QUALITY_GATE: shrunk=7.12, usersrated=7045",203416,EXIT: The Game – The Pharaoh's Tomb,100.0
dominion-2nd-edition,Dominion 2nd Edition,LOW_CONFIDENCE_MATCH: ambiguous: multiple BGG entries share this normalized title,,,
compile-card-game-aux-1-expansion,Compile Card Game: Aux 1 Expansion,LOW_CONFIDENCE_MATCH: fuzzy score below threshold or too close to runner-up,,,70.27027027027026
ticket-to-ride-europe-1912-expansion,Ticket To Ride Europe 1912 Expansion,LOW_CONFIDENCE_MATCH: fuzzy score below threshold or too close to runner-up,,,73.6842105263158
exit-the-mysterious-museum,EXiT - The Mysterious Museum,"QUALITY_GATE: shrunk=7.06, usersrated=2894",244918,EXIT: The Game – The Mysterious Museum,100.0
duel-for-middle-earth-allies-the-lord-of-the-rings-exp,Duel for Middle-Earth - Allies: The Lord of the Rings Exp,LOW_CONFIDENCE_MATCH: fuzzy score below threshold or too close to runner-up,,,86.41975308641976
scrawl,Scrawl (17+),LOW_CONFIDENCE_MATCH: fuzzy score below threshold or too close to runner-up,,,80.0
ice-cool,Ice Cool,LOW_CONFIDENCE_MATCH: fuzzy score below threshold or too close to runner-up,,,77.77777777777779
tiny-towns,Tiny Towns,"QUALITY_GATE: shrunk=7.17, usersrated=22672",265736,Tiny Towns,100.0
ticket-to-ride-london,Ticket To Ride: London,"QUALITY_GATE: shrunk=7.03, usersrated=5873",276894,Ticket to Ride: London,100.0
carcassonne-expansion-1-inns-cathedrals,Carcassonne: Inns & Cathedrals - Expansion 1,LOW_CONFIDENCE_MATCH: fuzzy score below threshold or too close to runner-up,,,68.42105263157895
branch-claw-expansion-spirit-island,Spirit Island: Branch & Claw,"LOW_CONFIDENCE_MATCH: exact match is a BGG expansion/non-base entry, out of scope -- refusing to fall back to a fuzzy match against an unrelated base game",,,100.0
exit-the-forbidden-castle,EXIT: The Forbidden Castle,"QUALITY_GATE: shrunk=6.76, usersrated=3559",215840,EXIT: The Game – The Forbidden Castle,100.0
jagged-earth-spirit-island-expansion,Spirit Island: Jagged Earth,"LOW_CONFIDENCE_MATCH: exact match is a BGG expansion/non-base entry, out of scope -- refusing to fall back to a fuzzy match against an unrelated base game",,,100.0
saboteur,Saboteur,"QUALITY_GATE: shrunk=6.54, usersrated=36720",9220,Saboteur,100.0
no-thanks,No Thanks!,"QUALITY_GATE: shrunk=7.08, usersrated=30942",12942,No Thanks!,100.0
catan-6th-edition-2025,CATAN 6th Edition (2025),LOW_CONFIDENCE_MATCH: ambiguous: multiple BGG entries share this normalized title,,,
the-gang,The Gang,LOW_CONFIDENCE_MATCH: ambiguous: multiple BGG entries share this normalized title,,,
exit-the-forgotten-island,EXIT: The Forgotten Island,"QUALITY_GATE: shrunk=6.85, usersrated=3963",215841,EXIT: The Game – The Forgotten Island,100.0
lost-cities-the-card-game,Lost Cities - The Card Game,LOW_CONFIDENCE_MATCH: ambiguous: multiple BGG entries share this normalized title,,,
the-drowned-city-investigator-expansion-arkham-horror-the-card-game,The Drowned City Investigator Expansion: Arkham Horror: The Card Game,LOW_CONFIDENCE_MATCH: fuzzy score below threshold or too close to runner-up,,,60.526315789473685
pandemic-legacy-season-zero,Pandemic Legacy Season Zero,LOW_CONFIDENCE_MATCH: fuzzy score below threshold or too close to runner-up,,,86.27450980392157
azul-mini,Azul Mini,LOW_CONFIDENCE_MATCH: fuzzy score below threshold or too close to runner-up,,,73.6842105263158
machi-koro-5th-anniversary-edition,Machi Koro 5th Anniversary Edition,LOW_CONFIDENCE_MATCH: fuzzy score below threshold or too close to runner-up,,,84.61538461538461
forbidden-desert,Forbidden Desert,"QUALITY_GATE: shrunk=7.06, usersrated=32990",136063,Forbidden Desert,100.0
the-drowned-city-campaign-expansion-arkham-horror-the-card-game,The Drowned City Campaign Expansion: Arkham Horror: The Card Game,LOW_CONFIDENCE_MATCH: fuzzy score below threshold or too close to runner-up,,,58.22784810126582
marvel-champions-age-of-apocalypse-exp,Marvel Champions: Age of Apocalypse Exp,LOW_CONFIDENCE_MATCH: fuzzy score below threshold or too close to runner-up,,,67.53246753246754
hot-streak,Hot Streak,LOW_CONFIDENCE_MATCH: ambiguous: multiple BGG entries share this normalized title,,,
extra-salt-sea-salt-and-paper-expansion,Extra Salt: Sea Salt and Paper expansion,LOW_CONFIDENCE_MATCH: fuzzy score below threshold or too close to runner-up,,,74.28571428571429
colt-express,Colt Express,"QUALITY_GATE: shrunk=7.10, usersrated=35685",158899,Colt Express,100.0
obsession-board-game-2nd-edition,Obsession Board Game: 2nd Edition,LOW_CONFIDENCE_MATCH: ambiguous: multiple BGG entries share this normalized title,,,
the-castles-of-burgundy-new-edition,The Castles Of Burgundy - New Edition,LOW_CONFIDENCE_MATCH: fuzzy score below threshold or too close to runner-up,,,81.81818181818181
dro-polter,Dro Polter,"QUALITY_GATE: shrunk=7.05, usersrated=3253",405537,DroPolter,94.73684210526316
decrypto,Decrypto,LOW_CONFIDENCE_MATCH: ambiguous: multiple BGG entries share this normalized title,,,
taco-cat-goat-cheese-pizza,Taco Cat Goat Cheese Pizza,"QUALITY_GATE: shrunk=6.46, usersrated=9108",253664,Taco Cat Goat Cheese Pizza,100.0
ark-nova-card-game-marine-worlds-expansion,Ark Nova Card Game: Marine Worlds Expansion,LOW_CONFIDENCE_MATCH: fuzzy score below threshold or too close to runner-up,,,63.33333333333333
flip-7-with-a-vengeance,Flip 7 with a Vengeance,"QUALITY_GATE: shrunk=7.15, usersrated=1629",463441,Flip 7: With A Vengeance,100.0
roll-player-cartographers-expansion,Cartographers: A Roll Player Tale,LOW_CONFIDENCE_MATCH: fuzzy score below threshold or too close to runner-up,,,72.0
extra-pepper-sea-salt-and-paper-expansion,Extra Pepper: Sea Salt and Paper expansion,LOW_CONFIDENCE_MATCH: fuzzy score below threshold or too close to runner-up,,,76.63551401869158
forest-shuffle-alpine,Forest Shuffle: Alpine,"LOW_CONFIDENCE_MATCH: exact match is a BGG expansion/non-base entry, out of scope -- refusing to fall back to a fuzzy match against an unrelated base game",,,100.0
exploding-kittens,Exploding Kittens,"QUALITY_GATE: shrunk=6.07, usersrated=42190",172225,Exploding Kittens,100.0
scythe-invaders-from-afar,Scythe: Invaders From Afar,"LOW_CONFIDENCE_MATCH: exact match is a BGG expansion/non-base entry, out of scope -- refusing to fall back to a fuzzy match against an unrelated base game",,,100.0
happy-trails-horror-final-girl-exp,Happy Trails Horror: Final Girl Exp.,LOW_CONFIDENCE_MATCH: fuzzy score below threshold or too close to runner-up,,,57.14285714285714
qwirkle-travel,Qwirkle Travel,LOW_CONFIDENCE_MATCH: fuzzy score below threshold or too close to runner-up,,,76.92307692307692
exit-the-haunted-roller-coaster,EXIT: The Haunted Roller Coaster,"QUALITY_GATE: shrunk=7.07, usersrated=2139",269968,EXIT: The Game – The Haunted Roller Coaster,100.0
boop,Boop,"QUALITY_GATE: shrunk=7.02, usersrated=5246",355433,boop.,100.0
clank,Clank!,LOW_CONFIDENCE_MATCH: ambiguous: multiple BGG entries share this title as a prefix,,,80.0
skull-2022-edition,Skull 2022 edition,LOW_CONFIDENCE_MATCH: fuzzy score below threshold or too close to runner-up,,,68.57142857142857
forest-shuffle-exploration,Forest Shuffle: Exploration,"LOW_CONFIDENCE_MATCH: exact match is a BGG expansion/non-base entry, out of scope -- refusing to fall back to a fuzzy match against an unrelated base game",,,100.0
hellas-elysium-terraforming-mars-exp,Hellas & Elysium: Terraforming Mars Exp,LOW_CONFIDENCE_MATCH: fuzzy score below threshold or too close to runner-up,,,71.23287671232876
compile-aux-2,Compile Aux 2,"LOW_CONFIDENCE_MATCH: exact match is a BGG expansion/non-base entry, out of scope -- refusing to fall back to a fuzzy match against an unrelated base game",,,100.0
dice-tray-orange-black,Zatu Dice Tray - Orange/Black,LOW_CONFIDENCE_MATCH: fuzzy score below threshold or too close to runner-up,,,63.63636363636363
root-the-exiles-and-partisans-deck,Root: The Exiles and Partisans Deck,"LOW_CONFIDENCE_MATCH: exact match is a BGG expansion/non-base entry, out of scope -- refusing to fall back to a fuzzy match against an unrelated base game",,,100.0
dune-imperium-bloodlines,Dune: Imperium - Bloodlines,"LOW_CONFIDENCE_MATCH: exact match is a BGG expansion/non-base entry, out of scope -- refusing to fall back to a fuzzy match against an unrelated base game",,,100.0
forest-shuffle-woodland-edge,Forest Shuffle: Woodland Edge,"LOW_CONFIDENCE_MATCH: exact match is a BGG expansion/non-base entry, out of scope -- refusing to fall back to a fuzzy match against an unrelated base game",,,100.0
ghost-blitz-geistes-blitz,Ghost Blitz (Geistes Blitz),LOW_CONFIDENCE_MATCH: fuzzy score below threshold or too close to runner-up,,,63.1578947368421
diamant-2024-edition,Diamant (2024 Edition),LOW_CONFIDENCE_MATCH: fuzzy score below threshold or too close to runner-up,,,66.66666666666667
exit-cemetery-of-the-knight,EXIT: Cemetery of the Knight,"QUALITY_GATE: shrunk=6.94, usersrated=1467",295945,EXIT: The Game – The Cemetery of the Knight,100.0
coffee-rush,Coffee Rush,"QUALITY_GATE: shrunk=7.08, usersrated=5726",377061,Coffee Rush,100.0
anomia,Anomia,"QUALITY_GATE: shrunk=6.69, usersrated=6021",67877,Anomia,100.0
wyrmspan-dragon-academy-expansion,Wyrmspan Dragon Academy Expansion,LOW_CONFIDENCE_MATCH: fuzzy score below threshold or too close to runner-up,,,66.66666666666667
exit-the-polar-station,EXIT: The Polar Station,"QUALITY_GATE: shrunk=6.82, usersrated=3965",215842,EXIT: The Game – The Polar Station,100.0
small-world,Small World,"QUALITY_GATE: shrunk=7.19, usersrated=75277",40692,Small World,100.0
one-night-ultimate-werewolf,One Night Ultimate Werewolf,"QUALITY_GATE: shrunk=7.03, usersrated=31197",147949,One Night Ultimate Werewolf,100.0
dobble-harry-potter,Dobble Harry Potter,LOW_CONFIDENCE_MATCH: fuzzy score below threshold or too close to runner-up,,,85.71428571428572
qwirkle,Qwirkle,"QUALITY_GATE: shrunk=6.77, usersrated=22442",25669,Qwirkle,100.0
wingspan-asia-standalone-expansion,Wingspan: Asia (standalone expansion),LOW_CONFIDENCE_MATCH: fuzzy score below threshold or too close to runner-up,,,61.01694915254237
odins-ravens,Odin's Ravens,"QUALITY_GATE: shrunk=6.64, usersrated=3968",4396,Odin's Ravens,100.0
heat-pedal-to-the-metal-expansion-heavy-rain,Heat: Pedal to the Metal Expansion - Heavy Rain,LOW_CONFIDENCE_MATCH: fuzzy score below threshold or too close to runner-up,,,64.40677966101696
scythe-wind-gambit,Scythe: The Wind Gambit,"LOW_CONFIDENCE_MATCH: exact match is a BGG expansion/non-base entry, out of scope -- refusing to fall back to a fuzzy match against an unrelated base game",,,100.0
root-the-underworld-expansion,Root: The Underworld Expansion,"LOW_CONFIDENCE_MATCH: exact match is a BGG expansion/non-base entry, out of scope -- refusing to fall back to a fuzzy match against an unrelated base game",,,100.0
mistborn-the-deck-building-game,Mistborn: The Deck Building Game,LOW_CONFIDENCE_MATCH: fuzzy score below threshold or too close to runner-up,,,83.63636363636364
the-fox-in-the-forest,The Fox in the Forest,"QUALITY_GATE: shrunk=7.05, usersrated=18517",221965,The Fox in the Forest,100.0
streaking-kittens-exploding-kittens-exp,Streaking Kittens: Exploding Kittens Expansion,LOW_CONFIDENCE_MATCH: fuzzy score below threshold or too close to runner-up,,,67.53246753246754
azul-duel,Azul Duel,"QUALITY_GATE: shrunk=6.97, usersrated=3110",431038,Azul Duel,100.0
fog-of-love,Fog of Love,"QUALITY_GATE: shrunk=6.59, usersrated=8734",175324,Fog of Love,100.0
spots,Spots,LOW_CONFIDENCE_MATCH: ambiguous: multiple BGG entries share this normalized title,,,
ok-play,OK Play,"QUALITY_GATE: shrunk=6.63, usersrated=20",266072,OK Play Duel,95.0
horrified,Horrified: Universal Monsters,LOW_CONFIDENCE_MATCH: fuzzy score below threshold or too close to runner-up,,,76.36363636363637
first-journey-europe-ticket-ride,Ticket to Ride: First Journey Europe,"QUALITY_GATE: shrunk=6.99, usersrated=2313",218208,Ticket to Ride: First Journey (Europe),100.0
exit-the-sinister-mansion,EXiT - The Sinister Mansion,"QUALITY_GATE: shrunk=7.18, usersrated=2917",226520,EXIT: The Game – The Sinister Mansion,100.0
terraforming-mars-the-colonies,Terraforming Mars: The Colonies,"LOW_CONFIDENCE_MATCH: exact match is a BGG expansion/non-base entry, out of scope -- refusing to fall back to a fuzzy match against an unrelated base game",,,100.0
mysterium-park,Mysterium Park,"QUALITY_GATE: shrunk=6.99, usersrated=5782",301767,Mysterium Park,100.0
watergate,Watergate,LOW_CONFIDENCE_MATCH: ambiguous: multiple BGG entries share this normalized title,,,
point-salad,Point Salad,"QUALITY_GATE: shrunk=7.08, usersrated=23584",274960,Point Salad,100.0
carcassonne-mists-over-carcassonne,Carcassonne - Mists over Carcassonne,LOW_CONFIDENCE_MATCH: fuzzy score below threshold or too close to runner-up,,,78.57142857142857
cascadia-landmarks,Cascadia - Landmarks,"LOW_CONFIDENCE_MATCH: exact match is a BGG expansion/non-base entry, out of scope -- refusing to fall back to a fuzzy match against an unrelated base game",,,100.0
port-royal,Port Royal,LOW_CONFIDENCE_MATCH: ambiguous: multiple BGG entries share this normalized title,,,
eclipse-2nd-dawn-for-the-galaxy,Eclipse: 2nd Dawn for the Galaxy,LOW_CONFIDENCE_MATCH: fuzzy score below threshold or too close to runner-up,,,85.18518518518519
exit-the-sunken-treasure,EXIT - The Sunken Treasure,"QUALITY_GATE: shrunk=7.01, usersrated=3852",226518,EXIT: The Game – The Sunken Treasure,100.0
the-resistance-3rd-edition,The Resistance - 3rd Edition,"QUALITY_GATE: shrunk=7.19, usersrated=42832",41114,The Resistance,100.0
avalon-hill-betrayal-legacy,Avalon Hill Betrayal Legacy,LOW_CONFIDENCE_MATCH: fuzzy score below threshold or too close to runner-up,,,71.42857142857143
root-the-vagabond-pack,Root: The Vagabond Pack,"LOW_CONFIDENCE_MATCH: exact match is a BGG expansion/non-base entry, out of scope -- refusing to fall back to a fuzzy match against an unrelated base game",,,100.0
root-the-marauder-expansion,Root: The Marauder Expansion,"LOW_CONFIDENCE_MATCH: exact match is a BGG expansion/non-base entry, out of scope -- refusing to fall back to a fuzzy match against an unrelated base game",,,100.0
blockbuster,Blockbuster,"QUALITY_GATE: shrunk=6.55, usersrated=1865",272438,Blockbuster,100.0
my-city,My City,LOW_CONFIDENCE_MATCH: ambiguous: multiple BGG entries share this normalized title,,,
hanabi,Hanabi,"QUALITY_GATE: shrunk=7.03, usersrated=52916",98778,Hanabi,100.0
catan-junior,Catan Junior,LOW_CONFIDENCE_MATCH: ambiguous: multiple BGG entries share this normalized title,,,
tsuro,Tsuro,"QUALITY_GATE: shrunk=6.67, usersrated=30845",16992,Tsuro,100.0
final-girl-into-the-void,Final Girl: Into the Void,"LOW_CONFIDENCE_MATCH: exact match is a BGG expansion/non-base entry, out of scope -- refusing to fall back to a fuzzy match against an unrelated base game",,,100.0
rise-empire-star-wars-empire-exp,Star Wars Rebellion: Rise of the Empire,"LOW_CONFIDENCE_MATCH: exact match is a BGG expansion/non-base entry, out of scope -- refusing to fall back to a fuzzy match against an unrelated base game",,,100.0
arkham-horror-the-card-game-chapter-two-core-set,Arkham Horror: The Card Game - Chapter Two Core Set,LOW_CONFIDENCE_MATCH: fuzzy score below threshold or too close to runner-up,,,70.96774193548387
ticket-to-ride-japan-italy-map-collection-volume-7,Ticket to Ride Japan & Italy: Map Collection Volume 7,LOW_CONFIDENCE_MATCH: fuzzy score below threshold or too close to runner-up,,,59.25925925925925
fort,Fort,LOW_CONFIDENCE_MATCH: ambiguous: multiple BGG entries share this normalized title,,,
everdell-bellfaire-expansion,Everdell: Bellfaire Expansion,LOW_CONFIDENCE_MATCH: fuzzy score below threshold or too close to runner-up,,,58.53658536585367
scrawl-green-box-edition,Scrawl - Green Box Edition,LOW_CONFIDENCE_MATCH: fuzzy score below threshold or too close to runner-up,,,72.0
star-realms,Star Realms,LOW_CONFIDENCE_MATCH: ambiguous: multiple BGG entries share this normalized title,,,
cosmic-encounter,Cosmic Encounter,LOW_CONFIDENCE_MATCH: ambiguous: multiple BGG entries share this normalized title,,,
5-minute-dungeon,5 Minute Dungeon,"QUALITY_GATE: shrunk=6.89, usersrated=11874",207830,5-Minute Dungeon,100.0
dune-imperium-rise-of-ix-expansion,Dune: Imperium - Rise of Ix Expansion,LOW_CONFIDENCE_MATCH: fuzzy score below threshold or too close to runner-up,,,68.57142857142857
the-quacks-of-quedlinburg-the-alchemists-expansion,The Quacks of Quedlinburg: The Alchemists Expansion,LOW_CONFIDENCE_MATCH: fuzzy score below threshold or too close to runner-up,,,73.23943661971832
sleeping-queens,Sleeping Queens,"QUALITY_GATE: shrunk=6.47, usersrated=5480",17053,Sleeping Queens,100.0
alice-is-missing,Alice is Missing,LOW_CONFIDENCE_MATCH: fuzzy score below threshold or too close to runner-up,,,75.86206896551724
arcs-leaders-lore-pack,Arcs: Leaders & Lore Pack,"LOW_CONFIDENCE_MATCH: exact match is a BGG expansion/non-base entry, out of scope -- refusing to fall back to a fuzzy match against an unrelated base game",,,100.0
unlock-2,Unlock 2!,LOW_CONFIDENCE_MATCH: fuzzy score below threshold or too close to runner-up,,,75.0
space-base,Space Base,LOW_CONFIDENCE_MATCH: ambiguous: multiple BGG entries share this normalized title,,,
marvel-champions-the-green-goblin-scenario-pack,Marvel Champions: The Green Goblin Scenario Pack,"LOW_CONFIDENCE_MATCH: exact match is a BGG expansion/non-base entry, out of scope -- refusing to fall back to a fuzzy match against an unrelated base game",,,100.0
zatu-six-sided-dice-d6,Zatu Six-Sided Dice (d6),LOW_CONFIDENCE_MATCH: fuzzy score below threshold or too close to runner-up,,,60.60606060606061
cascadia-kickstarter-edition,Cascadia - Kickstarter Edition,LOW_CONFIDENCE_MATCH: fuzzy score below threshold or too close to runner-up,,,78.57142857142857
parks-2nd-edition,Parks 2nd Edition,LOW_CONFIDENCE_MATCH: ambiguous: multiple BGG entries share this normalized title,,,
the-apocalypse-dragon-mage-knight-expansion,The Apocalypse Dragon: Mage Knight Expansion,LOW_CONFIDENCE_MATCH: fuzzy score below threshold or too close to runner-up,,,61.9718309859155
concept-boardgame,Concept Boardgame,LOW_CONFIDENCE_MATCH: fuzzy score below threshold or too close to runner-up,,,77.41935483870968
faraway,Faraway,LOW_CONFIDENCE_MATCH: ambiguous: multiple BGG entries share this normalized title,,,
fake-artist-goes-new-york,A Fake Artist Goes To New York,"QUALITY_GATE: shrunk=7.10, usersrated=10805",135779,A Fake Artist Goes to New York,100.0
ticket-to-ride-india-map-collection,Ticket to Ride India: Map Collection,LOW_CONFIDENCE_MATCH: fuzzy score below threshold or too close to runner-up,,,69.6969696969697
scythe-encounters,Scythe Encounters,"LOW_CONFIDENCE_MATCH: exact match is a BGG expansion/non-base entry, out of scope -- refusing to fall back to a fuzzy match against an unrelated base game",,,100.0
oh-my-pigeons-party-game,Oh My Pigeons! Party Game,LOW_CONFIDENCE_MATCH: fuzzy score below threshold or too close to runner-up,,,70.27027027027026
sanctum-of-twilight-mansions-of-madness-2nd-ed-exp,Mansions of Madness 2nd Edition: Sanctum of Twilight Expansion,LOW_CONFIDENCE_MATCH: fuzzy score below threshold or too close to runner-up,,,65.06024096385542
mandala,Mandala,LOW_CONFIDENCE_MATCH: ambiguous: multiple BGG entries share this normalized title,,,
seti-space-agencies-expansion,SETI: Space Agencies Expansion,LOW_CONFIDENCE_MATCH: fuzzy score below threshold or too close to runner-up,,,64.15094339622642
the-quest-for-el-dorado-game,The Quest for El Dorado Game,LOW_CONFIDENCE_MATCH: fuzzy score below threshold or too close to runner-up,,,88.37209302325581
marvel-champions-iceman-hero-pack,Marvel Champions: Iceman Hero Pack,"LOW_CONFIDENCE_MATCH: exact match is a BGG expansion/non-base entry, out of scope -- refusing to fall back to a fuzzy match against an unrelated base game",,,100.0
ticket-to-ride-new-york,Ticket To Ride: New York,"QUALITY_GATE: shrunk=6.88, usersrated=7789",253284,Ticket to Ride: New York,100.0
frightmare-on-maple-lane-final-girl-exp,Frightmare on Maple Lane: Final Girl Exp.,LOW_CONFIDENCE_MATCH: fuzzy score below threshold or too close to runner-up,,,55.88235294117647
daggerheart-core-set-hardcover,Daggerheart - Core Set Hardcover,LOW_CONFIDENCE_MATCH: fuzzy score below threshold or too close to runner-up,,,60.71428571428572
final-girl-a-knock-at-the-door,Final Girl: A Knock at the Door,"LOW_CONFIDENCE_MATCH: exact match is a BGG expansion/non-base entry, out of scope -- refusing to fall back to a fuzzy match against an unrelated base game",,,100.0
clank-adventuring-party,Clank! Adventuring Party,"LOW_CONFIDENCE_MATCH: exact match is a BGG expansion/non-base entry, out of scope -- refusing to fall back to a fuzzy match against an unrelated base game",,,100.0
twilight-imperium-prophecy-of-kings-expansion,Twilight Imperium: Prophecy of Kings Expansion,LOW_CONFIDENCE_MATCH: fuzzy score below threshold or too close to runner-up,,,67.53246753246754
heat-rocky-roads,Heat - Rocky Roads,"LOW_CONFIDENCE_MATCH: exact match is a BGG expansion/non-base entry, out of scope -- refusing to fall back to a fuzzy match against an unrelated base game",,,100.0
final-girl-panic-at-station-2891,Final Girl: Panic at Station 2891,"LOW_CONFIDENCE_MATCH: exact match is a BGG expansion/non-base entry, out of scope -- refusing to fall back to a fuzzy match against an unrelated base game",,,100.0
heroquest-board-game-expansion-wizards-of-morcar-quest-pack,HeroQuest Board Game Expansion Wizards of Morcar Quest Pack,LOW_CONFIDENCE_MATCH: fuzzy score below threshold or too close to runner-up,,,55.44554455445545
santorini-board-game-2nd-edition,Santorini Board Game: 2nd Edition,LOW_CONFIDENCE_MATCH: ambiguous: multiple BGG entries share this normalized title,,,
fluxx-5-0,Fluxx 5.0,LOW_CONFIDENCE_MATCH: fuzzy score below threshold or too close to runner-up,,,71.42857142857143
bristol-1350,Bristol 1350,"QUALITY_GATE: shrunk=6.87, usersrated=2688",308989,Bristol 1350,100.0
bandida,Bandida,"QUALITY_GATE: shrunk=6.45, usersrated=1837",299571,Bandida,100.0
marvel-champions-black-widow-hero-pack,Marvel Champions: Black Widow Hero Pack,"LOW_CONFIDENCE_MATCH: exact match is a BGG expansion/non-base entry, out of scope -- refusing to fall back to a fuzzy match against an unrelated base game",,,100.0
richard-osmans-house-of-games,Richard Osman's House Of Games,"QUALITY_GATE: shrunk=6.14, usersrated=21",366246,Richard Osman's House of Games,100.0
unlock-star-wars-escape-game,Unlock! Star Wars Escape Game,LOW_CONFIDENCE_MATCH: fuzzy score below threshold or too close to runner-up,,,85.71428571428572
7-wonders-2nd-edition-cities-expansion,7 Wonders 2nd Edition: Cities Expansion,LOW_CONFIDENCE_MATCH: fuzzy score below threshold or too close to runner-up,,,68.0
horizons-of-spirit-island-standalone,Horizons of Spirit Island (Standalone),LOW_CONFIDENCE_MATCH: fuzzy score below threshold or too close to runner-up,,,81.9672131147541
harry-potter-hogwarts-battle-the-charms-and-potions-expansion,Harry Potter: Hogwarts Battle - The Charms and Potions Expansion,"LOW_CONFIDENCE_MATCH: exact match is a BGG expansion/non-base entry, out of scope -- refusing to fall back to a fuzzy match against an unrelated base game",,,100.0
spirit-island-board-game-nature-incarnate-expansion,Spirit Island Board Game: Nature Incarnate Expansion,LOW_CONFIDENCE_MATCH: fuzzy score below threshold or too close to runner-up,,,58.06451612903225
marvel-champions-the-card-game-civil-war,Marvel Champions: The Card Game Civil War,LOW_CONFIDENCE_MATCH: fuzzy score below threshold or too close to runner-up,,,76.19047619047619
captain-flip,Captain Flip,"QUALITY_GATE: shrunk=7.15, usersrated=7505",393325,Captain Flip,100.0
scythe-game-board-extension,Scythe: Game Board Extension,LOW_CONFIDENCE_MATCH: fuzzy score below threshold or too close to runner-up,,,63.1578947368421
obsession-board-game-upstairs-downstairs-expansion,"Obsession Board Game: Upstairs, Downstairs Expansion",LOW_CONFIDENCE_MATCH: fuzzy score below threshold or too close to runner-up,,,61.29032258064516
final-girl-madness-in-the-dark,Final Girl: Madness in the Dark,"LOW_CONFIDENCE_MATCH: exact match is a BGG expansion/non-base entry, out of scope -- refusing to fall back to a fuzzy match against an unrelated base game",,,100.0
new-york-zoo,New York Zoo,"QUALITY_GATE: shrunk=6.99, usersrated=10273",300877,New York Zoo,100.0
monster-box-of-monsters-expansion,Harry Potter Hogwarts Battle- The Monster Box of Monsters Expansion,"LOW_CONFIDENCE_MATCH: exact match is a BGG expansion/non-base entry, out of scope -- refusing to fall back to a fuzzy match against an unrelated base game",,,100.0
poetry-for-neanderthals,Poetry for Neanderthals,"QUALITY_GATE: shrunk=6.63, usersrated=3958",312786,Poetry for Neanderthals,100.0
grand-tour-flamme-rouge-expansion,Grand Tour: Flamme Rouge Expansion,LOW_CONFIDENCE_MATCH: fuzzy score below threshold or too close to runner-up,,,63.1578947368421
angel-hero-pack-marvel-champions,Angel Hero Pack: Marvel Champions,LOW_CONFIDENCE_MATCH: fuzzy score below threshold or too close to runner-up,,,66.66666666666667
exit-the-enchanted-forest,EXIT: The Enchanted Forest,"QUALITY_GATE: shrunk=6.91, usersrated=1721",295944,EXIT: The Game – The Enchanted Forest,100.0
ticket-to-ride-united-kingdom-pennsylvania,Ticket to Ride United Kingdom & Pennsylvania,LOW_CONFIDENCE_MATCH: fuzzy score below threshold or too close to runner-up,,,56.81818181818181
dixit-odyssey-english-only,Dixit Odyssey (English Only),LOW_CONFIDENCE_MATCH: fuzzy score below threshold or too close to runner-up,,,83.87096774193549
things-in-rings,Things in Rings,"QUALITY_GATE: shrunk=7.06, usersrated=3831",408547,Things in Rings,100.0
bang-the-dice-game,Bang! The Dice Game,"QUALITY_GATE: shrunk=6.87, usersrated=26592",143741,BANG! The Dice Game,100.0
dragonwood,Dragonwood,"QUALITY_GATE: shrunk=6.57, usersrated=5401",172933,Dragonwood,100.0
horrific-journeys-mansions-of-madness-2nd-ed-exp,Mansions of Madness 2nd Edition: Horrific Journeys Expansion,LOW_CONFIDENCE_MATCH: fuzzy score below threshold or too close to runner-up,,,61.728395061728406
luna-capital,LUNA Capital,"QUALITY_GATE: shrunk=7.04, usersrated=2068",323613,LUNA Capital,100.0
p-for-pizza,P For Pizza,"QUALITY_GATE: shrunk=6.32, usersrated=636",311330,P for Pizza,100.0
coffee-rush-piece-of-cake-expansion,Coffee Rush: Piece of Cake Expansion,LOW_CONFIDENCE_MATCH: fuzzy score below threshold or too close to runner-up,,,62.295081967213115
coup-2nd-edition-reformation-expansion,Coup 2nd Edition: Reformation Expansion,LOW_CONFIDENCE_MATCH: fuzzy score below threshold or too close to runner-up,,,69.76744186046511
what-next-the-action-adventure-board-game,What Next - The Action Adventure Board Game,LOW_CONFIDENCE_MATCH: fuzzy score below threshold or too close to runner-up,,,71.42857142857143
citadels-revised-edition,Citadels Revised Edition,LOW_CONFIDENCE_MATCH: fuzzy score below threshold or too close to runner-up,,,75.0
the-bloody-inn-the-carnies-expansion,The Bloody Inn: The Carnies Expansion,LOW_CONFIDENCE_MATCH: fuzzy score below threshold or too close to runner-up,,,66.66666666666667
film-fatale-scenario-pack-for-arkham-horror-the-card-game,Film Fatale Scenario Pack for Arkham Horror: The Card Game,LOW_CONFIDENCE_MATCH: fuzzy score below threshold or too close to runner-up,,,56.71641791044777
marvel-champions-the-card-game-silk-hero-pack,Marvel Champions: The Card Game Silk Hero Pack,"LOW_CONFIDENCE_MATCH: exact match is a BGG expansion/non-base entry, out of scope -- refusing to fall back to a fuzzy match against an unrelated base game",,,100.0
my-gold-mine,My Gold Mine,"QUALITY_GATE: shrunk=6.90, usersrated=1752",331571,My Gold Mine,100.0
azul-crystal-mosaic,Azul: Crystal Mosaic,"LOW_CONFIDENCE_MATCH: exact match is a BGG expansion/non-base entry, out of scope -- refusing to fall back to a fuzzy match against an unrelated base game",,,100.0
exit-adventures-on-catan,EXIT: Adventures on Catan,"QUALITY_GATE: shrunk=7.19, usersrated=316",437214,EXIT: The Game – Adventures on Catan,100.0
flamme-rouge-peloton-expansion-mlv,Flamme Rouge: Peloton Expansion (MLV),LOW_CONFIDENCE_MATCH: fuzzy score below threshold or too close to runner-up,,,62.295081967213115
cryptid,Cryptid,LOW_CONFIDENCE_MATCH: ambiguous: multiple BGG entries share this normalized title,,,
machi-koro-2,Machi Koro 2,"QUALITY_GATE: shrunk=7.06, usersrated=2733",340364,Machi Koro 2,100.0
seaside,Seaside,"QUALITY_GATE: shrunk=7.06, usersrated=1640",406660,Seaside,100.0
this-is-gonna-get-messy,This is Gonna Get Messy,LOW_CONFIDENCE_MATCH: fuzzy score below threshold or too close to runner-up,,,65.0
tapestry,Tapestry,LOW_CONFIDENCE_MATCH: ambiguous: multiple BGG entries share this normalized title,,,
a-feast-for-odin-the-norwegians,A Feast for Odin: The Norwegians,"LOW_CONFIDENCE_MATCH: exact match is a BGG expansion/non-base entry, out of scope -- refusing to fall back to a fuzzy match against an unrelated base game",,,100.0
stomp-the-plank,Stomp the Plank,"QUALITY_GATE: shrunk=6.87, usersrated=1029",367771,Stomp the Plank,100.0
secrets-lies-mysterium-expansion-2,Secrets & Lies: Mysterium Expansion 2,LOW_CONFIDENCE_MATCH: fuzzy score below threshold or too close to runner-up,,,66.66666666666667
summer-zed-pin,Summer Zed Pin,LOW_CONFIDENCE_MATCH: fuzzy score below threshold or too close to runner-up,,,66.66666666666667
mage-knight-boardgame-ultimate-edition,Mage Knight Boardgame Ultimate Edition,LOW_CONFIDENCE_MATCH: fuzzy score below threshold or too close to runner-up,,,84.84848484848484
carcassonne-dragon-fairy-exp-3-2025,Carcassonne: Dragon & Fairy - Exp 3 (2025),LOW_CONFIDENCE_MATCH: fuzzy score below threshold or too close to runner-up,,,68.75
catan-6th-edition-5-6-player-expansion,CATAN 6th Edition 5-6 Player Expansion,"LOW_CONFIDENCE_MATCH: exact match is a BGG expansion/non-base entry, out of scope -- refusing to fall back to a fuzzy match against an unrelated base game",,,100.0
beyond-threshold-mansions-madness,Mansions of Madness 2nd Edition: Beyond the Threshold Expansion,LOW_CONFIDENCE_MATCH: fuzzy score below threshold or too close to runner-up,,,72.5
gloom-card-game-2nd-edition,Gloom! Card Game 2nd Edition,"QUALITY_GATE: shrunk=6.33, usersrated=16561",12692,Gloom,100.0
twilight-imperium-4th-edition,Twilight Imperium 4th Edition,"QUALITY_GATE: shrunk=6.57, usersrated=728",24,Twilight Imperium,100.0
the-fox-in-the-forest-duet,The Fox in the Forest Duet,"QUALITY_GATE: shrunk=6.95, usersrated=4446",288169,The Fox in the Forest Duet,100.0
obsession-board-game-2nd-edition-wessex-expansion,Obsession Board Game: 2nd Edition Wessex Expansion,"LOW_CONFIDENCE_MATCH: exact match is a BGG expansion/non-base entry, out of scope -- refusing to fall back to a fuzzy match against an unrelated base game",,,100.0
cdsk,CDSK,"QUALITY_GATE: shrunk=7.05, usersrated=497",383789,CDSK,100.0
hidden-signs-mysterium-expansion-1,Hidden Signs: Mysterium Expansion 1,LOW_CONFIDENCE_MATCH: fuzzy score below threshold or too close to runner-up,,,61.76470588235294
scythe-the-rise-of-fenris,Scythe: The Rise of Fenris,"LOW_CONFIDENCE_MATCH: exact match is a BGG expansion/non-base entry, out of scope -- refusing to fall back to a fuzzy match against an unrelated base game",,,100.0
bus-complete-edition,BUS: Complete Edition,LOW_CONFIDENCE_MATCH: fuzzy score below threshold or too close to runner-up,,,81.81818181818181
blood-on-the-clocktower-the-carousel,Blood on the Clocktower: The Carousel,LOW_CONFIDENCE_MATCH: fuzzy score below threshold or too close to runner-up,,,80.85106382978724
twilight-imperium-thunders-edge,Twilight Imperium - Thunder's Edge,LOW_CONFIDENCE_MATCH: fuzzy score below threshold or too close to runner-up,,,76.19047619047619
war-of-the-ring-2nd-edition,War of the Ring 2nd Edition,LOW_CONFIDENCE_MATCH: ambiguous: multiple BGG entries share this normalized title,,,
tally-up,Tally Up!,"QUALITY_GATE: shrunk=6.63, usersrated=267",460372,Tally Up,100.0
trial-by-trolley,Trial by Trolley,"QUALITY_GATE: shrunk=6.00, usersrated=4625",282171,Trial by Trolley,100.0
3-chapters,3 Chapters,"QUALITY_GATE: shrunk=7.01, usersrated=2628",423517,3 Chapters,100.0
marvel-champions-agents-of-s-h-i-e-l-d-expansion,Marvel Champions: Agents of S.H.I.E.L.D Expansion,LOW_CONFIDENCE_MATCH: fuzzy score below threshold or too close to runner-up,,,58.22784810126582
mansions-of-madness-path-of-the-serpent-2nd-edition-expansion,Mansions of Madness: Path of the Serpent 2nd Edition Expansion,LOW_CONFIDENCE_MATCH: fuzzy score below threshold or too close to runner-up,,,70.88607594936708
akropolis,Akropolis,LOW_CONFIDENCE_MATCH: ambiguous: multiple BGG entries share this normalized title,,,
deep-sea-adventure-boost,Deep Sea Adventure Boost,"QUALITY_GATE: shrunk=7.06, usersrated=687",427866,Deep Sea Adventure Boost,100.0
carnage-at-the-carnival-final-girl-exp,Carnage at the Carnival: Final Girl Exp.,LOW_CONFIDENCE_MATCH: fuzzy score below threshold or too close to runner-up,,,64.0
exit-lotr-shadows-over-middle-earth,EXiT: LOTR - Shadows over Middle-earth,LOW_CONFIDENCE_MATCH: fuzzy score below threshold or too close to runner-up,,,86.07594936708861
haunting-of-creech-manor-final-girl-exp,Haunting of Creech Manor: Final Girl Exp.,LOW_CONFIDENCE_MATCH: fuzzy score below threshold or too close to runner-up,,,58.06451612903225
lord-of-the-rings-lcg-the-dark-of-mirkwood-scenario-pack,Lord of the Rings LCG: The Dark of Mirkwood Scenario Pack,LOW_CONFIDENCE_MATCH: fuzzy score below threshold or too close to runner-up,,,58.69565217391304
thats-not-a-hat-card-game,That's Not A Hat! Card Game,"QUALITY_GATE: shrunk=6.97, usersrated=7063",375651,That's Not a Hat,100.0
lost-ruins-of-arnak-expedition-leaders-expansion,Lost Ruins of Arnak: Expedition Leaders Expansion,LOW_CONFIDENCE_MATCH: fuzzy score below threshold or too close to runner-up,,,72.52747252747253
star-wars-outer-rim-unfinished-business-expansion,Star Wars: Outer Rim - Unfinished Business Expansion,LOW_CONFIDENCE_MATCH: fuzzy score below threshold or too close to runner-up,,,57.14285714285714
marvel-champions-the-card-game-black-panther,Marvel Champions: The Card Game Black Panther,LOW_CONFIDENCE_MATCH: fuzzy score below threshold or too close to runner-up,,,69.56521739130434
tinderblox,Tinderblox,"QUALITY_GATE: shrunk=6.75, usersrated=3235",295192,Tinderblox,100.0
zatu-small-hexagonal-dice-tray-orange-black,Zatu Small Hexagonal Dice Tray - Orange/Black,LOW_CONFIDENCE_MATCH: fuzzy score below threshold or too close to runner-up,,,53.84615384615385
telestrations-2025-refresh,Telestrations 2025 Refresh,LOW_CONFIDENCE_MATCH: fuzzy score below threshold or too close to runner-up,,,66.66666666666667
wingspan-board-game-nesting-box,Wingspan Board Game: Nesting Box,LOW_CONFIDENCE_MATCH: fuzzy score below threshold or too close to runner-up,,,68.75
heat-legends,Heat: Legends,"LOW_CONFIDENCE_MATCH: exact match is a BGG expansion/non-base entry, out of scope -- refusing to fall back to a fuzzy match against an unrelated base game",,,100.0
exit-the-stormy-flight,EXIT: The Stormy Flight,"QUALITY_GATE: shrunk=6.77, usersrated=1526",283797,EXIT: The Game – The Stormy Flight,100.0
7-wonders-2nd-edition-leaders-expansion,7 Wonders 2nd Edition: Leaders Expansion,LOW_CONFIDENCE_MATCH: fuzzy score below threshold or too close to runner-up,,,73.07692307692308
crossroads-forgotten-waters,Crossroads: Forgotten Waters,LOW_CONFIDENCE_MATCH: fuzzy score below threshold or too close to runner-up,,,74.4186046511628
lairs-lost-chambers-clank-catacombs-exp,Lairs & Lost Chambers: Clank!: Catacombs Exp,LOW_CONFIDENCE_MATCH: fuzzy score below threshold or too close to runner-up,,,57.53424657534247
ligretto-red,Ligretto Red,LOW_CONFIDENCE_MATCH: fuzzy score below threshold or too close to runner-up,,,80.0
tacta,Tacta,"QUALITY_GATE: shrunk=6.67, usersrated=2317",401636,Tacta,100.0
power-king-tokyo-expansion,Power Up! King of Tokyo Expansion,LOW_CONFIDENCE_MATCH: fuzzy score below threshold or too close to runner-up,,,62.06896551724138
paris-la-cite-de-la-lumiere-city-of-light,Paris - La Cite de la Lumiere (City of Light),LOW_CONFIDENCE_MATCH: fuzzy score below threshold or too close to runner-up,,,79.41176470588236
trio,Trio,LOW_CONFIDENCE_MATCH: ambiguous: multiple BGG entries share this normalized title,,,
hansa-teutonica-big-box-german-english,Hansa Teutonica Big Box (German/English),LOW_CONFIDENCE_MATCH: fuzzy score below threshold or too close to runner-up,,,81.08108108108108
earthborne-rangers-stewards-of-the-valley,Earthborne Rangers: Stewards of the Valley,"LOW_CONFIDENCE_MATCH: exact match is a BGG expansion/non-base entry, out of scope -- refusing to fall back to a fuzzy match against an unrelated base game",,,100.0
nekojima,Nekojima,"QUALITY_GATE: shrunk=7.10, usersrated=2307",359029,Nekojima,100.0
streets-of-arkham-mansions-madness-2nd-ed-exp,Mansions of Madness 2nd Edition: Streets of Arkham Expansion,LOW_CONFIDENCE_MATCH: fuzzy score below threshold or too close to runner-up,,,66.66666666666667
forsaken-lore-eldritch-horror-exp,Forsaken Lore: Eldritch Horror Exp,LOW_CONFIDENCE_MATCH: fuzzy score below threshold or too close to runner-up,,,62.96296296296296
221b-baker-street,221B baker Street,"QUALITY_GATE: shrunk=6.02, usersrated=3372",1275,221B Baker Street: The Master Detective Game,95.0
flash-point-fire-rescue-2nd-edition,Flash Point Fire Rescue 2nd Edition,"QUALITY_GATE: shrunk=7.14, usersrated=25469",100901,Flash Point: Fire Rescue,100.0
caverna,Caverna,"QUALITY_GATE: shrunk=6.51, usersrated=5",402979,Cavern,92.3076923076923
mountain-goats,Mountain Goats,"QUALITY_GATE: shrunk=6.84, usersrated=5908",63975,Mountain Goats,100.0
sanctuary-tile-game,Sanctuary Tile Game,LOW_CONFIDENCE_MATCH: fuzzy score below threshold or too close to runner-up,,,73.33333333333334
final-girl-once-upon-a-full-moon,Final Girl: Once Upon a Full Moon,"LOW_CONFIDENCE_MATCH: exact match is a BGG expansion/non-base entry, out of scope -- refusing to fall back to a fuzzy match against an unrelated base game",,,100.0
junior-colourbrain,Junior Colourbrain,"QUALITY_GATE: shrunk=6.34, usersrated=25",327600,Junior Colourbrain,100.0
ligretto-green,Ligretto Green,LOW_CONFIDENCE_MATCH: fuzzy score below threshold or too close to runner-up,,,75.0
the-lost-expedition,The Lost Expedition,"QUALITY_GATE: shrunk=7.02, usersrated=8114",216459,The Lost Expedition,100.0
sorry-what-family-edition,"Sorry, What?! Family Edition",LOW_CONFIDENCE_MATCH: fuzzy score below threshold or too close to runner-up,,,79.24528301886792
marvel-champions-the-card-game-falcon-hero-pack,Marvel Champions: The Card Game Falcon Hero Pack,"LOW_CONFIDENCE_MATCH: exact match is a BGG expansion/non-base entry, out of scope -- refusing to fall back to a fuzzy match against an unrelated base game",,,100.0
memoir-44,Memoir '44 Refresh,LOW_CONFIDENCE_MATCH: fuzzy score below threshold or too close to runner-up,,,69.23076923076923
perudo-tin,Perudo Tin,LOW_CONFIDENCE_MATCH: fuzzy score below threshold or too close to runner-up,,,75.0
love-letter-classic-eco-box,Love Letter Classic Eco Box,LOW_CONFIDENCE_MATCH: fuzzy score below threshold or too close to runner-up,,,66.66666666666667
tiny-epic-zombies,Tiny Epic Zombies,"QUALITY_GATE: shrunk=6.94, usersrated=6164",244536,Tiny Epic Zombies,100.0
dixit-exp-9-anniversary,Dixit: Anniversary Expansion,LOW_CONFIDENCE_MATCH: fuzzy score below threshold or too close to runner-up,,,67.9245283018868
marvel-champions-gambit-hero-pack,Marvel Champions: Gambit Hero Pack,"LOW_CONFIDENCE_MATCH: exact match is a BGG expansion/non-base entry, out of scope -- refusing to fall back to a fuzzy match against an unrelated base game",,,100.0
dobble-kids,Dobble Kids - 55 Card Version,LOW_CONFIDENCE_MATCH: fuzzy score below threshold or too close to runner-up,,,66.66666666666667
dobble-beach,Dobble Beach,LOW_CONFIDENCE_MATCH: fuzzy score below threshold or too close to runner-up,,,72.72727272727273
dobble-animals,Dobble Animals,LOW_CONFIDENCE_MATCH: fuzzy score below threshold or too close to runner-up,,,78.57142857142857
my-first-castle-panic,My First Castle Panic,"QUALITY_GATE: shrunk=6.40, usersrated=1367",267314,My First Castle Panic,100.0
startups,Startups,LOW_CONFIDENCE_MATCH: ambiguous: multiple BGG entries share this normalized title,,,
the-missing-expedition-lost-ruins-of-arnak-expansion,The Missing Expedition: Lost Ruins of Arnak Expansion,LOW_CONFIDENCE_MATCH: fuzzy score below threshold or too close to runner-up,,,63.73626373626373
castle-panic-2nd-edition,Castle Panic 2nd Edition,LOW_CONFIDENCE_MATCH: ambiguous: multiple BGG entries share this normalized title,,,
power-grid-recharged,Power Grid: Recharged,LOW_CONFIDENCE_MATCH: fuzzy score below threshold or too close to runner-up,,,74.28571428571429
rhino-hero-super-battle,Rhino Hero Super Battle,"QUALITY_GATE: shrunk=7.19, usersrated=6047",218333,Rhino Hero: Super Battle,100.0
cards-against-humanity-family-edition,Cards Against Humanity Family Edition,"QUALITY_GATE: shrunk=6.18, usersrated=409",317367,Cards Against Humanity: Family Edition,100.0
dixit-expansion-5-daydream,Dixit Expansion 5: Daydream,LOW_CONFIDENCE_MATCH: fuzzy score below threshold or too close to runner-up,,,61.904761904761905
koriko-a-magical-year-boxed-edition,Koriko: A Magical Year - Boxed Edition,LOW_CONFIDENCE_MATCH: fuzzy score below threshold or too close to runner-up,,,65.67164179104478
welcome-to-the-dungeon,Welcome to the Dungeon,"QUALITY_GATE: shrunk=6.52, usersrated=15137",150312,Welcome to the Dungeon,100.0
the-traitors-uk-the-official-board-game,The Traitors (UK) The Official Board Game,LOW_CONFIDENCE_MATCH: fuzzy score below threshold or too close to runner-up,,,76.92307692307692
immortality-dune-imperium-expansion,Immortality - Dune: Imperium Expansion,LOW_CONFIDENCE_MATCH: fuzzy score below threshold or too close to runner-up,,,58.62068965517242
mice-and-mystics,Mice and Mystics,"QUALITY_GATE: shrunk=7.20, usersrated=20611",124708,Mice and Mystics,100.0
fire-tower-2,Fire Tower,"QUALITY_GATE: shrunk=7.05, usersrated=2934",226605,Fire Tower,100.0
king-of-tokyo-duel,King of Tokyo Duel,"QUALITY_GATE: shrunk=7.10, usersrated=2666",422484,King of Tokyo: Duel,100.0
my-favorite-things-card-game-2nd-edition,My Favorite Things Card Game: 2nd Edition,"QUALITY_GATE: shrunk=7.12, usersrated=1038",188530,My Favourite Things,97.2972972972973
marvel-champions-ironheart-hero-pack,Marvel Champions: Ironheart Hero Pack,"LOW_CONFIDENCE_MATCH: exact match is a BGG expansion/non-base entry, out of scope -- refusing to fall back to a fuzzy match against an unrelated base game",,,100.0
meteo-flamme-rouge,Meteo: Flamme Rouge,LOW_CONFIDENCE_MATCH: fuzzy score below threshold or too close to runner-up,,,80.0
the-binding-of-isaac-four-souls-expansion-pack,The Binding of Isaac: Four Souls Expansion Pack,LOW_CONFIDENCE_MATCH: fuzzy score below threshold or too close to runner-up,,,76.19047619047619
terraforming-mars-turmoil,Terraforming Mars: Turmoil,"LOW_CONFIDENCE_MATCH: exact match is a BGG expansion/non-base entry, out of scope -- refusing to fall back to a fuzzy match against an unrelated base game",,,100.0
race-across-the-world,Race Across The World,"QUALITY_GATE: shrunk=6.24, usersrated=26",427558,Race Across The World,100.0
final-girl-terror-from-the-grave-vignette,Final Girl: Terror From The Grave (Vignette),LOW_CONFIDENCE_MATCH: fuzzy score below threshold or too close to runner-up,,,59.74025974025974
earthborne-rangers-legacy-of-the-ancestors,Earthborne Rangers Legacy of the Ancestors,"LOW_CONFIDENCE_MATCH: exact match is a BGG expansion/non-base entry, out of scope -- refusing to fall back to a fuzzy match against an unrelated base game",,,100.0
catan-seafarers-expansion-6th-edition,CATAN Seafarers Expansion 6th Edition,LOW_CONFIDENCE_MATCH: fuzzy score below threshold or too close to runner-up,,,72.72727272727273
zatu-tote-bag,Zatu Tote Bag,LOW_CONFIDENCE_MATCH: fuzzy score below threshold or too close to runner-up,,,66.66666666666667
arkham-horror-the-card-game-children-of-blood-small-campaign-expansion,Arkham Horror: The Card Game - Children of Blood Small Campaign Expansion,"LOW_CONFIDENCE_MATCH: exact match is a BGG expansion/non-base entry, out of scope -- refusing to fall back to a fuzzy match against an unrelated base game",,,100.0
colourbrain-mini,Colourbrain Mini,"QUALITY_GATE: shrunk=6.44, usersrated=5",376031,Mini Colourbrain,100.0
exit-theft-on-the-mississippi,EXIT: Theft on the Mississippi,"QUALITY_GATE: shrunk=7.02, usersrated=1771",283934,EXIT: The Game – Theft on the Mississippi,100.0
deep-regrets-lamentable-tentacles-mini-expansion,Deep Regrets Lamentable Tentacles Mini Expansion,"LOW_CONFIDENCE_MATCH: exact match is a BGG expansion/non-base entry, out of scope -- refusing to fall back to a fuzzy match against an unrelated base game",,,100.0
ticket-ride-map-collection-volume-3-heart-africa,Ticket To Ride Map Collection: Volume 3 - Heart Of Africa,LOW_CONFIDENCE_MATCH: fuzzy score below threshold or too close to runner-up,,,58.33333333333333
cult-death-knight-escape-dark-castle-exp,Adventure Pack 1: Cult of the Death Knight: Escape the Dark Castle Exp.,LOW_CONFIDENCE_MATCH: fuzzy score below threshold or too close to runner-up,,,57.77777777777777
carcassonne-sheep-shepherds-exp-9-2025,Carcassonne: Sheep & Shepherds - Exp 9 (2025),LOW_CONFIDENCE_MATCH: fuzzy score below threshold or too close to runner-up,,,68.57142857142857
final-girl-series-2-game-mat-bundle,Final Girl Series 2: Game Mat Bundle,LOW_CONFIDENCE_MATCH: fuzzy score below threshold or too close to runner-up,,,61.76470588235294
unmatched-bruce-lee-vs-muhammad-ali,Unmatched: Bruce Lee vs Muhammad Ali,LOW_CONFIDENCE_MATCH: fuzzy score below threshold or too close to runner-up,,,72.72727272727273
oathsworn-into-the-deepwood-standee-base-game,Oathsworn: Into The Deepwood - Standee Base Game,LOW_CONFIDENCE_MATCH: fuzzy score below threshold or too close to runner-up,,,71.875
men-at-work,Men at Work,"QUALITY_GATE: shrunk=7.18, usersrated=3906",261114,Men at Work,100.0
rummikub-mini-pouch,Rummikub Mini Pouch,LOW_CONFIDENCE_MATCH: fuzzy score below threshold or too close to runner-up,,,64.70588235294117
unstoppable-tyrants-end,Unstoppable: Tyrant's End,"LOW_CONFIDENCE_MATCH: exact match is a BGG expansion/non-base entry, out of scope -- refusing to fall back to a fuzzy match against an unrelated base game",,,100.0
whirly-derby,Whirly Derby,"QUALITY_GATE: shrunk=6.57, usersrated=298",449137,Whirly Derby,100.0
fugitive-2nd-edition,Fugitive - 2nd Edition,LOW_CONFIDENCE_MATCH: ambiguous: multiple BGG entries share this normalized title,,,
were-doomed,We're Doomed,"QUALITY_GATE: shrunk=6.39, usersrated=1294",264806,We're Doomed!,100.0
kiri-ai-the-duel,Kiri-Ai: The Duel,"QUALITY_GATE: shrunk=6.92, usersrated=736",387769,Kiri-ai: The Duel,100.0
mr-listers-quiz-shootout,Mr. Lister's Quiz Shootout,"QUALITY_GATE: shrunk=6.31, usersrated=395",182635,Mr Lister's Quiz Shootout,100.0
munchkin-card-game,Munchkin,"QUALITY_GATE: shrunk=5.88, usersrated=53639",1927,Munchkin,100.0
terraforming-mars-prelude-2,Terraforming Mars: Prelude 2,"LOW_CONFIDENCE_MATCH: exact match is a BGG expansion/non-base entry, out of scope -- refusing to fall back to a fuzzy match against an unrelated base game",,,100.0
here-to-slay-base-game,Here To Slay Base Game,LOW_CONFIDENCE_MATCH: fuzzy score below threshold or too close to runner-up,,,70.58823529411764
paleo,Paleo,LOW_CONFIDENCE_MATCH: ambiguous: multiple BGG entries share this normalized title,,,
kariba,Kariba,"QUALITY_GATE: shrunk=7.00, usersrated=2820",84732,Kariba,100.0
exit-house-of-riddles,EXIT: The House of Riddles,"QUALITY_GATE: shrunk=6.83, usersrated=1840",226519,EXIT: The Game – The House of Riddles,100.0
unlock-12-supernatural-adventures,Unlock! 12 Supernatural Adventures,"QUALITY_GATE: shrunk=6.55, usersrated=613",402373,Unlock!: Supernatural Adventures,95.23809523809523
catan-cities-and-knights-expansion-6th-edition,CATAN Cities and Knights Expansion 6th Edition,LOW_CONFIDENCE_MATCH: fuzzy score below threshold or too close to runner-up,,,64.15094339622642
confident-uk-edition,Confident? UK Edition,LOW_CONFIDENCE_MATCH: fuzzy score below threshold or too close to runner-up,,,69.76744186046511
my-first-carcassonne,My First Carcassonne,"QUALITY_GATE: shrunk=6.65, usersrated=4934",41010,My First Carcassonne,100.0
iliad,Iliad,LOW_CONFIDENCE_MATCH: ambiguous: multiple BGG entries share this normalized title,,,
skyjo,SKYJO,"QUALITY_GATE: shrunk=6.63, usersrated=6985",204135,Skyjo,100.0
ticket-to-ride-usa-1910-expansion,Ticket To Ride USA 1910 Expansion,LOW_CONFIDENCE_MATCH: fuzzy score below threshold or too close to runner-up,,,67.9245283018868
mass-effect-the-board-game-priority-hagalaz,Mass Effect The Board Game: Priority Hagalaz,"QUALITY_GATE: shrunk=6.66, usersrated=844",416266,Mass Effect: The Board Game – Priority: Hagalaz,100.0
obsession-board-game-characters-expansion,Obsession Board Game: Characters Expansion,"LOW_CONFIDENCE_MATCH: exact match is a BGG expansion/non-base entry, out of scope -- refusing to fall back to a fuzzy match against an unrelated base game",,,100.0
ligretto-blue,Ligretto Blue,LOW_CONFIDENCE_MATCH: fuzzy score below threshold or too close to runner-up,,,78.26086956521739
sounds-fishy,Sounds Fishy,"QUALITY_GATE: shrunk=6.72, usersrated=1744",359893,Sounds Fishy,100.0
strange-remnants-eldritch-horror-exp,Strange Remnants: Eldritch Horror Exp,LOW_CONFIDENCE_MATCH: fuzzy score below threshold or too close to runner-up,,,66.66666666666667
evolution-climate,Evolution: Climate Standalone Game,LOW_CONFIDENCE_MATCH: fuzzy score below threshold or too close to runner-up,,,68.0
monopoly-deal-refresh-2024,Monopoly Deal Refresh,LOW_CONFIDENCE_MATCH: fuzzy score below threshold or too close to runner-up,,,76.47058823529412
micromacro-crime-city-bonus-box,MicroMacro: Crime City - Bonus Box,"LOW_CONFIDENCE_MATCH: exact match is a BGG expansion/non-base entry, out of scope -- refusing to fall back to a fuzzy match against an unrelated base game",,,100.0
castle-combo-out-of-the-oubliette,Castle Combo: Out of the Oubliette,"LOW_CONFIDENCE_MATCH: exact match is a BGG expansion/non-base entry, out of scope -- refusing to fall back to a fuzzy match against an unrelated base game",,,100.0
downforce-wild-ride-expansion,Downforce: Wild Ride Expansion,LOW_CONFIDENCE_MATCH: fuzzy score below threshold or too close to runner-up,,,65.38461538461539
7-wonders-architects,7 Wonders Architects,"QUALITY_GATE: shrunk=7.03, usersrated=14081",346703,7 Wonders: Architects,100.0
slaughter-in-the-groves-final-girl-exp,Slaughter in the Groves: Final Girl Exp.,LOW_CONFIDENCE_MATCH: fuzzy score below threshold or too close to runner-up,,,64.28571428571428
destinies-myth-folklore,Destinies - Myth & Folklore,"LOW_CONFIDENCE_MATCH: exact match is a BGG expansion/non-base entry, out of scope -- refusing to fall back to a fuzzy match against an unrelated base game",,,100.0
imploding-kittens-exploding-kittens-exp,Imploding Kittens: Exploding Kittens Exp,LOW_CONFIDENCE_MATCH: fuzzy score below threshold or too close to runner-up,,,69.56521739130434
llama-board-game,Llama Card Game,LOW_CONFIDENCE_MATCH: ambiguous: multiple BGG entries share this title as a prefix,,,72.72727272727273
tapestry-plans-ploys,Tapestry: Plans & Ploys,"LOW_CONFIDENCE_MATCH: exact match is a BGG expansion/non-base entry, out of scope -- refusing to fall back to a fuzzy match against an unrelated base game",,,100.0
obama-llama-2-mini,Obama Llama 2 Mini,LOW_CONFIDENCE_MATCH: fuzzy score below threshold or too close to runner-up,,,83.87096774193549
diced-veggies,Diced Veggies,"QUALITY_GATE: shrunk=6.86, usersrated=2373",381356,Diced Veggies,100.0
sos-dino,SOS Dino,"QUALITY_GATE: shrunk=6.80, usersrated=845",244320,SOS Dino,100.0
linkee,Linkee,LOW_CONFIDENCE_MATCH: ambiguous: multiple BGG entries share this normalized title,,,
welcome-to-your-perfect-home-2nd-edition,Welcome To Your Perfect Home: 2nd Edition,LOW_CONFIDENCE_MATCH: fuzzy score below threshold or too close to runner-up,,,66.66666666666667
munchkin-deluxe,Munchkin Deluxe,LOW_CONFIDENCE_MATCH: ambiguous: multiple BGG entries share this normalized title,,,
unlock-14-enchanted-adventures,Unlock! 14 Enchanted Adventures,"QUALITY_GATE: shrunk=6.86, usersrated=255",455101,Unlock!: Enchanted Adventures,94.73684210526316
star-wars-edge-of-the-empire-rpg-roleplaying-dice-edge-studio-edition,Star Wars Edge of the Empire RPG: Roleplaying Dice (Edge Studio Edition),LOW_CONFIDENCE_MATCH: fuzzy score below threshold or too close to runner-up,,,57.14285714285714
monster-pack-survive-the-island-expansion,Monster Pack: Survive The Island Expansion,LOW_CONFIDENCE_MATCH: fuzzy score below threshold or too close to runner-up,,,60.24096385542168
dino-dump,Dino Dump,"QUALITY_GATE: shrunk=6.14, usersrated=80",265583,Dino Dump,100.0
exit-the-cursed-labyrinth,Exit: The Cursed Labyrinth,"QUALITY_GATE: shrunk=6.64, usersrated=822",317432,EXIT: The Game – The Cursed Labyrinth,100.0
herd-mentality-mini,Herd Mentality Mini,LOW_CONFIDENCE_MATCH: fuzzy score below threshold or too close to runner-up,,,84.84848484848484
marvel-x-men-dice-throne-box-1,Marvel X-Men Dice Throne Box 1,LOW_CONFIDENCE_MATCH: fuzzy score below threshold or too close to runner-up,,,89.28571428571429
worms-the-board-game,Worms: The Board Game,"QUALITY_GATE: shrunk=7.00, usersrated=767",397788,Worms: The Board Game,100.0
air-land-sea-revised-edition,"Air, Land & Sea: Revised Edition",LOW_CONFIDENCE_MATCH: fuzzy score below threshold or too close to runner-up,,,70.76923076923076
friday,Friday,"QUALITY_GATE: shrunk=7.11, usersrated=23356",43570,Friday,100.0
saboteur-20-years-jubilee-edition,Saboteur 20 Years Jubilee Edition,LOW_CONFIDENCE_MATCH: fuzzy score below threshold or too close to runner-up,,,63.33333333333333
kluster-duo,Kluster Duo,"QUALITY_GATE: shrunk=6.46, usersrated=259",408383,Kluster Duo,100.0
pina-coladice,Pina Coladice,"QUALITY_GATE: shrunk=6.78, usersrated=1937",415054,Piña Coladice,100.0
everdell-newleaf,Everdell: Newleaf,"LOW_CONFIDENCE_MATCH: exact match is a BGG expansion/non-base entry, out of scope -- refusing to fall back to a fuzzy match against an unrelated base game",,,100.0
even-deeper-regrets,Even Deeper Regrets,"LOW_CONFIDENCE_MATCH: exact match is a BGG expansion/non-base entry, out of scope -- refusing to fall back to a fuzzy match against an unrelated base game",,,100.0
quoridor-mini-uk-ireland-only,Quoridor Mini,LOW_CONFIDENCE_MATCH: fuzzy score below threshold or too close to runner-up,,,78.57142857142857
marvel-x-men-dice-throne-box-2,Marvel X-Men Dice Throne Box 2,LOW_CONFIDENCE_MATCH: fuzzy score below threshold or too close to runner-up,,,89.28571428571429
cthulhu-death-may-die-season-4,Cthulhu: Death May Die - Season 4,LOW_CONFIDENCE_MATCH: fuzzy score below threshold or too close to runner-up,,,82.35294117647058
warhammer-quest-darkwater,Warhammer Quest: Darkwater,"QUALITY_GATE: shrunk=7.16, usersrated=178",458181,Warhammer Quest: Darkwater,100.0
tiny-epic-dungeons-stories-expansion,Tiny Epic Dungeons Stories Expansion,LOW_CONFIDENCE_MATCH: fuzzy score below threshold or too close to runner-up,,,66.66666666666667
7-wonders-2nd-edition-armada-expansion,7 Wonders 2nd Edition: Armada Expansion,LOW_CONFIDENCE_MATCH: fuzzy score below threshold or too close to runner-up,,,64.15094339622642
doppelt-so-clever,Doppelt so clever,LOW_CONFIDENCE_MATCH: fuzzy score below threshold or too close to runner-up,,,64.86486486486487
escape-the-dark-castle-adventure-pack-3-blight-of-the-plague-lord,Escape the Dark Castle: Adventure Pack 3 - Blight of the Plague Lord,"LOW_CONFIDENCE_MATCH: exact match is a BGG expansion/non-base entry, out of scope -- refusing to fall back to a fuzzy match against an unrelated base game",,,100.0
rummikub-travel,Rummikub Travel,LOW_CONFIDENCE_MATCH: fuzzy score below threshold or too close to runner-up,,,75.86206896551724
rivals-for-catan,Rivals for Catan,"QUALITY_GATE: shrunk=6.93, usersrated=8541",66056,Rivals for Catan,100.0
the-lost-words-card-game,The Lost Words - Card Game,"QUALITY_GATE: shrunk=5.99, usersrated=75",317847,The Lost Words,100.0
ticket-to-ride-france-old-west-map-collection,Ticket To Ride France & Old West: Map Collection,LOW_CONFIDENCE_MATCH: fuzzy score below threshold or too close to runner-up,,,62.7906976744186
tortuga-1667,Tortuga 1667,"QUALITY_GATE: shrunk=6.86, usersrated=4217",218530,Tortuga 1667,100.0
tokaido-duo-stonemaier-edition,Tokaido Duo Stonemaier Edition,LOW_CONFIDENCE_MATCH: fuzzy score below threshold or too close to runner-up,,,65.57377049180329
canasta,Canasta,"QUALITY_GATE: shrunk=6.45, usersrated=1658",17104,Canasta,100.0
cthulu-death-may-die-season-2-expansion,Cthulhu: Death May Die - Season 2 Expansion,"LOW_CONFIDENCE_MATCH: exact match is a BGG expansion/non-base entry, out of scope -- refusing to fall back to a fuzzy match against an unrelated base game",,,100.0
word-slam-midnight,Word Slam Midnight,"QUALITY_GATE: shrunk=6.70, usersrated=165",255678,Word Slam Midnight,100.0
mycelia-game,Mycelia Game,LOW_CONFIDENCE_MATCH: fuzzy score below threshold or too close to runner-up,,,81.81818181818181
lure-2,Lure,LOW_CONFIDENCE_MATCH: ambiguous: multiple BGG entries share this normalized title,,,
coloretto,Coloretto,LOW_CONFIDENCE_MATCH: ambiguous: multiple BGG entries share this normalized title,,,
dragons-of-etchinstone-campaign-bundle,Dragons Of Etchinstone: Campaign Bundle,LOW_CONFIDENCE_MATCH: fuzzy score below threshold or too close to runner-up,,,73.33333333333334
giant-pass-the-pigs,Giant Pass the Pigs,LOW_CONFIDENCE_MATCH: fuzzy score below threshold or too close to runner-up,,,78.57142857142857
rat-a-tat-cat,Rat-A-Tat-Cat,"QUALITY_GATE: shrunk=6.27, usersrated=4367",3837,Rat-a-Tat Cat,100.0
bang-4th-edition-card-game,Bang! 4th Edition Card Game,LOW_CONFIDENCE_MATCH: ambiguous: multiple BGG entries share this normalized title,,,
beacon-patrol,Beacon Patrol,"QUALITY_GATE: shrunk=7.04, usersrated=2686",362976,Beacon Patrol,100.0
final-girl-north-pole-nightmare,Final Girl: North Pole Nightmare,"LOW_CONFIDENCE_MATCH: exact match is a BGG expansion/non-base entry, out of scope -- refusing to fall back to a fuzzy match against an unrelated base game",,,100.0
wingspan-fan-designed-packs,Wingspan Fan Designed Packs,LOW_CONFIDENCE_MATCH: fuzzy score below threshold or too close to runner-up,,,60.46511627906976
bristol-1350-deluxe,Bristol 1350 Deluxe,"QUALITY_GATE: shrunk=6.87, usersrated=2688",308989,Bristol 1350,100.0
marvel-champions-the-galaxys-most-wanted-expansion,Marvel Champions: The Galaxy's Most Wanted Expansion,LOW_CONFIDENCE_MATCH: fuzzy score below threshold or too close to runner-up,,,62.745098039215684
river-valley-glassworks-river-glass-and-other-sundries,River Valley Glassworks: River Glass and Other Sundries,"LOW_CONFIDENCE_MATCH: exact match is a BGG expansion/non-base entry, out of scope -- refusing to fall back to a fuzzy match against an unrelated base game",,,100.0
star-trek-captains-chair-card-game-second-contact,Star Trek: Captain's Chair Card Game Second Contact,"LOW_CONFIDENCE_MATCH: exact match is a BGG expansion/non-base entry, out of scope -- refusing to fall back to a fuzzy match against an unrelated base game",,,100.0
zatu-mega-box,Zatu Mega Box,LOW_CONFIDENCE_MATCH: fuzzy score below threshold or too close to runner-up,,,66.66666666666667
linkee-generations,Linkee Generations,LOW_CONFIDENCE_MATCH: fuzzy score below threshold or too close to runner-up,,,84.84848484848484
popcorn,Popcorn,LOW_CONFIDENCE_MATCH: ambiguous: multiple BGG entries share this normalized title,,,
onirim,Onirim,"QUALITY_GATE: shrunk=6.62, usersrated=6761",71836,Onirim,100.0
dune-imperium-deluxe-upgrade-pack,Dune Imperium: Deluxe Upgrade Pack,LOW_CONFIDENCE_MATCH: fuzzy score below threshold or too close to runner-up,,,70.83333333333333
spirit-island-feather-flame,Spirit Island: Feather & Flame,"LOW_CONFIDENCE_MATCH: exact match is a BGG expansion/non-base entry, out of scope -- refusing to fall back to a fuzzy match against an unrelated base game",,,100.0
corks-family-party-game,Corks Family Party Game,LOW_CONFIDENCE_MATCH: fuzzy score below threshold or too close to runner-up,,,84.0
clank-catacombs-underworld,Clank! Catacombs: Underworld!,"LOW_CONFIDENCE_MATCH: exact match is a BGG expansion/non-base entry, out of scope -- refusing to fall back to a fuzzy match against an unrelated base game",,,100.0
grand-austria-hotel-lets-waltz,Grand Austria Hotel: Let's Waltz,"LOW_CONFIDENCE_MATCH: exact match is a BGG expansion/non-base entry, out of scope -- refusing to fall back to a fuzzy match against an unrelated base game",,,100.0
cascadia-junior,Cascadia Junior,"QUALITY_GATE: shrunk=6.98, usersrated=398",433007,Cascadia Junior,100.0
druids-of-edora-game,Druids of Edora Game,LOW_CONFIDENCE_MATCH: fuzzy score below threshold or too close to runner-up,,,85.71428571428572
unlock-kids,Unlock Kids,LOW_CONFIDENCE_MATCH: ambiguous: multiple BGG entries share this title as a prefix,,,75.0
marvel-dice-throne-deadpool-deluxe,Marvel Dice Throne - Deadpool Deluxe,"LOW_CONFIDENCE_MATCH: exact match is a BGG expansion/non-base entry, out of scope -- refusing to fall back to a fuzzy match against an unrelated base game",,,100.0
barbecubes,Barbecubes,LOW_CONFIDENCE_MATCH: ambiguous: multiple BGG entries share this normalized title,,,
nova-luna-german-english-version,Nova Luna (German/English Version),LOW_CONFIDENCE_MATCH: fuzzy score below threshold or too close to runner-up,,,63.41463414634146
pass-the-pugs,Pass the Pugs,LOW_CONFIDENCE_MATCH: fuzzy score below threshold or too close to runner-up,,,88.88888888888889
wizard,Wizard,LOW_CONFIDENCE_MATCH: ambiguous: multiple BGG entries share this normalized title,,,
sorry-what,"Sorry, What?!","QUALITY_GATE: shrunk=6.43, usersrated=7",417547,Sorry What?!,100.0
sunken-treasures-clank-expansion,Sunken Treasures: Clank! expansion,LOW_CONFIDENCE_MATCH: fuzzy score below threshold or too close to runner-up,,,73.07692307692308
the-circle-undone-investigator-expansion-arkham-horror-the-card-game,The Circle Undone Investigator Expansion: Arkham Horror the Card Game,LOW_CONFIDENCE_MATCH: fuzzy score below threshold or too close to runner-up,,,59.74025974025974
calico-kickstarter-edition,Calico Kickstarter Edition,LOW_CONFIDENCE_MATCH: fuzzy score below threshold or too close to runner-up,,,81.4814814814815
shit-happens,Shit Happens!,"QUALITY_GATE: shrunk=5.33, usersrated=2053",196379,Shit Happens,100.0
heroes-of-the-borderlands-starter-set-dungeons-dragons,Heroes of the Borderlands Starter Set: Dungeons & Dragons,LOW_CONFIDENCE_MATCH: fuzzy score below threshold or too close to runner-up,,,74.4186046511628
ruins-card-game,Ruins Card Game,"QUALITY_GATE: shrunk=7.05, usersrated=1773",428635,Ruins,100.0
lux-tenebrae-res-arcana-expansion,Lux & Tenebrae: Res Arcana Expansion,LOW_CONFIDENCE_MATCH: fuzzy score below threshold or too close to runner-up,,,60.526315789473685
dragon-shield-perfect-fit-sealable-clear,Dragon Shield Perfect Fit Sealable- Clear,LOW_CONFIDENCE_MATCH: fuzzy score below threshold or too close to runner-up,,,57.14285714285714
alien-rpg-boxed-starter-set-evolved-edition,Alien RPG - Boxed Starter Set - Evolved Edition,LOW_CONFIDENCE_MATCH: fuzzy score below threshold or too close to runner-up,,,66.66666666666667
exit-the-disappearance-of-sherlock-holmes,EXIT: The Disappearance of Sherlock Holmes,"QUALITY_GATE: shrunk=6.93, usersrated=685",366318,EXIT: The Game – The Disappearance of Sherlock Holmes,100.0
arkham-horror-the-card-game-winifred-habbamock-investigator-starter-pack,Arkham Horror: The Card Game - Winifred Habbamock Investigator Starter Pack,LOW_CONFIDENCE_MATCH: fuzzy score below threshold or too close to runner-up,,,56.56565656565656
adventure-games-volcanic-island,Adventure Games: Volcanic Island,"QUALITY_GATE: shrunk=5.96, usersrated=781",284082,Adventure Games: The Volcanic Island,100.0
the-dream-eaters-investigator-expansion-arkham-horror-the-card-game,The Dream-Eaters Investigator Expansion - Arkham Horror: The Card Game,LOW_CONFIDENCE_MATCH: fuzzy score below threshold or too close to runner-up,,,60.526315789473685
collect,Collect!,LOW_CONFIDENCE_MATCH: ambiguous: multiple BGG entries share this normalized title,,,
root-the-clockwork-expansion-2,Root: The Clockwork Expansion 2,"LOW_CONFIDENCE_MATCH: exact match is a BGG expansion/non-base entry, out of scope -- refusing to fall back to a fuzzy match against an unrelated base game",,,100.0
expeditions-gears-of-corruption,Expeditions: Gears of Corruption,"LOW_CONFIDENCE_MATCH: exact match is a BGG expansion/non-base entry, out of scope -- refusing to fall back to a fuzzy match against an unrelated base game",,,100.0
jungo,Jungo,"QUALITY_GATE: shrunk=7.04, usersrated=1960",424816,Jungo,100.0
root-riverfolk-hirelings-pack,Root: Riverfolk Hirelings Pack,"LOW_CONFIDENCE_MATCH: exact match is a BGG expansion/non-base entry, out of scope -- refusing to fall back to a fuzzy match against an unrelated base game",,,100.0
dorfromantik-the-duel,Dorfromantik: The Duel,"QUALITY_GATE: shrunk=6.89, usersrated=710",395364,Dorfromantik: The Duel,100.0
the-chameleon-travel,The Chameleon Travel,LOW_CONFIDENCE_MATCH: fuzzy score below threshold or too close to runner-up,,,80.0
unmatched-adventures-tmnt-shredder-vs-krang-expansion,Unmatched Adventures - TMNT: Shredder vs Krang Expansion,LOW_CONFIDENCE_MATCH: fuzzy score below threshold or too close to runner-up,,,62.745098039215684
tea-and-trade-exp-fields-of-arle,Tea and Trade Exp: Fields of Arle,LOW_CONFIDENCE_MATCH: fuzzy score below threshold or too close to runner-up,,,65.67164179104478
xia-legend-of-a-drift-system-embers-of-a-forsaken-star-expansion,Xia: Legends Of A Drift System: Embers Of A Forsaken Star Expansion,LOW_CONFIDENCE_MATCH: fuzzy score below threshold or too close to runner-up,,,61.36363636363637
salem-1692-card-game-new-edition,Salem 1692 Card Game: New Edition,LOW_CONFIDENCE_MATCH: fuzzy score below threshold or too close to runner-up,,,74.4186046511628
final-girl-terror-from-above-vignette,Final Girl: Terror From Above (Vignette),LOW_CONFIDENCE_MATCH: fuzzy score below threshold or too close to runner-up,,,61.111111111111114
nippon-zaibatsu-emperors-edition,Nippon: Zaibatsu Emperor's Edition,LOW_CONFIDENCE_MATCH: fuzzy score below threshold or too close to runner-up,,,64.70588235294117
my-little-scythe,My Little Scythe,"QUALITY_GATE: shrunk=7.18, usersrated=6415",226320,My Little Scythe,100.0
mascarade,Mascarade,LOW_CONFIDENCE_MATCH: ambiguous: multiple BGG entries share this normalized title,,,
lords-middle-earth-war-ring,Lords of Middle Earth: War of The Ring,"QUALITY_GATE: shrunk=6.43, usersrated=20",4195,War of the Ring: The Game of Middle Earth,90.0
destinies-sea-of-sand,Destinies: Sea of Sand,"LOW_CONFIDENCE_MATCH: exact match is a BGG expansion/non-base entry, out of scope -- refusing to fall back to a fuzzy match against an unrelated base game",,,100.0
the-white-castle-matcha,The White Castle: Matcha,"LOW_CONFIDENCE_MATCH: exact match is a BGG expansion/non-base entry, out of scope -- refusing to fall back to a fuzzy match against an unrelated base game",,,100.0
quoridor-uk-ireland-only,Quoridor,"QUALITY_GATE: shrunk=6.64, usersrated=9832",624,Quoridor,100.0
exploding-kittens-coyote,Exploding Kittens: Coyote,LOW_CONFIDENCE_MATCH: fuzzy score below threshold or too close to runner-up,,,82.92682926829268
covenant,Covenant,LOW_CONFIDENCE_MATCH: ambiguous: multiple BGG entries share this normalized title,,,
letter-jam,Letter Jam,"QUALITY_GATE: shrunk=7.13, usersrated=5697",275467,Letter Jam,100.0
root-underworld-hirelings-pack,Root: Underworld Hirelings Pack,"LOW_CONFIDENCE_MATCH: exact match is a BGG expansion/non-base entry, out of scope -- refusing to fall back to a fuzzy match against an unrelated base game",,,100.0
kraken-attack,Kraken Attack,"QUALITY_GATE: shrunk=6.91, usersrated=486",293309,Kraken Attack!,100.0
bbcs-the-traitors-card-game,BBC'S The Traitors Card Game,LOW_CONFIDENCE_MATCH: fuzzy score below threshold or too close to runner-up,,,72.72727272727273
uno-show-em-no-mercy,UNO: Show 'Em No Mercy,"QUALITY_GATE: shrunk=6.11, usersrated=2006",399088,UNO: Show 'Em No Mercy,100.0
the-genius-square,The Genius Square,"QUALITY_GATE: shrunk=6.70, usersrated=547",273065,Genius Square,100.0
harmonies-pulse,Harmonies Pulse,"LOW_CONFIDENCE_MATCH: exact match is a BGG expansion/non-base entry, out of scope -- refusing to fall back to a fuzzy match against an unrelated base game",,,100.0
imhotep-the-duel-2,Imhotep - The Duel,"QUALITY_GATE: shrunk=7.03, usersrated=3529",255674,Imhotep: The Duel,100.0
werewords-deluxe,Werewords Deluxe,LOW_CONFIDENCE_MATCH: ambiguous: multiple BGG entries share this normalized title,,,
ticket-ride-map-collection-volume-4-nederland,Ticket to Ride Map Collection: Volume 4 - Nederland,LOW_CONFIDENCE_MATCH: fuzzy score below threshold or too close to runner-up,,,58.82352941176471
exit-the-hunt-through-amsterdam,EXIT: The Hunt Through Amsterdam,"QUALITY_GATE: shrunk=7.16, usersrated=416",376478,EXIT: The Game – The Hunt Through Amsterdam,100.0
brick-like-this,Brick Like This!,"QUALITY_GATE: shrunk=6.62, usersrated=549",439310,Brick Like This!,100.0
undaunted-reinforcements,Undaunted: Reinforcements - Revised Edition,LOW_CONFIDENCE_MATCH: fuzzy score below threshold or too close to runner-up,,,64.70588235294117
heroes-of-barcadia-party-pack-expansion,Heroes of Barcadia Party Pack Expansion,LOW_CONFIDENCE_MATCH: fuzzy score below threshold or too close to runner-up,,,63.1578947368421
akropolis-athena-expansion,Akropolis: Athena Expansion,LOW_CONFIDENCE_MATCH: fuzzy score below threshold or too close to runner-up,,,65.38461538461539
the-vale-of-eternity-artifacts-expansion,The Vale of Eternity Artifacts Expansion,LOW_CONFIDENCE_MATCH: fuzzy score below threshold or too close to runner-up,,,64.51612903225806
insider,Insider,LOW_CONFIDENCE_MATCH: ambiguous: multiple BGG entries share this normalized title,,,
downforce-danger-circuit-expansion-2019,Downforce: Danger Circuit Expansion (2019),LOW_CONFIDENCE_MATCH: fuzzy score below threshold or too close to runner-up,,,56.60377358490566
the-great-american-mail-race,The Great American Mail Race,"QUALITY_GATE: shrunk=6.54, usersrated=523",364679,USPS: The Great American Mail Race,90.56603773584906
marvel-champions-the-card-game-fear-no-evil,Marvel Champions: The Card Game - Fear No Evil,LOW_CONFIDENCE_MATCH: fuzzy score below threshold or too close to runner-up,,,72.0
king-of-new-york,King of New York,"QUALITY_GATE: shrunk=6.86, usersrated=17408",160499,King of New York,100.0
kanagawa,Kanagawa,"QUALITY_GATE: shrunk=6.99, usersrated=9703",200147,Kanagawa,100.0
unsettled-framework-and-planets-001-002,Unsettled: Framework and Planets 001-002,LOW_CONFIDENCE_MATCH: fuzzy score below threshold or too close to runner-up,,,60.526315789473685
my-lil-everdell-standard-edition,My Lil' Everdell Standard Edition,LOW_CONFIDENCE_MATCH: fuzzy score below threshold or too close to runner-up,,,69.56521739130434
horrified-dungeons-dragons-ravenloft,Horrified: Dungeons & Dragons - Ravenloft,"QUALITY_GATE: shrunk=6.77, usersrated=40",468829,Horrified: Dungeons & Dragons – Ravenloft,100.0
cat-lady,Cat Lady,"QUALITY_GATE: shrunk=6.97, usersrated=7109",228504,Cat Lady,100.0
oath-chronicles-of-empire-and-exile,Oath: Chronicles of Empire and Exile,LOW_CONFIDENCE_MATCH: fuzzy score below threshold or too close to runner-up,,,62.96296296296296
pass-the-pigs,Pass the Pigs,"QUALITY_GATE: shrunk=5.52, usersrated=7205",2593,Pass the Pigs,100.0
happy-little-dinosaurs-base-game,Happy Little Dinosaurs Base Game,LOW_CONFIDENCE_MATCH: fuzzy score below threshold or too close to runner-up,,,81.4814814814815
star-wars-the-mandalorian-adventures,Star Wars The Mandalorian: Adventures,LOW_CONFIDENCE_MATCH: fuzzy score below threshold or too close to runner-up,,,81.4814814814815
quoridor-pac-man,Quoridor Pac-man,"QUALITY_GATE: shrunk=6.43, usersrated=497",411617,Quoridor Pac-Man,100.0
root-marauder-hirelings-pack-hireling-box,Root: Marauder Hirelings Pack & Hireling Box,"LOW_CONFIDENCE_MATCH: exact match is a BGG expansion/non-base entry, out of scope -- refusing to fall back to a fuzzy match against an unrelated base game",,,100.0
king-of-tokyo-anubis-monster-pack,King Of Tokyo: Anubis Monster Pack,LOW_CONFIDENCE_MATCH: fuzzy score below threshold or too close to runner-up,,,79.3103448275862
agemonia,Agemonia (Second Printing),LOW_CONFIDENCE_MATCH: fuzzy score below threshold or too close to runner-up,,,71.11111111111111
root-board-game-the-homeland-expansion,Root Board Game: The Homeland Expansion,"LOW_CONFIDENCE_MATCH: exact match is a BGG expansion/non-base entry, out of scope -- refusing to fall back to a fuzzy match against an unrelated base game",,,100.0
maladum-dungeons-of-enveron-starter-set,Maladum Dungeons of Enveron Starter Set,LOW_CONFIDENCE_MATCH: fuzzy score below threshold or too close to runner-up,,,81.81818181818181
hellapagos-big-box,Hellapagos: Big Box,"QUALITY_GATE: shrunk=6.95, usersrated=419",347802,Hellapagos: Big Box,100.0
marvel-united-base-game,Marvel United Base Game,LOW_CONFIDENCE_MATCH: fuzzy score below threshold or too close to runner-up,,,81.63265306122449
exit-the-magical-academy,EXIT: The Magical Academy,"QUALITY_GATE: shrunk=6.61, usersrated=359",376477,EXIT: The Game – The Magical Academy,100.0
waterfall-park,Waterfall Park,"QUALITY_GATE: shrunk=6.99, usersrated=1242",396618,Waterfall Park,100.0
paranormal-detectives,Paranormal Detectives,"QUALITY_GATE: shrunk=6.92, usersrated=3028",280136,Paranormal Detectives,100.0
exit-prison-break,EXIT: Prison Break,"QUALITY_GATE: shrunk=6.42, usersrated=279",383479,EXIT: The Game – Prison Break,100.0
6-nimmt-30-years-jubilee-edition,6 Nimmt! 30 Years Jubilee Edition,LOW_CONFIDENCE_MATCH: fuzzy score below threshold or too close to runner-up,,,60.71428571428572
rebel-princess-card-game-deluxe-edition,Rebel Princess Card Game: Deluxe Edition,LOW_CONFIDENCE_MATCH: ambiguous: multiple BGG entries share this normalized title,,,
rummikub-classic,Rummikub Classic,LOW_CONFIDENCE_MATCH: fuzzy score below threshold or too close to runner-up,,,77.41935483870968
summoner-wars-second-edition-master-set,Summoner Wars: Second Edition Master Set,LOW_CONFIDENCE_MATCH: fuzzy score below threshold or too close to runner-up,,,83.5820895522388
ahoy,Ahoy,LOW_CONFIDENCE_MATCH: ambiguous: multiple BGG entries share this normalized title,,,
clank-expeditions-temple-of-the-ape-lords,Clank! Expeditions: Temple of the Ape Lords,"LOW_CONFIDENCE_MATCH: exact match is a BGG expansion/non-base entry, out of scope -- refusing to fall back to a fuzzy match against an unrelated base game",,,100.0
evolution,Evolution,LOW_CONFIDENCE_MATCH: ambiguous: multiple BGG entries share this normalized title,,,
angmar-awakened-hero-expansion-lord-of-the-rings-lcg,Lord of the Rings LCG: Angmar Awakened Hero Expansion,LOW_CONFIDENCE_MATCH: fuzzy score below threshold or too close to runner-up,,,57.831325301204814
aftermath-expansion-nemesis,Aftermath Expansion: Nemesis,LOW_CONFIDENCE_MATCH: fuzzy score below threshold or too close to runner-up,,,65.21739130434783
origin-story,Origin Story,"QUALITY_GATE: shrunk=7.17, usersrated=2175",454909,Origin Story,100.0
pixies-2,Pixies,"QUALITY_GATE: shrunk=7.08, usersrated=4632",411875,Pixies,100.0
star-wars-the-deckbuilding-game-the-mandalorian-faction-pack,Star Wars: The Deckbuilding Game The Mandalorian Faction Pack,"LOW_CONFIDENCE_MATCH: exact match is a BGG expansion/non-base entry, out of scope -- refusing to fall back to a fuzzy match against an unrelated base game",,,100.0
bullet,Bullet Heart,LOW_CONFIDENCE_MATCH: fuzzy score below threshold or too close to runner-up,,,78.26086956521739
visit-from-the-rhine-valley-viticulture-exp,Visit from the Rhine Valley: Viticulture Exp.,LOW_CONFIDENCE_MATCH: fuzzy score below threshold or too close to runner-up,,,57.6271186440678
the-isle-of-cats-expansion-late-arrivals,The Isle of Cats Expansion: Late Arrivals,LOW_CONFIDENCE_MATCH: fuzzy score below threshold or too close to runner-up,,,64.51612903225806
warriors-middle-earth-war-ring,Warriors of Middle Earth: War of The Ring,LOW_CONFIDENCE_MATCH: fuzzy score below threshold or too close to runner-up,,,85.71428571428572
5211-2,5211,"QUALITY_GATE: shrunk=6.30, usersrated=2131",271512,5211,100.0
odin,Odin,"QUALITY_GATE: shrunk=6.84, usersrated=3942",406854,Odin,100.0
wonky-doodles,Wonky Doodles,"QUALITY_GATE: shrunk=6.52, usersrated=2",464486,Wonky Doodles,100.0
30-seconds,30 Seconds,"QUALITY_GATE: shrunk=6.65, usersrated=1212",25213,30 Seconds,100.0
linkee-booster-pack,Linkee Booster Pack,"LOW_CONFIDENCE_MATCH: exact match is a BGG expansion/non-base entry, out of scope -- refusing to fall back to a fuzzy match against an unrelated base game",,,100.0
lord-of-the-rings-adventure-to-mount-doom,Lord Of The Rings - Adventure to Mount Doom,"QUALITY_GATE: shrunk=6.64, usersrated=773",366278,The Lord of the Rings: Adventure to Mount Doom,100.0
dorfromantik-the-boad-game-wetterau-mini-expansion,Dorfromantik - The Boad Game: Wetterau [Mini-Expansion],LOW_CONFIDENCE_MATCH: fuzzy score below threshold or too close to runner-up,,,58.97435897435898
radlands-card-game-cult-of-chrome-expansion,Radlands Card Game: Cult Of Chrome Expansion,LOW_CONFIDENCE_MATCH: fuzzy score below threshold or too close to runner-up,,,64.40677966101696
the-red-dragon-inn,The Red Dragon Inn,"QUALITY_GATE: shrunk=6.54, usersrated=9394",24310,The Red Dragon Inn,100.0
shopping-list,Shopping List,"QUALITY_GATE: shrunk=5.94, usersrated=168",11394,Shopping List,100.0
everdell-spirecrest-2nd-edition,Everdell: Spirecrest 2nd Edition,"LOW_CONFIDENCE_MATCH: exact match is a BGG expansion/non-base entry, out of scope -- refusing to fall back to a fuzzy match against an unrelated base game",,,100.0
unlock-short-adventures-9-birmingham,Unlock! Short Adventures 9: Birmingham,LOW_CONFIDENCE_MATCH: fuzzy score below threshold or too close to runner-up,,,88.31168831168831
ticket-to-ride-amsterdam,Ticket To Ride: Amsterdam,"QUALITY_GATE: shrunk=6.88, usersrated=1956",309113,Ticket to Ride: Amsterdam,100.0
zombie-dice-horde-edition,Zombie Dice Horde Edition,"QUALITY_GATE: shrunk=6.83, usersrated=960",224035,Zombie Dice Horde Edition,100.0
lost-ruins-of-arnak-twisted-paths-expansion,Lost Ruins of Arnak: Twisted Paths Expansion,LOW_CONFIDENCE_MATCH: fuzzy score below threshold or too close to runner-up,,,61.29032258064516
the-brussel-sprout-game,The Brussel Sprout Game,LOW_CONFIDENCE_MATCH: fuzzy score below threshold or too close to runner-up,,,72.22222222222221
legends-of-andor-base-game,Legends of Andor - Base Game,LOW_CONFIDENCE_MATCH: fuzzy score below threshold or too close to runner-up,,,76.92307692307692
agricola-bubulcus-deck,Agricola: Bubulcus Deck,"LOW_CONFIDENCE_MATCH: exact match is a BGG expansion/non-base entry, out of scope -- refusing to fall back to a fuzzy match against an unrelated base game",,,100.0
everdell-silverfrost-essentials-edition,Everdell: Silverfrost Essentials Edition,LOW_CONFIDENCE_MATCH: fuzzy score below threshold or too close to runner-up,,,67.79661016949152
solstis,Solstis,"QUALITY_GATE: shrunk=6.88, usersrated=1874",411255,Solstis,100.0
muddles-mini,The Muddles,"QUALITY_GATE: shrunk=6.46, usersrated=50",344273,The Muddles,100.0
bretwalda-2,Bretwalda,LOW_CONFIDENCE_MATCH: fuzzy score below threshold or too close to runner-up,,,77.77777777777779
onitama-way-of-the-wind,Onitama Way of the Wind,"LOW_CONFIDENCE_MATCH: exact match is a BGG expansion/non-base entry, out of scope -- refusing to fall back to a fuzzy match against an unrelated base game",,,100.0
munchkin-warhammer-40000,Munchkin Warhammer 40000,"QUALITY_GATE: shrunk=6.39, usersrated=373",257700,"Munchkin Warhammer 40,000",100.0
perlae-imperii-res-arcana-expansion,Perlae Imperii: Res Arcana Expansion,LOW_CONFIDENCE_MATCH: fuzzy score below threshold or too close to runner-up,,,60.71428571428572
roll-player-monsters-minions,Roll Player: Monsters &amp; Minions,"LOW_CONFIDENCE_MATCH: exact match is a BGG expansion/non-base entry, out of scope -- refusing to fall back to a fuzzy match against an unrelated base game",,,100.0
pictures,Pictures,LOW_CONFIDENCE_MATCH: ambiguous: multiple BGG entries share this normalized title,,,
canvas,Canvas,LOW_CONFIDENCE_MATCH: ambiguous: multiple BGG entries share this normalized title,,,
the-last-of-us-escape-the-dark,The Last of Us: Escape the Dark,"QUALITY_GATE: shrunk=7.03, usersrated=462",374593,The Last of Us: Escape the Dark,100.0
terraforming-mars-amazonis-vastitas,Terraforming Mars: Amazonis & Vastitas,"LOW_CONFIDENCE_MATCH: exact match is a BGG expansion/non-base entry, out of scope -- refusing to fall back to a fuzzy match against an unrelated base game",,,100.0
dorfromantik-great-mill-mini-expansion,Dorfromantik: Great Mill Mini Expansion,LOW_CONFIDENCE_MATCH: fuzzy score below threshold or too close to runner-up,,,62.295081967213115
zatu-premium-box,Zatu Premium Box,LOW_CONFIDENCE_MATCH: fuzzy score below threshold or too close to runner-up,,,66.66666666666667
ticket-to-ride-map-collection-8-iberica-south-korea,Ticket To Ride Map Collection 8: Iberia & South Korea,"LOW_CONFIDENCE_MATCH: exact match is a BGG expansion/non-base entry, out of scope -- refusing to fall back to a fuzzy match against an unrelated base game",,,100.0
tokaido-new-edition,Tokaido: Stonemaier Edition,LOW_CONFIDENCE_MATCH: fuzzy score below threshold or too close to runner-up,,,69.56521739130434
marvel-champions-vision-hero-pack,Marvel Champions: Vision Hero Pack,"LOW_CONFIDENCE_MATCH: exact match is a BGG expansion/non-base entry, out of scope -- refusing to fall back to a fuzzy match against an unrelated base game",,,100.0
floristry,Floristry,LOW_CONFIDENCE_MATCH: ambiguous: multiple BGG entries share this normalized title,,,
match-spell,Match & Spell,"QUALITY_GATE: shrunk=6.25, usersrated=11",11741,Match and Spell,100.0
witchcraft,Witchcraft,LOW_CONFIDENCE_MATCH: ambiguous: multiple BGG entries share this normalized title,,,
outcasts-species-pack-eclipse-2nd-dawn-for-the-galaxy,Outcasts Species Pack - Eclipse: 2nd Dawn for the Galaxy,LOW_CONFIDENCE_MATCH: fuzzy score below threshold or too close to runner-up,,,68.35443037974683
crossbows-catapults-fortress-war,Crossbows & Catapults Fortress War,"QUALITY_GATE: shrunk=7.04, usersrated=308",342075,Crossbows & Catapults: Fortress War,100.0
fk-the-game,F**K the Game,LOW_CONFIDENCE_MATCH: ambiguous: multiple BGG entries share this normalized title,,,
game-of-thrones-the-board-game-2nd-ed,Game of Thrones The Board Game (2nd Ed),LOW_CONFIDENCE_MATCH: fuzzy score below threshold or too close to runner-up,,,81.08108108108108
dixit-expansion-10-mirrors,Dixit Expansion 10: Mirrors,LOW_CONFIDENCE_MATCH: fuzzy score below threshold or too close to runner-up,,,65.0
targi-expansion,Targi: Expansion,"LOW_CONFIDENCE_MATCH: exact match is a BGG expansion/non-base entry, out of scope -- refusing to fall back to a fuzzy match against an unrelated base game",,,100.0
exit-family-2-escape-adventures-new-avail-february,EXIT: Family - 2 Escape Adventures,LOW_CONFIDENCE_MATCH: fuzzy score below threshold or too close to runner-up,,,73.07692307692308
silk-road-expansionsplendor-2024-refresh,Silk Road expansion: Splendor 2024 refresh,LOW_CONFIDENCE_MATCH: fuzzy score below threshold or too close to runner-up,,,55.73770491803278
cubed-next-level-dominoes,CUBED: Next Level Dominoes,"QUALITY_GATE: shrunk=6.79, usersrated=266",372880,Cubed: Next Level Dominoes,100.0
everdell-pearlbrook-2nd-edition,Everdell: Pearlbrook 2nd Edition,"LOW_CONFIDENCE_MATCH: exact match is a BGG expansion/non-base entry, out of scope -- refusing to fall back to a fuzzy match against an unrelated base game",,,100.0
unlock-short-3-the-flight-of-the-angel,Unlock! Short 3 - The Flight of the Angel,LOW_CONFIDENCE_MATCH: fuzzy score below threshold or too close to runner-up,,,84.05797101449275
maladum-of-ale-and-adventure-expansion,Maladum of Ale and Adventure Expansion,"LOW_CONFIDENCE_MATCH: exact match is a BGG expansion/non-base entry, out of scope -- refusing to fall back to a fuzzy match against an unrelated base game",,,100.0
cthulhu-wars-the-ancients-faction-expansion,Cthulhu Wars: The Ancients Faction Expansion,LOW_CONFIDENCE_MATCH: fuzzy score below threshold or too close to runner-up,,,65.67164179104478
the-fuzzies,The Fuzzies,"QUALITY_GATE: shrunk=6.40, usersrated=1800",314421,The Fuzzies,100.0
dreadnought-upgrade-pack-dune-imperium-rise-of-ix,Dreadnought Upgrade Pack: Dune Imperium Rise of Ix,LOW_CONFIDENCE_MATCH: fuzzy score below threshold or too close to runner-up,,,57.14285714285714
my-city-roll-build,My City - Roll & Build,"QUALITY_GATE: shrunk=7.01, usersrated=2973",351476,My City: Roll & Build,100.0
detective-season-one,Detective: Season One,"QUALITY_GATE: shrunk=6.50, usersrated=9",403008,Detective box: Season 1,90.0
unlock-short-2-the-awakening-of-the-mummy,Unlock! Short 2 - The Awakening of the Mummy,LOW_CONFIDENCE_MATCH: fuzzy score below threshold or too close to runner-up,,,85.33333333333333
ashes-reborn-red-rains-the-end-of-argaia,Ashes Reborn: Red Rains - The End Of Argaia,"LOW_CONFIDENCE_MATCH: exact match is a BGG expansion/non-base entry, out of scope -- refusing to fall back to a fuzzy match against an unrelated base game",,,100.0
earthborne-shadow-of-the-storm,Earthborne - Shadow of the Storm,LOW_CONFIDENCE_MATCH: fuzzy score below threshold or too close to runner-up,,,66.66666666666667
struggle-for-catan-new-edition,The Struggle for Catan (New Edition),LOW_CONFIDENCE_MATCH: fuzzy score below threshold or too close to runner-up,,,75.0
aegyptus-creta-concordia-exp,Concordia: Aegyptus/Creta Expansion,LOW_CONFIDENCE_MATCH: fuzzy score below threshold or too close to runner-up,,,57.6271186440678
orleans-trade-intrigue,Orleans: Trade & Intrigue,"LOW_CONFIDENCE_MATCH: exact match is a BGG expansion/non-base entry, out of scope -- refusing to fall back to a fuzzy match against an unrelated base game",,,100.0
saboteur-2,Saboteur 2,LOW_CONFIDENCE_MATCH: fuzzy score below threshold or too close to runner-up,,,88.88888888888889
worlds-smallest-catan,World's Smallest - Catan,LOW_CONFIDENCE_MATCH: fuzzy score below threshold or too close to runner-up,,,74.4186046511628
unlock-short-adventures-7-red-mask,Unlock! Short Adventures 7: Red Mask,"QUALITY_GATE: shrunk=7.13, usersrated=360",391995,Unlock!: Short Adventures – Red Mask,96.96969696969697
ahoy-fang-fortune,Ahoy: Fang & Fortune,"LOW_CONFIDENCE_MATCH: exact match is a BGG expansion/non-base entry, out of scope -- refusing to fall back to a fuzzy match against an unrelated base game",,,100.0
yogi,Yogi,"QUALITY_GATE: shrunk=6.36, usersrated=866",224271,Yogi,100.0
unstable-unicorns-rainbow-apocalypse-expansion-pack,Unstable Unicorns Rainbow Apocalypse Expansion Pack,"LOW_CONFIDENCE_MATCH: exact match is a BGG expansion/non-base entry, out of scope -- refusing to fall back to a fuzzy match against an unrelated base game",,,100.0
moving-wild,Moving Wild,"QUALITY_GATE: shrunk=6.90, usersrated=1055",423270,Moving Wild,100.0
hell-to-pay-final-girl,Hell to Pay: Final Girl,LOW_CONFIDENCE_MATCH: fuzzy score below threshold or too close to runner-up,,,68.18181818181819
fighting-fantasy-adventures-card-game,Fighting Fantasy Adventures Card Game,"QUALITY_GATE: shrunk=6.90, usersrated=181",389031,Fighting Fantasy Adventures,100.0
king-of-tokyo-cybertooth-monster-pack,King of Tokyo: Cybertooth Monster Pack,LOW_CONFIDENCE_MATCH: fuzzy score below threshold or too close to runner-up,,,77.41935483870968
cockroach-poker-royal-game-multi-lingual-edition,Cockroach Poker Royal Game (Multi Lingual Edition),LOW_CONFIDENCE_MATCH: fuzzy score below threshold or too close to runner-up,,,60.86956521739131
uno-card-game-2022,UNO Card Game (2022),"QUALITY_GATE: shrunk=5.49, usersrated=34333",2223,UNO,100.0
unlock-short-adventures-10-in-the-head-of-sherlock-holmes,Unlock! Short Adventures 10 - In the Head of Sherlock Holmes,LOW_CONFIDENCE_MATCH: fuzzy score below threshold or too close to runner-up,,,84.11214953271028
tik-tak-trek,Tic Tac Trek,"QUALITY_GATE: shrunk=7.01, usersrated=500",438940,Tic Tac Trek,100.0
welcome-to-new-las-vegas,Welcome To New Las Vegas,"QUALITY_GATE: shrunk=6.69, usersrated=2319",281075,Welcome to New Las Vegas,100.0
aeons-end-the-void,Aeon's End: The Void,"LOW_CONFIDENCE_MATCH: exact match is a BGG expansion/non-base entry, out of scope -- refusing to fall back to a fuzzy match against an unrelated base game",,,100.0
sidereal-confluence-remastered-edition,Sidereal Confluence: Remastered Edition,LOW_CONFIDENCE_MATCH: fuzzy score below threshold or too close to runner-up,,,66.66666666666667
escape-from-aliens-in-outer-space,Escape from Aliens in Outer Space,"QUALITY_GATE: shrunk=6.90, usersrated=5452",82168,Escape from the Aliens in Outer Space,100.0
the-egg-game,The Egg Game,"QUALITY_GATE: shrunk=6.51, usersrated=8",402212,"The Egg Game: Complete the challenges, don't drop the egg!",95.0
the-falconwood-files-final-girl,The Falconwood Files: Final Girl,LOW_CONFIDENCE_MATCH: fuzzy score below threshold or too close to runner-up,,,56.60377358490566
dragon-shield-matte-purple-100-ct-in-box,Dragon Shield Matte - Purple (100 ct. in box),LOW_CONFIDENCE_MATCH: fuzzy score below threshold or too close to runner-up,,,56.14035087719298
ice-team,Ice Team,"QUALITY_GATE: shrunk=6.50, usersrated=355",265031,Ice Team,100.0
dixit-exp-6-memories,Dixit Exp 6: Memories,LOW_CONFIDENCE_MATCH: fuzzy score below threshold or too close to runner-up,,,64.86486486486487
kings-of-middle-earth-war-of-the-ring-expansion,Kings of Middle-Earth: War of the Ring Expansion,LOW_CONFIDENCE_MATCH: fuzzy score below threshold or too close to runner-up,,,77.14285714285715
heroquest-ogre-horde-quest-pack,HeroQuest: Ogre Horde Quest Pack,LOW_CONFIDENCE_MATCH: fuzzy score below threshold or too close to runner-up,,,60.37735849056604
panda-spin,Panda Spin,"QUALITY_GATE: shrunk=7.08, usersrated=1859",417323,Panda Spin,100.0
seekers-species-pack-eclipse-2nd-dawn-for-the-galaxy,Seekers Species Pack - Eclipse: 2nd Dawn for the Galaxy,LOW_CONFIDENCE_MATCH: fuzzy score below threshold or too close to runner-up,,,69.23076923076923
red-rising,Red Rising,"QUALITY_GATE: shrunk=6.96, usersrated=9788",329465,Red Rising,100.0
maladum-oblivions-maw-expansion,Maladum Oblivion's Maw Expansion,LOW_CONFIDENCE_MATCH: fuzzy score below threshold or too close to runner-up,,,67.85714285714286
exmoor-forest-shuffle-dartmoor-expansion,Exmoor: Forest Shuffle - Dartmoor Expansion,LOW_CONFIDENCE_MATCH: fuzzy score below threshold or too close to runner-up,,,73.01587301587303
raiders-north-sea-hall-of-heroes,Raiders of the North Sea: Hall of Heroes,"LOW_CONFIDENCE_MATCH: exact match is a BGG expansion/non-base entry, out of scope -- refusing to fall back to a fuzzy match against an unrelated base game",,,100.0
destinies-bound-by-fate,Destinies - Bound by Fate,"LOW_CONFIDENCE_MATCH: exact match is a BGG expansion/non-base entry, out of scope -- refusing to fall back to a fuzzy match against an unrelated base game",,,100.0
bullet-star,Bullet Star,LOW_CONFIDENCE_MATCH: fuzzy score below threshold or too close to runner-up,,,81.81818181818181
micro-dojo,Micro Dojo,"QUALITY_GATE: shrunk=6.59, usersrated=600",319592,Micro Dojo,100.0
win-pack-o-game,WIN Pack O Game,LOW_CONFIDENCE_MATCH: fuzzy score below threshold or too close to runner-up,,,75.0
perch,Perch,"QUALITY_GATE: shrunk=6.99, usersrated=1103",387560,Perch,100.0
the-anarchy,The Anarchy,LOW_CONFIDENCE_MATCH: ambiguous: multiple BGG entries share this normalized title,,,
carcassonne-towers-thieves-exp-4-2025,Carcassonne: Towers & Thieves - Exp 4 (2025),LOW_CONFIDENCE_MATCH: fuzzy score below threshold or too close to runner-up,,,75.36231884057972
king-tokyo-king-kong-monster-pack,King of Tokyo: King Kong Monster Pack,LOW_CONFIDENCE_MATCH: fuzzy score below threshold or too close to runner-up,,,72.1311475409836
dune-ecaz-and-moritani-house-expansion,Dune: Ecaz and Moritani House Expansion,LOW_CONFIDENCE_MATCH: fuzzy score below threshold or too close to runner-up,,,63.29113924050633
middle-ages,Middle Ages,LOW_CONFIDENCE_MATCH: ambiguous: multiple BGG entries share this normalized title,,,
unlock-short-adventures-11-the-song-of-the-sea-spray,Unlock! Short Adventures 11 - The Song of the Sea Spray,"QUALITY_GATE: shrunk=6.36, usersrated=243",448291,Unlock!: Short Adventures – The Song of the Sea Spray,96.47058823529412
final-girl-series-2-box-of-props,Final Girl Series 2: Box of Props,LOW_CONFIDENCE_MATCH: fuzzy score below threshold or too close to runner-up,,,65.51724137931035
dominion-renaissance,Dominion Renaissance,"LOW_CONFIDENCE_MATCH: exact match is a BGG expansion/non-base entry, out of scope -- refusing to fall back to a fuzzy match against an unrelated base game",,,100.0
vaalbara,Vaalbara,"QUALITY_GATE: shrunk=7.13, usersrated=2925",361241,Vaalbara,100.0
fallen-land-core-game,Fallen Land Core Game,LOW_CONFIDENCE_MATCH: ambiguous: multiple BGG entries share this title as a prefix,,,78.26086956521739
everdell-board-game-collectors-edition-3rd-edition,Everdell Board Game: Collectors Edition: 3rd Edition,LOW_CONFIDENCE_MATCH: ambiguous: multiple BGG entries share this normalized title,,,
kelp-brilliant-behaviours,Kelp Brilliant Behaviours,LOW_CONFIDENCE_MATCH: fuzzy score below threshold or too close to runner-up,,,63.41463414634146
maladum-the-forbidden-creed-expansion,Maladum The Forbidden Creed Expansion,LOW_CONFIDENCE_MATCH: fuzzy score below threshold or too close to runner-up,,,63.01369863013699
everdell-wooden-ever-tree-pack,Everdell Wooden Ever Tree Pack,LOW_CONFIDENCE_MATCH: fuzzy score below threshold or too close to runner-up,,,60.71428571428572
from-the-abyss-unfathomable-expansion,From The Abyss: Unfathomable Expansion,LOW_CONFIDENCE_MATCH: fuzzy score below threshold or too close to runner-up,,,64.28571428571428
genesys-rpg-roleplaying-dice-pack-edge-studio-edition,Genesys RPG: Roleplaying Dice Pack (Edge Studio Edition),LOW_CONFIDENCE_MATCH: fuzzy score below threshold or too close to runner-up,,,59.09090909090908
western-legends-expansion-fistful-of-extras,Western Legends Expansion: Fistful of Extras,LOW_CONFIDENCE_MATCH: fuzzy score below threshold or too close to runner-up,,,63.01369863013699
bunny-kingdom-in-the-sky-expansion,Bunny Kingdom: In the Sky Expansion,LOW_CONFIDENCE_MATCH: fuzzy score below threshold or too close to runner-up,,,61.01694915254237
fountain-of-youth-the-lost-expedition,Fountain of Youth: The Lost Expedition,LOW_CONFIDENCE_MATCH: fuzzy score below threshold or too close to runner-up,,,73.6842105263158
potion-explosion-2nd-edition,Potion Explosion 2nd Edition,LOW_CONFIDENCE_MATCH: ambiguous: multiple BGG entries share this normalized title,,,
scythe-board-game-realistic-resources,Scythe Board Game: Realistic Resources,LOW_CONFIDENCE_MATCH: fuzzy score below threshold or too close to runner-up,,,64.28571428571428
the-binding-of-isaac-four-souls-requiem-big-boi-box,The Binding of Isaac: Four Souls - Requiem Big Boi Box,LOW_CONFIDENCE_MATCH: fuzzy score below threshold or too close to runner-up,,,70.58823529411764
sausage-sizzle,Sausage Sizzle,"QUALITY_GATE: shrunk=6.54, usersrated=1212",118215,Sausage Sizzle!,100.0
spyfall-2,Spyfall 2,"QUALITY_GATE: shrunk=6.79, usersrated=3552",193308,Spyfall 2,100.0
cthulhu-wars-windwalker-faction-expansion-2,Cthulhu Wars: Windwalker Faction Expansion,LOW_CONFIDENCE_MATCH: fuzzy score below threshold or too close to runner-up,,,63.76811594202898
cover-your-assets,Cover Your Assets,"QUALITY_GATE: shrunk=6.48, usersrated=2608",121193,Cover Your Assets,100.0
the-taverns-of-tiefenthal-open-doors-expansion,The Taverns of Tiefenthal: Open Doors Expansion,LOW_CONFIDENCE_MATCH: fuzzy score below threshold or too close to runner-up,,,66.66666666666667
volfyirion-card-game,Volfyirion Card Game,"QUALITY_GATE: shrunk=7.16, usersrated=1292",258074,Volfyirion,100.0
kabuto-sumo,Kabuto Sumo,"QUALITY_GATE: shrunk=6.70, usersrated=4401",320390,Kabuto Sumo,100.0
hollywood-1947,Hollywood 1947,"QUALITY_GATE: shrunk=7.07, usersrated=1089",370621,Hollywood 1947,100.0
trailblazers-travel,Trailblazers Travel,"QUALITY_GATE: shrunk=7.02, usersrated=506",370598,Trailblazers: Travel Edition,95.0
catan-new-energies,CATAN: New Energies,"QUALITY_GATE: shrunk=6.62, usersrated=504",408727,Catan: New Energies,100.0
avatar-the-last-airbender-aangs-destiny-a-cooperative-deck-building-game,Avatar The Last Airbender: Aang's Destiny A Cooperative Deck-Building Game,LOW_CONFIDENCE_MATCH: fuzzy score below threshold or too close to runner-up,,,69.90291262135922
final-girl-board-game-bad-times-at-buddyland-expansion,Final Girl Board Game: Bad Times At Buddyland Expansion,LOW_CONFIDENCE_MATCH: fuzzy score below threshold or too close to runner-up,,,60.67415730337078
dice-forge-rebellion,Dice Forge Rebellion,"LOW_CONFIDENCE_MATCH: exact match is a BGG expansion/non-base entry, out of scope -- refusing to fall back to a fuzzy match against an unrelated base game",,,100.0
weird-things-humans-search-for-mini,Weird Things Humans Search For Mini,"QUALITY_GATE: shrunk=5.59, usersrated=247",254419,Weird Things Humans Search For,92.3076923076923
order-overload-cafe,Order Overload: Cafe,"QUALITY_GATE: shrunk=6.80, usersrated=1078",361214,Order Overload: Cafe,100.0
u-boot-the-board-game,U-Boot The Board Game,LOW_CONFIDENCE_MATCH: ambiguous: multiple BGG entries share this title as a prefix,,,85.71428571428572
cities,Cities,LOW_CONFIDENCE_MATCH: ambiguous: multiple BGG entries share this normalized title,,,
black-hole-buccaneers-english-edition,Black Hole Buccaneers (English Edition),"QUALITY_GATE: shrunk=6.60, usersrated=332",378565,Black Hole Buccaneers,100.0
unlock-short-adventures-8-chat-schrodinger,Unlock! Short Adventures 8: Chat Schrödinger,"QUALITY_GATE: shrunk=6.67, usersrated=477",392193,Unlock!: Short Adventures – Schrödinger's Cat,93.97590361445783
casting-shadows,Casting Shadows,"QUALITY_GATE: shrunk=6.29, usersrated=1486",359502,Casting Shadows,100.0
duck-cover,Duck & Cover,"QUALITY_GATE: shrunk=6.65, usersrated=2324",422019,Duck & Cover,100.0
final-girl-board-game-shriek-expansion,Final Girl Board Game: Shriek Expansion,LOW_CONFIDENCE_MATCH: fuzzy score below threshold or too close to runner-up,,,64.15094339622642
ahoy-rivals-and-renegades,Ahoy: Rivals and Renegades,"LOW_CONFIDENCE_MATCH: exact match is a BGG expansion/non-base entry, out of scope -- refusing to fall back to a fuzzy match against an unrelated base game",,,100.0
captive,Captive,"QUALITY_GATE: shrunk=6.72, usersrated=632",207898,Captive,100.0
dont-get-got-travel,Don't Get Got Travel,"QUALITY_GATE: shrunk=6.54, usersrated=4",467948,Don't Get Got! Travel Pack,95.0
carcassonne-labyrinth,Carcassonne Labyrinth,"QUALITY_GATE: shrunk=6.67, usersrated=26",469594,Carcassonne Labyrinth,100.0
core-space-galactic-corps-expansion,Core Space Galactic Corps Expansion,LOW_CONFIDENCE_MATCH: fuzzy score below threshold or too close to runner-up,,,67.9245283018868
minecraft-board-game,Minecraft Builders and Biomes Board Game,"QUALITY_GATE: shrunk=6.87, usersrated=3748",269603,Minecraft: Builders & Biomes,100.0
5-towers,5 Towers,"QUALITY_GATE: shrunk=6.69, usersrated=3143",400205,5 Towers,100.0
cards-vs-gravity,Cards vs Gravity,"QUALITY_GATE: shrunk=6.30, usersrated=321",399104,Cards vs Gravity,100.0
terrorscape-feral-instincts,Terrorscape Feral Instincts,"LOW_CONFIDENCE_MATCH: exact match is a BGG expansion/non-base entry, out of scope -- refusing to fall back to a fuzzy match against an unrelated base game",,,100.0
catan-c2-96-explorers-pirates-6th-edition,CATAN - Explorers & Pirates 6th Edition,"LOW_CONFIDENCE_MATCH: exact match is a BGG expansion/non-base entry, out of scope -- refusing to fall back to a fuzzy match against an unrelated base game",,,100.0
kittin,Kittin,"QUALITY_GATE: shrunk=6.25, usersrated=632",302477,Kittin,100.0
oltree-undead-alive,Oltree: Undead & Alive,"LOW_CONFIDENCE_MATCH: exact match is a BGG expansion/non-base entry, out of scope -- refusing to fall back to a fuzzy match against an unrelated base game",,,100.0
cabanga,Cabanga!,"QUALITY_GATE: shrunk=6.50, usersrated=0",447931,Cabana,92.3076923076923
tiny-epic-cthulhu,Tiny Epic Cthulhu,"QUALITY_GATE: shrunk=6.86, usersrated=597",404893,Tiny Epic Cthulhu,100.0
mountain-goats-board-game-expansion-pack,Mountain Goats Board Game: Expansion Pack,"LOW_CONFIDENCE_MATCH: exact match is a BGG expansion/non-base entry, out of scope -- refusing to fall back to a fuzzy match against an unrelated base game",,,100.0
inside-job,Inside Job,"QUALITY_GATE: shrunk=6.96, usersrated=2361",324914,Inside Job,100.0
on-the-air-the-networks-expansion,On The Air The Networks Expansion,LOW_CONFIDENCE_MATCH: fuzzy score below threshold or too close to runner-up,,,62.5
a-carnivore-did-it,A Carnivore Did It!,"QUALITY_GATE: shrunk=7.03, usersrated=660",451594,A Carnivore Did It!,100.0
bonsai,Bonsai,LOW_CONFIDENCE_MATCH: ambiguous: multiple BGG entries share this normalized title,,,
tribes-prophecies-tzolkin-exp,Tribes & Prophecies: Tzolk'in Exp,LOW_CONFIDENCE_MATCH: fuzzy score below threshold or too close to runner-up,,,60.0
hero-realms-deckbuilding-game,Hero Realms: Deckbuilding Game,LOW_CONFIDENCE_MATCH: fuzzy score below threshold or too close to runner-up,,,78.57142857142857
unstable-unicorns-nsfw-base-game,Unstable Unicorns NSFW Base Game,"QUALITY_GATE: shrunk=6.48, usersrated=885",287952,Unstable Unicorns: NSFW Base Game,100.0
the-binding-of-isaac-four-souls-second-edition,The Binding of Isaac: Four Souls - Second Edition,LOW_CONFIDENCE_MATCH: fuzzy score below threshold or too close to runner-up,,,76.19047619047619
boooop-halloween-version,BOOoop (Halloween version),LOW_CONFIDENCE_MATCH: fuzzy score below threshold or too close to runner-up,,,63.63636363636363
gnome-hollow,Gnome Hollow,"QUALITY_GATE: shrunk=6.89, usersrated=1532",332885,Gnome Hollow,100.0
unlock-short-adventures-12-the-oceans-heart,Unlock! Short Adventures 12 - The Ocean's Heart,"QUALITY_GATE: shrunk=5.75, usersrated=154",458805,Unlock!: Short Adventures – The Ocean's Heart,96.1038961038961
rhymes-with-duck,Rhymes With Duck,"QUALITY_GATE: shrunk=6.49, usersrated=68",446079,Rhymes with Duck,100.0
koi-2,Koi,LOW_CONFIDENCE_MATCH: ambiguous: multiple BGG entries share this normalized title,,,
dragonkeepers,Dragonkeepers,"QUALITY_GATE: shrunk=7.04, usersrated=2021",383109,Dragonkeepers,100.0
far-pack-o-game,FAR Pack O Game,LOW_CONFIDENCE_MATCH: fuzzy score below threshold or too close to runner-up,,,80.0
hitster-bingo,Hitster Bingo,LOW_CONFIDENCE_MATCH: fuzzy score below threshold or too close to runner-up,,,81.25
alibis-party-game,Alibis Party Game,LOW_CONFIDENCE_MATCH: fuzzy score below threshold or too close to runner-up,,,74.28571428571429
black-orchestra-2nd-print,Black Orchestra 2nd Print,LOW_CONFIDENCE_MATCH: fuzzy score below threshold or too close to runner-up,,,75.0
marvel-legendary-world-war-hulk,Marvel Legendary: World War Hulk,LOW_CONFIDENCE_MATCH: fuzzy score below threshold or too close to runner-up,,,65.45454545454545
great-western-trail-rails-to-the-north-second-edition,Great Western Trail: Rails to the North (Second Edition),LOW_CONFIDENCE_MATCH: fuzzy score below threshold or too close to runner-up,,,81.92771084337349
misfits-second-edition,Misfits: Second Edition,LOW_CONFIDENCE_MATCH: fuzzy score below threshold or too close to runner-up,,,85.0
crossbows-catapults,Crossbows & Catapults,"QUALITY_GATE: shrunk=6.63, usersrated=831",2129,Crossbows and Catapults,100.0
dont-press-that-mine-turtle,Don't Press that Mine Turtle,"QUALITY_GATE: shrunk=6.41, usersrated=51",433279,Don't Press That Mine Turtle,100.0
lure-board-game-deepwater-deep-waters-expansion,Lure Board Game: Deepwater: Deep Waters Expansion,LOW_CONFIDENCE_MATCH: fuzzy score below threshold or too close to runner-up,,,59.64912280701755
concordia-venus,Concordia: Venus (Expansion),"LOW_CONFIDENCE_MATCH: exact match is a BGG expansion/non-base entry, out of scope -- refusing to fall back to a fuzzy match against an unrelated base game",,,100.0
sherlock-holmes-consulting-detective-bureau-of-investigation,Sherlock Holmes Consulting Detective: Bureau of Investigation,LOW_CONFIDENCE_MATCH: fuzzy score below threshold or too close to runner-up,,,77.19298245614034
so-youve-been-cursed-collectors-edition,"So, You've Been Cursed - Collector's Edition","QUALITY_GATE: shrunk=6.62, usersrated=44",424125,"So, You've Been Cursed.",100.0
terrorscape-amorphous-peril,Terrorscape Amorphous Peril,"LOW_CONFIDENCE_MATCH: exact match is a BGG expansion/non-base entry, out of scope -- refusing to fall back to a fuzzy match against an unrelated base game",,,100.0
killer-from-tomorrow-final-girl,Killer from Tomorrow: Final Girl,LOW_CONFIDENCE_MATCH: fuzzy score below threshold or too close to runner-up,,,60.37735849056604
catan-base-game-replacement-cards-pack-6th-edition,CATAN Base Game Replacement Cards Pack 6th Edition,LOW_CONFIDENCE_MATCH: fuzzy score below threshold or too close to runner-up,,,64.7887323943662
confusing-lands,Confusing Lands,"QUALITY_GATE: shrunk=7.12, usersrated=597",342200,Confusing Lands,100.0
kahuna,Kahuna,"QUALITY_GATE: shrunk=6.61, usersrated=10379",394,Kahuna,100.0
risk-2,Risk,"QUALITY_GATE: shrunk=5.61, usersrated=38909",181,Risk,100.0
tiny-towns-fortune,Tiny Towns: Fortune,"LOW_CONFIDENCE_MATCH: exact match is a BGG expansion/non-base entry, out of scope -- refusing to fall back to a fuzzy match against an unrelated base game",,,100.0
botanik-english-french-version,Botanik (English/French version),LOW_CONFIDENCE_MATCH: fuzzy score below threshold or too close to runner-up,,,65.11627906976744
star-realms-colony-wars-stand-alone,Star Realms: Colony Wars (stand alone),LOW_CONFIDENCE_MATCH: fuzzy score below threshold or too close to runner-up,,,79.3103448275862
tapestry-board-game-arts-and-architecture-expansion,Tapestry Board Game: Arts And Architecture Expansion,LOW_CONFIDENCE_MATCH: fuzzy score below threshold or too close to runner-up,,,69.6969696969697
switch-signal,Switch & Signal,LOW_CONFIDENCE_MATCH: ambiguous: multiple BGG entries share this normalized title,,,
unlock-short-1-secret-recipes-of-yore,Unlock! Short 1 - Secret Recipes of Yore,LOW_CONFIDENCE_MATCH: fuzzy score below threshold or too close to runner-up,,,86.74698795180723
botany,Botany,"QUALITY_GATE: shrunk=6.95, usersrated=1315",380837,Botany,100.0
escape-from-the-movie-studio,Escape from the Movie Studio,"QUALITY_GATE: shrunk=6.44, usersrated=27",401107,Escape from the Movie Studio,100.0
charterstone,Charterstone,"QUALITY_GATE: shrunk=7.17, usersrated=15405",197376,Charterstone,100.0
exit-kids-jungle-of-riddles,Exit: Kids - Jungle of Riddles,"QUALITY_GATE: shrunk=6.32, usersrated=299",366316,EXIT: The Game – Kids: Jungle of Riddles,100.0
agricola-farmers-of-the-moor-revised-edition,Agricola: Farmers of the Moor (Revised Edition),LOW_CONFIDENCE_MATCH: fuzzy score below threshold or too close to runner-up,,,75.0
concept-kids-animals,Concept: Kids Animals,"QUALITY_GATE: shrunk=6.99, usersrated=1330",247314,Concept Kids: Animals,100.0
cthulu-death-may-die-yog-sothoth,Cthulhu: Death May Die - Yog Sothoth,"LOW_CONFIDENCE_MATCH: exact match is a BGG expansion/non-base entry, out of scope -- refusing to fall back to a fuzzy match against an unrelated base game",,,100.0
selfish-zombie-edition,Selfish Zombie Edition,"QUALITY_GATE: shrunk=6.16, usersrated=272",288583,Selfish: Zombie Edition,100.0
night-of-the-ninja,Night of the Ninja,"QUALITY_GATE: shrunk=7.12, usersrated=1913",306321,Night of the Ninja,100.0
next-station-tokyo,Next Station - Tokyo,"QUALITY_GATE: shrunk=7.13, usersrated=2596",380165,Next Station: Tokyo,100.0
13-beavers,13 Beavers,"QUALITY_GATE: shrunk=6.40, usersrated=265",423850,13 Beavers,100.0
forgotten-lands-explorers-of-navoria-expansion,Forgotten Lands: Explorers of Navoria Expansion,LOW_CONFIDENCE_MATCH: fuzzy score below threshold or too close to runner-up,,,60.97560975609756
twisted-cryptids,Twisted Cryptids,"QUALITY_GATE: shrunk=6.63, usersrated=476",429840,Twisted Cryptids,100.0
carcassonne-castles-bridges-exp-8-2025,Carcassonne: Castles & Bridges - Exp 8 (2025),LOW_CONFIDENCE_MATCH: fuzzy score below threshold or too close to runner-up,,,65.45454545454545
rivals-for-catan-deluxe,Rivals for Catan: Deluxe,"QUALITY_GATE: shrunk=7.05, usersrated=846",203219,Rivals for Catan: Deluxe,100.0
jim-hensons-labyrinth-board-game,Jim Henson's Labyrinth: The Board Game,"QUALITY_GATE: shrunk=5.40, usersrated=844",198447,Jim Henson's Labyrinth: The Board Game,100.0
king-toyko-monster-pack-cthulhu,King of Tokyo: Monster Pack: Cthulhu,LOW_CONFIDENCE_MATCH: fuzzy score below threshold or too close to runner-up,,,74.57627118644068
dice-throne-season-two-box-4-vampire-lord-vs-seraph,Dice Throne Season Two Box 4: Vampire Lord vs. Seraph,LOW_CONFIDENCE_MATCH: digit conflict (likely a different sequel/season/expansion),,,93.47826086956522
atlantis-rising,Atlantis Rising,"QUALITY_GATE: shrunk=6.48, usersrated=1023",92120,Atlantis Rising,100.0
nemesis-terrain-expansion,Nemesis: Terrain Expansion,LOW_CONFIDENCE_MATCH: fuzzy score below threshold or too close to runner-up,,,66.66666666666667
sniper-elite-eagless-nest-expansion,Sniper Elite: Eagles's Nest Expansion,LOW_CONFIDENCE_MATCH: fuzzy score below threshold or too close to runner-up,,,60.0
hegemony-crisis-and-control,Hegemony: Crisis And Control,LOW_CONFIDENCE_MATCH: fuzzy score below threshold or too close to runner-up,,,65.11627906976744
zatu-new-releases-box,Zatu New Releases Box,LOW_CONFIDENCE_MATCH: fuzzy score below threshold or too close to runner-up,,,66.66666666666667
unlock-short-adventures-13-the-ascent,Unlock! Short Adventures 13 - The Ascent,"QUALITY_GATE: shrunk=6.56, usersrated=106",464697,Unlock!: Short Adventures – The Ascent,95.23809523809523
xia-legend-of-a-drift-system-metal-2000cr-coins,"Xia: Legends of a Drift System - Metal 2,000cR Coins",LOW_CONFIDENCE_MATCH: fuzzy score below threshold or too close to runner-up,,,73.97260273972603
exploding-kittens-nsfw,Exploding kittens NSFW,"QUALITY_GATE: shrunk=6.23, usersrated=11145",172242,Exploding Kittens: NSFW Edition,95.0
jenga,Jenga,"QUALITY_GATE: shrunk=5.67, usersrated=17574",2452,Jenga,100.0
here-to-slay-berserker-necromancer-expansion,Here to Slay: Berserker & Necromancer Expansion,LOW_CONFIDENCE_MATCH: fuzzy score below threshold or too close to runner-up,,,57.77777777777777
karak,Karak,"QUALITY_GATE: shrunk=7.15, usersrated=4229",241477,Karak,100.0
psycho-killer-a-card-game-for-psychos,Psycho Killer A Card Game For Psychos,LOW_CONFIDENCE_MATCH: fuzzy score below threshold or too close to runner-up,,,68.42105263157895
age-of-innovation-a-terra-mystica-game,Age of Innovation: A Terra Mystica Game,LOW_CONFIDENCE_MATCH: fuzzy score below threshold or too close to runner-up,,,70.27027027027026
rafter-five,Rafter Five,"QUALITY_GATE: shrunk=6.65, usersrated=1013",405538,Rafter Five,100.0
katmai,Katmai,"QUALITY_GATE: shrunk=6.72, usersrated=145",419908,Katmai: The Bears of Brooks River,95.0
bean-counters-inc,Bean Counters Inc.,"QUALITY_GATE: shrunk=6.71, usersrated=42",443053,Bean Counters Inc.,100.0
miskatonic-tales-journey-to-innsmouth,Miskatonic Tales: Journey to Innsmouth,"QUALITY_GATE: shrunk=6.69, usersrated=87",429431,Miskatonic Tales: Journey to Innsmouth,100.0
executives-the-networks-expansion,Executives The Networks Expansion,LOW_CONFIDENCE_MATCH: fuzzy score below threshold or too close to runner-up,,,62.22222222222222
core-space-get-to-the-shuttle-expansion,Core Space Get To The Shuttle Expansion,LOW_CONFIDENCE_MATCH: fuzzy score below threshold or too close to runner-up,,,67.74193548387098
caesar,Caesar!,"QUALITY_GATE: shrunk=6.38, usersrated=13",7615,Caesar,100.0
dog-park-standard-edition,Dog Park Standard Edition,"QUALITY_GATE: shrunk=6.86, usersrated=4071",331401,Dog Park,100.0
unlock-short-5-in-pursuit-of-cabrakan,Unlock! Short 5 - In Pursuit of Cabrakan,LOW_CONFIDENCE_MATCH: fuzzy score below threshold or too close to runner-up,,,86.74698795180723
qe-quantitative-easing,QE (Quantitative Easing),LOW_CONFIDENCE_MATCH: fuzzy score below threshold or too close to runner-up,,,62.5
heroquest-jungles-of-delthrak,HeroQuest Jungles Of Delthrak,"LOW_CONFIDENCE_MATCH: exact match is a BGG expansion/non-base entry, out of scope -- refusing to fall back to a fuzzy match against an unrelated base game",,,100.0
kites-time-to-fly,Kites Time to Fly,LOW_CONFIDENCE_MATCH: fuzzy score below threshold or too close to runner-up,,,74.07407407407408
fun-facts,Fun Facts,"QUALITY_GATE: shrunk=7.00, usersrated=3234",370164,Fun Facts,100.0
sub-terra-investigation,Sub Terra: Investigation,"LOW_CONFIDENCE_MATCH: exact match is a BGG expansion/non-base entry, out of scope -- refusing to fall back to a fuzzy match against an unrelated base game",,,100.0
final-girl-series-3-ultimate-boxes,Final Girl: Series 3 Ultimate Boxes,LOW_CONFIDENCE_MATCH: fuzzy score below threshold or too close to runner-up,,,83.33333333333334
gutter-head-the-fiendishly-filthy-drawing-game,Gutterhead - The Fiendishly Filthy Drawing Game,LOW_CONFIDENCE_MATCH: fuzzy score below threshold or too close to runner-up,,,58.22784810126582
slide,Slide,"QUALITY_GATE: shrunk=6.38, usersrated=1322",415836,Slide,100.0
ubongo,Ubongo,"QUALITY_GATE: shrunk=6.66, usersrated=10576",16986,Ubongo,100.0
ultimate-werewolf-party-game-by-ted-alspach,Ultimate Werewolf Party Game by Ted Alspach,LOW_CONFIDENCE_MATCH: fuzzy score below threshold or too close to runner-up,,,68.42105263157895
deadwood-1876,Deadwood 1876,"QUALITY_GATE: shrunk=6.57, usersrated=1930",245197,Deadwood 1876,100.0
saboteur-the-duel,Saboteur The Duel,"QUALITY_GATE: shrunk=6.02, usersrated=2427",168215,Saboteur: The Duel,100.0
shifting-stones,Shifting Stones,"QUALITY_GATE: shrunk=6.51, usersrated=3043",302280,Shifting Stones,100.0
schotten-totten-2,Schotten Totten 2,"QUALITY_GATE: shrunk=7.03, usersrated=1700",300930,Schotten Totten 2,100.0
tapestry-fantasies-futures-exp,Tapestry: Fantasies & Futures Exp,LOW_CONFIDENCE_MATCH: fuzzy score below threshold or too close to runner-up,,,62.295081967213115
senjutsu-battle-for-japan,Senjutsu: Battle for Japan,"QUALITY_GATE: shrunk=7.14, usersrated=1364",343900,Senjutsu: Battle For Japan,100.0
cards-vs-gravity-pro,Cards vs Gravity Pro,"QUALITY_GATE: shrunk=6.77, usersrated=123",434423,Cards vs Gravity: Pro,100.0
gaia-project-the-lost-fleet,Gaia Project - The lost fleet,"LOW_CONFIDENCE_MATCH: exact match is a BGG expansion/non-base entry, out of scope -- refusing to fall back to a fuzzy match against an unrelated base game",,,100.0
dominion-rising-sun,Dominion - Rising Sun,"LOW_CONFIDENCE_MATCH: exact match is a BGG expansion/non-base entry, out of scope -- refusing to fall back to a fuzzy match against an unrelated base game",,,100.0
cthulhu-wars-bubastis-faction-expansion,Cthulhu Wars: Bubastis Faction Expansion,LOW_CONFIDENCE_MATCH: fuzzy score below threshold or too close to runner-up,,,65.67164179104478
silver-gold,Silver & Gold,"QUALITY_GATE: shrunk=7.15, usersrated=9067",270673,Silver & Gold,100.0
king-of-monster-island,King of Monster Island,"QUALITY_GATE: shrunk=7.08, usersrated=1550",350755,King of Monster Island,100.0
cthulhu-death-may-die-godzilla,Cthulhu: Death May Die - Godzilla,LOW_CONFIDENCE_MATCH: fuzzy score below threshold or too close to runner-up,,,82.35294117647058
kerplunk-2,Kerplunk,"QUALITY_GATE: shrunk=4.89, usersrated=1868",3728,Ker Plunk,94.11764705882352
chronicles-of-crime-noir,Chronicles of Crime: NOIR,"LOW_CONFIDENCE_MATCH: exact match is a BGG expansion/non-base entry, out of scope -- refusing to fall back to a fuzzy match against an unrelated base game",,,100.0
geekbox-slim,Geekbox: Slim,LOW_CONFIDENCE_MATCH: fuzzy score below threshold or too close to runner-up,,,60.86956521739131
oath-new-foundations-includes-deck-deluxe-components-ii,Oath New Foundations (includes Deck & Deluxe Components II),LOW_CONFIDENCE_MATCH: fuzzy score below threshold or too close to runner-up,,,55.55555555555556
terraforming-mars-automa,Terraforming Mars: Automa,"LOW_CONFIDENCE_MATCH: exact match is a BGG expansion/non-base entry, out of scope -- refusing to fall back to a fuzzy match against an unrelated base game",,,100.0
flip-circus,Flip Circus,"QUALITY_GATE: shrunk=6.84, usersrated=214",404351,Flip Circus,100.0
star-wars-edge-of-the-empire-rpg-beginner-game-edge-studio-edition,Star Wars Edge of the Empire RPG: Beginner Game (Edge Studio Edition),LOW_CONFIDENCE_MATCH: fuzzy score below threshold or too close to runner-up,,,59.25925925925925
air-land-sea-critters-at-war,"Air, Land & Sea: Critters at War",LOW_CONFIDENCE_MATCH: fuzzy score below threshold or too close to runner-up,,,74.07407407407408
cultivate,CULTivate,LOW_CONFIDENCE_MATCH: ambiguous: multiple BGG entries share this normalized title,,,
dominion-prosperity-2nd-edition,Dominion Prosperity 2nd Edition,"LOW_CONFIDENCE_MATCH: exact match is a BGG expansion/non-base entry, out of scope -- refusing to fall back to a fuzzy match against an unrelated base game",,,100.0
unlock-short-4-doo-aranns-dungeon,Unlock! Short 4 - Doo-Arann's Dungeon,LOW_CONFIDENCE_MATCH: fuzzy score below threshold or too close to runner-up,,,85.71428571428572
landmarks-board-game,Landmarks Board Game,LOW_CONFIDENCE_MATCH: ambiguous: multiple BGG entries share this normalized title,,,
little-hands-card-holder,Little Hands Card Holder,LOW_CONFIDENCE_MATCH: fuzzy score below threshold or too close to runner-up,,,69.76744186046511
one-deck-dungeon-forest-of-shadows,One Deck Dungeon: Forest of Shadows,"QUALITY_GATE: shrunk=7.06, usersrated=3557",224821,One Deck Dungeon: Forest of Shadows,100.0
tsuro-of-the-seas,Tsuro of the Seas,"QUALITY_GATE: shrunk=6.51, usersrated=7024",124172,Tsuro of the Seas,100.0
destinies-large-neoprene-world-mat,Destinies - Large Neoprene World Mat,LOW_CONFIDENCE_MATCH: fuzzy score below threshold or too close to runner-up,,,62.5
cartographers-map-pack-collection,Cartographers Map Pack Collection,"LOW_CONFIDENCE_MATCH: exact match is a BGG expansion/non-base entry, out of scope -- refusing to fall back to a fuzzy match against an unrelated base game",,,100.0
mycelia-standard,Mycelia: Standard,LOW_CONFIDENCE_MATCH: fuzzy score below threshold or too close to runner-up,,,70.96774193548387
earth-abundance,Earth: Abundance,"LOW_CONFIDENCE_MATCH: exact match is a BGG expansion/non-base entry, out of scope -- refusing to fall back to a fuzzy match against an unrelated base game",,,100.0
the-sun-never-set-splendor,The Sun Never Set: Splendor,LOW_CONFIDENCE_MATCH: fuzzy score below threshold or too close to runner-up,,,63.63636363636363
maladum-beyond-the-vaults,Maladum Beyond the Vaults,LOW_CONFIDENCE_MATCH: fuzzy score below threshold or too close to runner-up,,,62.5
the-red-dragon-inn-2,The Red Dragon Inn 2,"QUALITY_GATE: shrunk=6.90, usersrated=3391",33451,The Red Dragon Inn 2,100.0
concordia-britannia-and-germania-map-expansion,Concordia: Britannia And Germania Map Expansion,LOW_CONFIDENCE_MATCH: fuzzy score below threshold or too close to runner-up,,,58.13953488372092
concordia-solitaria-expansion,Concordia: Solitaria Expansion,LOW_CONFIDENCE_MATCH: fuzzy score below threshold or too close to runner-up,,,66.66666666666667
maskmen,Maskmen,"QUALITY_GATE: shrunk=6.93, usersrated=2570",159581,Maskmen,100.0
castles-of-burgundy-deluxe-edition,Castles of Burgundy - Deluxe Edition,LOW_CONFIDENCE_MATCH: ambiguous: multiple BGG entries share this normalized title,,,
joking-hazard-by-cyanide-happiness,Joking Hazard By Cyanide & Happiness,LOW_CONFIDENCE_MATCH: fuzzy score below threshold or too close to runner-up,,,69.33333333333334
quarto,Quarto,LOW_CONFIDENCE_MATCH: ambiguous: multiple BGG entries share this normalized title,,,
putrified-enmity-terrorscape-expansion,Putrified Enmity: Terrorscape Expansion,LOW_CONFIDENCE_MATCH: fuzzy score below threshold or too close to runner-up,,,59.375
quickstop,Quickstop,LOW_CONFIDENCE_MATCH: fuzzy score below threshold or too close to runner-up,,,88.88888888888889
nature-board-game,Nature Board Game,LOW_CONFIDENCE_MATCH: ambiguous: multiple BGG entries share this normalized title,,,
maladum-beasts-of-enveron-expansion,Maladum Beasts of Enveron Expansion,LOW_CONFIDENCE_MATCH: fuzzy score below threshold or too close to runner-up,,,67.74193548387098
encore,Encore,LOW_CONFIDENCE_MATCH: ambiguous: multiple BGG entries share this normalized title,,,
braggart-2nd-edition,Braggart: 2nd Edition,"QUALITY_GATE: shrunk=6.31, usersrated=951",72420,Braggart,100.0
land-vs-sea,Land vs Sea,"QUALITY_GATE: shrunk=7.02, usersrated=3024",336929,Land vs Sea,100.0
paleo-a-new-beginning,Paleo: A New Beginning,"LOW_CONFIDENCE_MATCH: exact match is a BGG expansion/non-base entry, out of scope -- refusing to fall back to a fuzzy match against an unrelated base game",,,100.0
king-of-tokyo-even-more-wicked-micro-expansion,King of Tokyo - Even More Wicked!  Micro Expansion,LOW_CONFIDENCE_MATCH: fuzzy score below threshold or too close to runner-up,,,57.425742574257434
cat-days,Cat Days,"QUALITY_GATE: shrunk=6.41, usersrated=108",414274,Cat Days,100.0
western-legends-the-good-the-bad-and-the-handsome-expansion,"Western Legends: The Good, the Bad and the Handsome Expansion",LOW_CONFIDENCE_MATCH: fuzzy score below threshold or too close to runner-up,,,59.4059405940594
puerto-rico-1897-game,Puerto Rico 1897 Game,LOW_CONFIDENCE_MATCH: fuzzy score below threshold or too close to runner-up,,,86.48648648648648
the-tea-dragon-society-card-game,The Tea Dragon Society Card Game,"QUALITY_GATE: shrunk=6.33, usersrated=1452",236709,The Tea Dragon Society Card Game,100.0
uno-flip,UNO Flip,LOW_CONFIDENCE_MATCH: ambiguous: multiple BGG entries share this normalized title,,,
the-isle-of-cats-expansion-kittens-beasts,The Isle of Cats Expansion: Kittens + Beasts,LOW_CONFIDENCE_MATCH: fuzzy score below threshold or too close to runner-up,,,62.295081967213115
adventure-games-the-dungeon,Adventure Games: The Dungeon,"QUALITY_GATE: shrunk=6.89, usersrated=2813",267813,Adventure Games: The Dungeon,100.0
herbaceous-the-card-game,Herbaceous (The Card Game),"QUALITY_GATE: shrunk=6.98, usersrated=6317",195314,Herbaceous,100.0
through-the-ages-expansion-new-leaders-wonders,Through the Ages Expansion: New Leaders & Wonders,LOW_CONFIDENCE_MATCH: fuzzy score below threshold or too close to runner-up,,,63.366336633663366
the-sims-board-game,The Sims Board Game,"QUALITY_GATE: shrunk=5.65, usersrated=201",448450,The Sims Board Game,100.0
dominion-alchemy,Dominion: Alchemy,"LOW_CONFIDENCE_MATCH: exact match is a BGG expansion/non-base entry, out of scope -- refusing to fall back to a fuzzy match against an unrelated base game",,,100.0
nova-marvel-champions-hero-pack,Marvel Champions: Nova Hero Pack,"LOW_CONFIDENCE_MATCH: exact match is a BGG expansion/non-base entry, out of scope -- refusing to fall back to a fuzzy match against an unrelated base game",,,100.0
gloomhaven-metal-coin-upgrade,Gloomhaven: Metal Coin Upgrade,LOW_CONFIDENCE_MATCH: fuzzy score below threshold or too close to runner-up,,,59.25925925925925
mindbug-first-contact-new-servants-add-on,Mindbug - First Contact: New Servants Add On,LOW_CONFIDENCE_MATCH: fuzzy score below threshold or too close to runner-up,,,67.74193548387098
thunder-road-vendetta-carnival-of-chaos-expansion,Thunder Road: Vendetta - Carnival of Chaos Expansion,LOW_CONFIDENCE_MATCH: fuzzy score below threshold or too close to runner-up,,,65.88235294117646
the-marrek-murders-final-girl,The Marrek Murders: Final Girl,LOW_CONFIDENCE_MATCH: fuzzy score below threshold or too close to runner-up,,,69.56521739130434
architects-of-amytis,Architects of Amytis,"QUALITY_GATE: shrunk=7.01, usersrated=856",415910,The Architects of Amytis,100.0
quarto-mini,Quarto Mini,LOW_CONFIDENCE_MATCH: fuzzy score below threshold or too close to runner-up,,,76.19047619047619
dune-choam-and-richese-house-expansion,Dune: Choam and Richese House Expansion,LOW_CONFIDENCE_MATCH: fuzzy score below threshold or too close to runner-up,,,63.1578947368421
unstable-unicorns-adventure-expansion,Unstable Unicorns: Adventure Expansion,LOW_CONFIDENCE_MATCH: fuzzy score below threshold or too close to runner-up,,,71.42857142857143
twister-2,Twister,"QUALITY_GATE: shrunk=4.60, usersrated=5645",5894,Twister,100.0
smelly-wellies,Smelly Wellies,"QUALITY_GATE: shrunk=6.40, usersrated=9",267181,Smelly Wellies,100.0
viticulture-world-expansion,Viticulture - World Expansion,LOW_CONFIDENCE_MATCH: fuzzy score below threshold or too close to runner-up,,,68.0
blytz,Blytz,"QUALITY_GATE: shrunk=6.61, usersrated=32",412908,Blytz,100.0
the-1-club,The 1% Club,"QUALITY_GATE: shrunk=6.45, usersrated=4",436792,The 1% Club: The Board Game,100.0
distilled-card-game-africa-and-middle-east-expansion,Distilled Card Game: Africa And Middle East Expansion,"LOW_CONFIDENCE_MATCH: exact match is a BGG expansion/non-base entry, out of scope -- refusing to fall back to a fuzzy match against an unrelated base game",,,100.0
catan-traders-barbarians-6th-edition,CATAN Traders & Barbarians (6th Edition),"LOW_CONFIDENCE_MATCH: exact match is a BGG expansion/non-base entry, out of scope -- refusing to fall back to a fuzzy match against an unrelated base game",,,100.0
story-time-chess,Story Time Chess,"QUALITY_GATE: shrunk=6.74, usersrated=113",282721,Story Time Chess,100.0
push,PUSH,LOW_CONFIDENCE_MATCH: ambiguous: multiple BGG entries share this normalized title,,,
challengers,Challengers,"QUALITY_GATE: shrunk=7.05, usersrated=8486",359970,Challengers!,100.0
joraku-deluxe-edition,Joraku Deluxe Edition,"QUALITY_GATE: shrunk=7.18, usersrated=2098",180901,Joraku,100.0
distilled-card-game-cask-strength-expansion,Distilled Card Game: Cask Strength Expansion,LOW_CONFIDENCE_MATCH: fuzzy score below threshold or too close to runner-up,,,62.16216216216216
terror-from-destiny-final-girl,Terror From Destiny: Final Girl,LOW_CONFIDENCE_MATCH: fuzzy score below threshold or too close to runner-up,,,61.224489795918366
tools-of-hero-kind-boss-monster-expansion,Tools of Hero-kind: Boss Monster Expansion,LOW_CONFIDENCE_MATCH: fuzzy score below threshold or too close to runner-up,,,66.66666666666667
finspan-sharks-reefs,Finspan: Sharks & Reefs,"LOW_CONFIDENCE_MATCH: exact match is a BGG expansion/non-base entry, out of scope -- refusing to fall back to a fuzzy match against an unrelated base game",,,100.0
company-of-heroes-2nd-edition-core-set,Company of Heroes: 2nd Edition Core Set,LOW_CONFIDENCE_MATCH: fuzzy score below threshold or too close to runner-up,,,79.06976744186046
here-to-slay-warriors-druids-expansion,Here to Slay: Warriors & Druids Expansion,"LOW_CONFIDENCE_MATCH: exact match is a BGG expansion/non-base entry, out of scope -- refusing to fall back to a fuzzy match against an unrelated base game",,,100.0
sly-pack-o-game,SLY Pack O Game,LOW_CONFIDENCE_MATCH: fuzzy score below threshold or too close to runner-up,,,81.25
apiary-expanding-the-hive,Apiary: Expanding the Hive,"LOW_CONFIDENCE_MATCH: exact match is a BGG expansion/non-base entry, out of scope -- refusing to fall back to a fuzzy match against an unrelated base game",,,100.0
7-wonders-dice,7 Wonders: Dice,"QUALITY_GATE: shrunk=6.43, usersrated=1899",446231,7 Wonders Dice,100.0
maladum-reference-cards,Maladum Reference Cards,LOW_CONFIDENCE_MATCH: fuzzy score below threshold or too close to runner-up,,,66.66666666666667
deduckto,Deduckto,"QUALITY_GATE: shrunk=7.09, usersrated=550",380887,Deduckto,100.0
dixit-expansion-2-quest,Dixit Expansion 2: Quest,LOW_CONFIDENCE_MATCH: fuzzy score below threshold or too close to runner-up,,,65.3061224489796
ticket-to-ride-berlin,Ticket To Ride: Berlin,"QUALITY_GATE: shrunk=7.13, usersrated=740",388036,Ticket To Ride: Berlin,100.0
traitors-aboard,Traitors Aboard,"QUALITY_GATE: shrunk=6.77, usersrated=678",403000,Traitors Aboard,100.0
series-1-ultimate-boxes-final-girl,Series 1 Ultimate Boxes: Final Girl,LOW_CONFIDENCE_MATCH: fuzzy score below threshold or too close to runner-up,,,83.33333333333334
vaesen-nordic-horror-roleplaying-starter-set,Vaesen: Nordic Horror Roleplaying Starter Set,LOW_CONFIDENCE_MATCH: fuzzy score below threshold or too close to runner-up,,,58.53658536585367
the-night-cage-shrieking-hollow-retail-edition,The Night Cage: Shrieking Hollow - Retail Edition,"LOW_CONFIDENCE_MATCH: exact match is a BGG expansion/non-base entry, out of scope -- refusing to fall back to a fuzzy match against an unrelated base game",,,100.0
series-2-ultimate-boxes-final-girl,Series 2 Ultimate Boxes: Final Girl,LOW_CONFIDENCE_MATCH: fuzzy score below threshold or too close to runner-up,,,83.33333333333334
canal-houses,Canal Houses,"QUALITY_GATE: shrunk=6.90, usersrated=565",404845,Canal Houses,100.0
sub-terra-annihilation,Sub Terra: Annihilation,"LOW_CONFIDENCE_MATCH: exact match is a BGG expansion/non-base entry, out of scope -- refusing to fall back to a fuzzy match against an unrelated base game",,,100.0
dobble-junior,Dobble Junior,LOW_CONFIDENCE_MATCH: fuzzy score below threshold or too close to runner-up,,,76.92307692307692
dice-throne-season-one-rerolled-2-monk-vs-paladin,Dice Throne Season One ReRolled 2: Monk vs. Paladin,LOW_CONFIDENCE_MATCH: digit conflict (likely a different sequel/season/expansion),,,97.82608695652173
everdell-mistwood,Everdell Mistwood,"LOW_CONFIDENCE_MATCH: exact match is a BGG expansion/non-base entry, out of scope -- refusing to fall back to a fuzzy match against an unrelated base game",,,100.0
eleven-base-game,Eleven Base Game,LOW_CONFIDENCE_MATCH: fuzzy score below threshold or too close to runner-up,,,74.07407407407408
star-wars-the-mandalorian-adventures-clan-of-two-expansion,Star Wars The Mandalorian Adventures: Clan Of Two Expansion,LOW_CONFIDENCE_MATCH: fuzzy score below threshold or too close to runner-up,,,63.52941176470588
set,SET,"QUALITY_GATE: shrunk=6.51, usersrated=14311",1198,SET,100.0
rummikub-word,Rummikub Word,"QUALITY_GATE: shrunk=5.73, usersrated=249",4598,Word Rummikub,100.0
catch-the-moon-2nd-printing,Catch The Moon (2nd Printing),LOW_CONFIDENCE_MATCH: fuzzy score below threshold or too close to runner-up,,,63.63636363636363
villagers,Villagers,LOW_CONFIDENCE_MATCH: ambiguous: multiple BGG entries share this normalized title,,,
blank-slate,Blank Slate,"QUALITY_GATE: shrunk=6.61, usersrated=1611",254188,Blank Slate,100.0
bullseye-board-game,Bullseye Board Game,LOW_CONFIDENCE_MATCH: ambiguous: multiple BGG entries share this normalized title,,,
sub-terra-incubation-expansion,Sub Terra: Incubation Expansion,LOW_CONFIDENCE_MATCH: fuzzy score below threshold or too close to runner-up,,,71.69811320754718
inferno-retail-edition,Inferno - Retail Edition,LOW_CONFIDENCE_MATCH: ambiguous: multiple BGG entries share this normalized title,,,
fallen-land-descendants-expansion,Fallen Land Descendants Expansion,LOW_CONFIDENCE_MATCH: fuzzy score below threshold or too close to runner-up,,,60.37735849056604
ratjack,Ratjack,"QUALITY_GATE: shrunk=6.65, usersrated=1060",414107,Ratjack,100.0
cascadia-rolling-rivers,Cascadia: Rolling Rivers,"QUALITY_GATE: shrunk=7.12, usersrated=1530",407318,Cascadia: Rolling Rivers,100.0
dont-make-a-sound-final-girl,Don't Make a Sound: Final Girl,LOW_CONFIDENCE_MATCH: fuzzy score below threshold or too close to runner-up,,,68.18181818181819
luz,Luz,LOW_CONFIDENCE_MATCH: ambiguous: multiple BGG entries share this normalized title,,,
return-to-dark-tower-alliances-expansion,Return to Dark Tower - Alliances Expansion,LOW_CONFIDENCE_MATCH: fuzzy score below threshold or too close to runner-up,,,66.66666666666667
looot,Looot,"QUALITY_GATE: shrunk=7.04, usersrated=2686",410991,Looot,100.0
upon-time-storytelling-card-game,Once Upon a Time - The Storytelling Card Game,"QUALITY_GATE: shrunk=6.35, usersrated=9274",1234,Once Upon a Time: The Storytelling Card Game,100.0
smash-up-marvel,Smash Up: Marvel,"QUALITY_GATE: shrunk=7.07, usersrated=660",306697,Smash Up: Marvel,100.0
salsa-concordia-exp,Concordia: Salsa Expansion,LOW_CONFIDENCE_MATCH: fuzzy score below threshold or too close to runner-up,,,72.0
cthulhu-wars-tcho-tcho-faction-expansion-2,Cthulhu Wars: Tcho-Tcho Faction Expansion,LOW_CONFIDENCE_MATCH: fuzzy score below threshold or too close to runner-up,,,64.70588235294117
star-fluxx,Star Fluxx,"QUALITY_GATE: shrunk=6.30, usersrated=6026",102104,Star Fluxx,100.0
pirate-fluxx,Pirate Fluxx,"QUALITY_GATE: shrunk=6.21, usersrated=2926",73538,Pirate Fluxx,100.0
mantis-falls,Mantis Falls,"QUALITY_GATE: shrunk=7.10, usersrated=1853",291847,Mantis Falls,100.0
between-two-castles-essential-edition,Between Two Castles: Essential Edition,"QUALITY_GATE: shrunk=7.10, usersrated=153",437698,Between Two Castles: Essential Edition,100.0
escape-from-the-lost-temple,Escape from the Lost Temple,"QUALITY_GATE: shrunk=6.62, usersrated=21",444816,Escape from the Lost Temple,100.0
gang-of-four,Gang of Four,"QUALITY_GATE: shrunk=6.62, usersrated=2543",3085,Gang of Four,100.0
hey-thats-my-fish-2,Hey That's My Fish,"QUALITY_GATE: shrunk=6.70, usersrated=22891",8203,"Hey, That's My Fish!",100.0
tiny-epic-cthulhu-cult-of-chaos-expansion,Tiny Epic Cthulhu Cult of Chaos Expansion,LOW_CONFIDENCE_MATCH: fuzzy score below threshold or too close to runner-up,,,58.62068965517242
halo-flashpoint-rise-of-the-banished,Halo: Flashpoint - Rise of the Banished,"LOW_CONFIDENCE_MATCH: exact match is a BGG expansion/non-base entry, out of scope -- refusing to fall back to a fuzzy match against an unrelated base game",,,100.0
carcassonne-siege-defence-exp-7-2025,Carcassonne: Siege & Defence - Exp 7 (2025),LOW_CONFIDENCE_MATCH: fuzzy score below threshold or too close to runner-up,,,66.66666666666667
agent-avenue-division-m,Agent Avenue: Division M,"LOW_CONFIDENCE_MATCH: exact match is a BGG expansion/non-base entry, out of scope -- refusing to fall back to a fuzzy match against an unrelated base game",,,100.0
little-soldiers,Little Soldiers,"QUALITY_GATE: shrunk=6.65, usersrated=207",404356,Little Soldiers,100.0
bretwalda-artefacts,Bretwalda: Artefacts,LOW_CONFIDENCE_MATCH: fuzzy score below threshold or too close to runner-up,,,66.66666666666667
bolt-action-starter-set,Bolt Action Starter Set,LOW_CONFIDENCE_MATCH: fuzzy score below threshold or too close to runner-up,,,79.3103448275862
think-words,Think Words,"QUALITY_GATE: shrunk=6.47, usersrated=2",291621,Think Words! Spin,95.0
sub-terra-extraction,Sub Terra: Extraction,"LOW_CONFIDENCE_MATCH: exact match is a BGG expansion/non-base entry, out of scope -- refusing to fall back to a fuzzy match against an unrelated base game",,,100.0
sequence-classic-2,Sequence Classic,LOW_CONFIDENCE_MATCH: fuzzy score below threshold or too close to runner-up,,,82.75862068965517
dino-days,Dino Days,"QUALITY_GATE: shrunk=6.53, usersrated=73",414798,Dino Days,100.0
dinosaurs-top-trumps-classics,Dinosaurs - Top Trumps Classics,LOW_CONFIDENCE_MATCH: fuzzy score below threshold or too close to runner-up,,,63.829787234042556
star-trek-away-missions-expansion-the-house-of-duras-klingon-expansion,Star Trek Away Missions Expansion: The House of Duras - Klingon Expansion,LOW_CONFIDENCE_MATCH: fuzzy score below threshold or too close to runner-up,,,58.82352941176471
black-forest,Black Forest,LOW_CONFIDENCE_MATCH: ambiguous: multiple BGG entries share this normalized title,,,
irk-pack-o-game,IRK Pack O Game,LOW_CONFIDENCE_MATCH: fuzzy score below threshold or too close to runner-up,,,71.42857142857143
misheard-music,Misheard Music,"QUALITY_GATE: shrunk=6.46, usersrated=7",461167,Misheard music,100.0
terrorscape-lethal-immortals,Terrorscape Lethal Immortals,"LOW_CONFIDENCE_MATCH: exact match is a BGG expansion/non-base entry, out of scope -- refusing to fall back to a fuzzy match against an unrelated base game",,,100.0
grab-game-mantis,Grab & Game - Mantis,"QUALITY_GATE: shrunk=6.47, usersrated=73",430592,MANTIS: Grab & Game,100.0
the-red-dragon-inn-3,The Red Dragon Inn 3,"QUALITY_GATE: shrunk=7.16, usersrated=1955",66510,The Red Dragon Inn 3,100.0
incohearent-the-spicier-edition,Incohearent - The Spicier Edition,LOW_CONFIDENCE_MATCH: fuzzy score below threshold or too close to runner-up,,,71.69811320754718
mad-pack-o-game,MAD Pack O Game,LOW_CONFIDENCE_MATCH: fuzzy score below threshold or too close to runner-up,,,81.4814814814815
massive-darkness-2-monks-and-necromancers-vs-the-paragon,Massive Darkness 2: Monks and Necromancers vs The Paragon,LOW_CONFIDENCE_MATCH: fuzzy score below threshold or too close to runner-up,,,58.22784810126582
iss-vanguard-deadly-frontier-campaign,ISS Vanguard: Deadly Frontier Campaign,LOW_CONFIDENCE_MATCH: fuzzy score below threshold or too close to runner-up,,,61.76470588235294
prey-another-day,Prey Another Day,"QUALITY_GATE: shrunk=6.82, usersrated=2867",234260,Prey Another Day,100.0
wandering-towers-mini-spell-expansion-2,Wandering Towers: Mini-Spell Expansion 2,"LOW_CONFIDENCE_MATCH: exact match is a BGG expansion/non-base entry, out of scope -- refusing to fall back to a fuzzy match against an unrelated base game",,,100.0
yet-pack-o-game,YET Pack O Game,LOW_CONFIDENCE_MATCH: fuzzy score below threshold or too close to runner-up,,,87.5
20-strong-board-game-tanglewoods-baba-yaga,20 Strong Board Game: Tanglewoods: Baba Yaga,"LOW_CONFIDENCE_MATCH: exact match is a BGG expansion/non-base entry, out of scope -- refusing to fall back to a fuzzy match against an unrelated base game",,,100.0
horrible-therapist,Horrible Therapist,"QUALITY_GATE: shrunk=5.46, usersrated=358",430572,Horrible Therapist,100.0
catan-seafarers-5-6-player-expansion-6th-edition,CATAN Seafarers 5-6 Player Expansion 6th Edition,LOW_CONFIDENCE_MATCH: fuzzy score below threshold or too close to runner-up,,,66.66666666666667
dorfromantik-light-luggage,Dorfromantik - Light Luggage,"QUALITY_GATE: shrunk=7.11, usersrated=202",449931,Dorfromantik: Light Luggage,100.0
kabuto-sumo-sakura-slam,Kabuto Sumo - Sakura Slam,"QUALITY_GATE: shrunk=7.20, usersrated=597",410680,Kabuto Sumo: Sakura Slam,100.0
similo-history,Similo: History,LOW_CONFIDENCE_MATCH: fuzzy score below threshold or too close to runner-up,,,71.42857142857143
5-minute-mystery-standard-edition,5-Minute Mystery - Standard Edition,"QUALITY_GATE: shrunk=6.94, usersrated=2622",294514,5-Minute Mystery,100.0
concordia-gallia-and-corsica-map-expansion,Concordia: Gallia And Corsica Map Expansion,LOW_CONFIDENCE_MATCH: fuzzy score below threshold or too close to runner-up,,,55.73770491803278
detective-l-a-crimes,Detective: L.A. Crimes,"LOW_CONFIDENCE_MATCH: exact match is a BGG expansion/non-base entry, out of scope -- refusing to fall back to a fuzzy match against an unrelated base game",,,100.0
zensu,Zensu,"QUALITY_GATE: shrunk=6.53, usersrated=89",20931,Zensū,100.0
tba-timeline-twist,Timeline Twist,"QUALITY_GATE: shrunk=6.13, usersrated=562",379290,Timeline Twist,100.0
through-the-desert-board-game-bazaar-expansion,Through The Desert Board Game: Bazaar Expansion,LOW_CONFIDENCE_MATCH: fuzzy score below threshold or too close to runner-up,,,64.40677966101696
de-profundis-abyss,De Profundis: Abyss,LOW_CONFIDENCE_MATCH: fuzzy score below threshold or too close to runner-up,,,68.75
gloomies,Gloomies,"QUALITY_GATE: shrunk=6.98, usersrated=396",433386,Gloomies,100.0
ichor,Ichor,"QUALITY_GATE: shrunk=7.19, usersrated=760",420915,Ichor,100.0
final-girl-a-rotten-harvest,Final Girl: A Rotten Harvest,"LOW_CONFIDENCE_MATCH: exact match is a BGG expansion/non-base entry, out of scope -- refusing to fall back to a fuzzy match against an unrelated base game",,,100.0
limit,Limit,LOW_CONFIDENCE_MATCH: ambiguous: multiple BGG entries share this normalized title,,,
core-space-crew-booster-poseidon,Core Space Crew Booster: Poseidon,LOW_CONFIDENCE_MATCH: fuzzy score below threshold or too close to runner-up,,,66.66666666666667
wooden-classic-chess,Wooden Classic Chess,LOW_CONFIDENCE_MATCH: fuzzy score below threshold or too close to runner-up,,,69.56521739130434
smart-10,Smart 10,LOW_CONFIDENCE_MATCH: fuzzy score below threshold or too close to runner-up,,,80.0
raccoon-tycoon,Raccoon Tycoon,"QUALITY_GATE: shrunk=7.19, usersrated=5769",254386,Raccoon Tycoon,100.0
catan-dice-game-clamshell,Catan Dice Game - Clamshell Edition,LOW_CONFIDENCE_MATCH: fuzzy score below threshold or too close to runner-up,,,65.57377049180329
jamaica-2nd-edition,Jamaica 2nd Edition,LOW_CONFIDENCE_MATCH: ambiguous: multiple BGG entries share this normalized title,,,
unlock-short-6-the-secrets-of-the-octopus,Unlock! Short 6 - The Secrets of the Octopus,LOW_CONFIDENCE_MATCH: fuzzy score below threshold or too close to runner-up,,,85.33333333333333
honey-buzz-fall-flavors-deluxe-edition,Honey Buzz Fall Flavors Deluxe Edition,"LOW_CONFIDENCE_MATCH: exact match is a BGG expansion/non-base entry, out of scope -- refusing to fall back to a fuzzy match against an unrelated base game",,,100.0
iq-gears,IQ Gears,LOW_CONFIDENCE_MATCH: fuzzy score below threshold or too close to runner-up,,,76.92307692307692
20-strong-board-game-tanglewoods-white-deck,20 Strong Board Game: Tanglewoods: White Deck,LOW_CONFIDENCE_MATCH: fuzzy score below threshold or too close to runner-up,,,79.24528301886792
uno-add-on-stack-pack-special-cards,UNO Add-On Stack Pack Special Cards,LOW_CONFIDENCE_MATCH: fuzzy score below threshold or too close to runner-up,,,57.971014492753625
tax-the-rich,Tax the Rich,"QUALITY_GATE: shrunk=6.67, usersrated=556",446492,Tax the Rich,100.0
stranger-things-risk,Stranger Things Risk,"QUALITY_GATE: shrunk=6.49, usersrated=4",429636,Risk: Stranger Things,100.0
one-night-ultimate-vampire,One Night Ultimate Vampire,"QUALITY_GATE: shrunk=6.64, usersrated=2339",180956,One Night Ultimate Vampire,100.0
a-very-civil-whist,A Very Civil Whist,"QUALITY_GATE: shrunk=6.91, usersrated=132",382909,A Very Civil Whist,100.0
hero-realms-the-ancestry,Hero Realms: The Ancestry,"LOW_CONFIDENCE_MATCH: exact match is a BGG expansion/non-base entry, out of scope -- refusing to fall back to a fuzzy match against an unrelated base game",,,100.0
five-crowns,Five Crowns,"QUALITY_GATE: shrunk=6.15, usersrated=4518",1472,Five Crowns,100.0
canvas-reflections,Canvas: Reflections,"LOW_CONFIDENCE_MATCH: exact match is a BGG expansion/non-base entry, out of scope -- refusing to fall back to a fuzzy match against an unrelated base game",,,100.0
super-mario-guess-who,Super Mario Guess Who,LOW_CONFIDENCE_MATCH: fuzzy score below threshold or too close to runner-up,,,76.59574468085107
sub-terra-ii-arimas-light-expansion,Sub Terra II: Arima's Light Expansion,LOW_CONFIDENCE_MATCH: fuzzy score below threshold or too close to runner-up,,,59.01639344262295
furnace-interbellum,Furnace Interbellum,"LOW_CONFIDENCE_MATCH: exact match is a BGG expansion/non-base entry, out of scope -- refusing to fall back to a fuzzy match against an unrelated base game",,,100.0
bridgerton-love-letter,Bridgerton - Love Letter,"QUALITY_GATE: shrunk=6.76, usersrated=246",406459,Love Letter: Bridgerton,100.0
stalker-the-board-game,STALKER: The Board Game,"QUALITY_GATE: shrunk=6.50, usersrated=0",471433,The Stalker,100.0
beaks,Beaks,"QUALITY_GATE: shrunk=6.48, usersrated=33",446840,Beaks,100.0
pagan-ancestors-content-pack,Pagan: Ancestors Content Pack,LOW_CONFIDENCE_MATCH: fuzzy score below threshold or too close to runner-up,,,58.82352941176471
gatsby-2,Gatsby,"QUALITY_GATE: shrunk=6.65, usersrated=651",433908,Gatsby,100.0
carcassonne-messenger-mayor-exp-5-2025,Carcassonne: Messenger & Mayor - Exp 5 (2025),LOW_CONFIDENCE_MATCH: fuzzy score below threshold or too close to runner-up,,,67.74193548387098
adventure-pack-the-witcher-old-world-expansion,Adventure Pack - The Witcher: Old World Expansion,LOW_CONFIDENCE_MATCH: fuzzy score below threshold or too close to runner-up,,,64.1025641025641
core-space-booster-purge-reinforcements,Core Space Booster: Purge Reinforcements,LOW_CONFIDENCE_MATCH: fuzzy score below threshold or too close to runner-up,,,68.65671641791045
monsdrawsity-card-game,MonsDRAWsity Card Game,"QUALITY_GATE: shrunk=7.00, usersrated=1364",283212,MonsDRAWsity,100.0
vanguards-second-summoner-single-pack,Vanguards Second Summoner Single Pack,LOW_CONFIDENCE_MATCH: fuzzy score below threshold or too close to runner-up,,,62.295081967213115
connect-4-grid-2,Connect 4 Grid,LOW_CONFIDENCE_MATCH: fuzzy score below threshold or too close to runner-up,,,78.57142857142857
final-girl-a-demon-in-the-shadows,Final Girl: A Demon in the Shadows,"LOW_CONFIDENCE_MATCH: exact match is a BGG expansion/non-base entry, out of scope -- refusing to fall back to a fuzzy match against an unrelated base game",,,100.0
hit-the-silk-extra-cargo-expansion,Hit the Silk! Extra Cargo Expansion,LOW_CONFIDENCE_MATCH: fuzzy score below threshold or too close to runner-up,,,60.37735849056604
paint-the-roses-board-game,Paint The Roses Board Game,LOW_CONFIDENCE_MATCH: ambiguous: multiple BGG entries share this normalized title,,,
bullet-orange,Bullet Orange,"LOW_CONFIDENCE_MATCH: exact match is a BGG expansion/non-base entry, out of scope -- refusing to fall back to a fuzzy match against an unrelated base game",,,100.0
agricola-ephipparius-deck,Agricola: Ephipparius Deck,"LOW_CONFIDENCE_MATCH: exact match is a BGG expansion/non-base entry, out of scope -- refusing to fall back to a fuzzy match against an unrelated base game",,,100.0
wild-hunt-the-witcher-old-world-expansion,Wild Hunt - The Witcher: Old World Expansion,LOW_CONFIDENCE_MATCH: fuzzy score below threshold or too close to runner-up,,,62.96296296296296
forests-of-pangaea-premium,Forests of Pangaea Premium,LOW_CONFIDENCE_MATCH: fuzzy score below threshold or too close to runner-up,,,77.27272727272727
summoner-wars-chosen-grove-faction-deck,Summoner Wars: Chosen Grove - Faction Deck,LOW_CONFIDENCE_MATCH: fuzzy score below threshold or too close to runner-up,,,65.67164179104478
star-wars-the-deckbuilding-game-rebel-empire-reinforcements-expansion,Star Wars: The Deckbuilding Game – Rebel & Empire Reinforcements Expansion,LOW_CONFIDENCE_MATCH: fuzzy score below threshold or too close to runner-up,,,60.86956521739131
star-wars-villainous-project-rook,Star Wars Villainous - Cold Tactics,"QUALITY_GATE: shrunk=6.94, usersrated=94",447381,Star Wars Villainous: Cold Tactics,100.0
robinson-crusoe-mystery-tales-expansion,Robinson Crusoe: Mystery Tales Expansion,LOW_CONFIDENCE_MATCH: fuzzy score below threshold or too close to runner-up,,,64.40677966101696
awkward-family-photos-greatest-hits-caption-hilarious-pics-with-memorable-movie-lines,Awkward Family Photos Greatest Hits - Caption Hilarious Pics with Memorable Movie Lines,LOW_CONFIDENCE_MATCH: fuzzy score below threshold or too close to runner-up,,,67.6923076923077
drakesun-rebellion-summoner-wars,Drakesun Rebellion: Summoner Wars,LOW_CONFIDENCE_MATCH: fuzzy score below threshold or too close to runner-up,,,66.66666666666667
escape-the-dark-sector-mission-pack-1-twisted-tech-expansion,Escape the Dark Sector: Mission Pack 1 - Twisted Tech Expansion,LOW_CONFIDENCE_MATCH: fuzzy score below threshold or too close to runner-up,,,58.94736842105264
escape-from-the-space-station,Escape from the Space Station,"QUALITY_GATE: shrunk=6.42, usersrated=37",365710,Escape from the Space Station,100.0
hotel,Hotel,LOW_CONFIDENCE_MATCH: ambiguous: multiple BGG entries share this normalized title,,,
bitoku-resutoran,Bitoku: Resutoran,"LOW_CONFIDENCE_MATCH: exact match is a BGG expansion/non-base entry, out of scope -- refusing to fall back to a fuzzy match against an unrelated base game",,,100.0
eternal-empire-zombicide-white-death-expansion,Eternal Empire: Zombicide: White Death Expansion,LOW_CONFIDENCE_MATCH: fuzzy score below threshold or too close to runner-up,,,62.857142857142854
alone-against-the-dark-call-of-cthulhu-7th-edition,Call of Cthulhu 7th Edition: Alone Against The Dark  - Paperback,LOW_CONFIDENCE_MATCH: fuzzy score below threshold or too close to runner-up,,,57.971014492753625
sounds-fishy-travel-version,Sounds Fishy Travel Version,LOW_CONFIDENCE_MATCH: fuzzy score below threshold or too close to runner-up,,,68.96551724137932
one-night-ultimate-alien,One Night Ultimate Alien,"QUALITY_GATE: shrunk=6.86, usersrated=1482",204431,One Night Ultimate Alien,100.0
ingenious,Ingenious,"QUALITY_GATE: shrunk=7.09, usersrated=18141",9674,Ingenious,100.0
the-london-game,The London Game,"QUALITY_GATE: shrunk=5.71, usersrated=327",2866,The London Game,100.0
post-box-game,Post Box Game,"QUALITY_GATE: shrunk=6.44, usersrated=3",437571,Post Box Game,100.0
my-first-adventure-finding-the-dragon,My First Adventure: Finding the Dragon,"QUALITY_GATE: shrunk=7.04, usersrated=128",249768,My First Adventure: Finding the Dragon,100.0
lord-of-the-rings-adventure-book-game,Lord of the Rings Adventure Book Game,"QUALITY_GATE: shrunk=7.06, usersrated=1178",379005,The Lord of the Rings Adventure Book Game,100.0
castles-of-mad-king-ludwig-2nd-edition,Castles of Mad King Ludwig 2nd Edition,LOW_CONFIDENCE_MATCH: ambiguous: multiple BGG entries share this normalized title,,,
ultimatch,Ultimatch,"QUALITY_GATE: shrunk=6.21, usersrated=227",414176,Ultimatch,100.0
las-vegas,Las Vegas,LOW_CONFIDENCE_MATCH: ambiguous: multiple BGG entries share this normalized title,,,
hail-caesar-epic-battles-punic-wars-hannibal-battle-set,Hail Caesar Epic Battles (Punic Wars): Hannibal battle-set,LOW_CONFIDENCE_MATCH: fuzzy score below threshold or too close to runner-up,,,88.88888888888889
cthulhu-wars-the-daemon-sultan-faction-expansion,Cthulhu Wars: The Daemon Sultan Faction Expansion,LOW_CONFIDENCE_MATCH: fuzzy score below threshold or too close to runner-up,,,69.44444444444444
dominion-base-cards,Dominion Base Cards,LOW_CONFIDENCE_MATCH: fuzzy score below threshold or too close to runner-up,,,77.41935483870968
gaia-project-board-game-capstone-edition,Gaia Project Board Game (Capstone Edition),LOW_CONFIDENCE_MATCH: fuzzy score below threshold or too close to runner-up,,,67.85714285714286
the-balthazar-stone,The Balthazar Stone,"QUALITY_GATE: shrunk=6.86, usersrated=57",346323,The Balthazar Stone,100.0
boss-monster-rise-minibosses,Boss Monster Rise of the Minibosses,"QUALITY_GATE: shrunk=6.79, usersrated=933",246855,Boss Monster: Rise of the Minibosses,100.0
cthulhu-wars-high-priests-expansion-2,Cthulhu Wars: High Priests Expansion,LOW_CONFIDENCE_MATCH: fuzzy score below threshold or too close to runner-up,,,60.31746031746032
mr-mrs-pocket-edition,Mr &amp; Mrs Pocket Edition,LOW_CONFIDENCE_MATCH: fuzzy score below threshold or too close to runner-up,,,73.07692307692308
hollywood-1947-deluxe,Hollywood 1947 Deluxe,"QUALITY_GATE: shrunk=7.07, usersrated=1089",370621,Hollywood 1947,100.0
murdle-the-game,Murdle The Game,"QUALITY_GATE: shrunk=5.74, usersrated=155",427787,Murdle,100.0
flower-power-pixies-expansion,Flower Power - Pixies Expansion,LOW_CONFIDENCE_MATCH: fuzzy score below threshold or too close to runner-up,,,64.15094339622642
takenoko-new-chibis-new-eco-edition,Takenoko New: Chibis - New Eco Edition,LOW_CONFIDENCE_MATCH: fuzzy score below threshold or too close to runner-up,,,64.51612903225806
insider-black,Insider Black,"QUALITY_GATE: shrunk=7.08, usersrated=474",307997,Insider Black,100.0
rise-and-fall-3d,Rise and Fall 3D,LOW_CONFIDENCE_MATCH: fuzzy score below threshold or too close to runner-up,,,89.65517241379311
bunny-kingdom-town,Bunny Kingdom Town,"QUALITY_GATE: shrunk=6.88, usersrated=395",457283,Bunny Kingdom Town,100.0
wingspan-speckled-eggs,Wingspan: Speckled Eggs,LOW_CONFIDENCE_MATCH: fuzzy score below threshold or too close to runner-up,,,70.27027027027026
zombicide-2nd-edition-urban-legends-abomination-pack,Zombicide 2nd Edition Urban Legends Abomination Pack,LOW_CONFIDENCE_MATCH: fuzzy score below threshold or too close to runner-up,,,56.81818181818181
crusaders-thy-will-be-done-divine-influence,Crusaders: Thy Will Be Done - Divine Influence,"LOW_CONFIDENCE_MATCH: exact match is a BGG expansion/non-base entry, out of scope -- refusing to fall back to a fuzzy match against an unrelated base game",,,100.0
robin-hood-friar-tuck-in-danger,Robin Hood: Friar Tuck in Danger,LOW_CONFIDENCE_MATCH: fuzzy score below threshold or too close to runner-up,,,60.0
ticket-to-ride-2025-refresh,Ticket to Ride 2025 Refresh,LOW_CONFIDENCE_MATCH: fuzzy score below threshold or too close to runner-up,,,75.0
forest,Forest,LOW_CONFIDENCE_MATCH: ambiguous: multiple BGG entries share this normalized title,,,
times-tables-heroes,Times Tables Heroes,"QUALITY_GATE: shrunk=6.49, usersrated=1",317724,Times Table Heroes,97.2972972972973
tiny-epic-galaxies-blast-off,Tiny Epic Galaxies: Blast Off,"QUALITY_GATE: shrunk=7.19, usersrated=933",317105,Tiny Epic Galaxies BLAST OFF!,100.0
the-bears-and-the-bees,The Bears And The Bees,LOW_CONFIDENCE_MATCH: ambiguous: multiple BGG entries share this normalized title,,,
the-birthday-burglary-holiday-hijinks,The Birthday Burglary: Holiday Hijinks,"QUALITY_GATE: shrunk=6.76, usersrated=90",364020,Holiday Hijinks #5: The Birthday Burglary,97.05882352941177
mind-space,Mind Space,"QUALITY_GATE: shrunk=7.15, usersrated=1229",377420,Mind Space,100.0
desert-war-dune-war-for-arrakis-exp,Desert War Dune: War for Arrakis Exp,LOW_CONFIDENCE_MATCH: fuzzy score below threshold or too close to runner-up,,,72.72727272727273
life-in-reterra,Life in Reterra,"QUALITY_GATE: shrunk=6.73, usersrated=758",415513,Life in Reterra,100.0
king-of-tokyo-monster-pack-luchador,King of Tokyo Monster Pack: Luchador,LOW_CONFIDENCE_MATCH: fuzzy score below threshold or too close to runner-up,,,70.0
santorini-board-game-riddle-of-the-sphinx-expansion,Santorini Board Game: Riddle Of The Sphinx Expansion,LOW_CONFIDENCE_MATCH: fuzzy score below threshold or too close to runner-up,,,58.46153846153845
dice-pool-party,Dice Pool Party,"QUALITY_GATE: shrunk=6.64, usersrated=380",445045,Dice Pool Party,100.0
battleship-vintage-bookshelf-uk-edition,Battleship Vintage Bookshelf UK Edition,LOW_CONFIDENCE_MATCH: fuzzy score below threshold or too close to runner-up,,,69.84126984126983
savernake-forest,Savernake Forest,"QUALITY_GATE: shrunk=7.02, usersrated=1576",369142,Savernake Forest,100.0
nemesis-game-mat,Nemesis Game Mat,LOW_CONFIDENCE_MATCH: fuzzy score below threshold or too close to runner-up,,,75.86206896551724
rolling-realms,Rolling Realms,"QUALITY_GATE: shrunk=7.09, usersrated=5105",305682,Rolling Realms,100.0
ticket-to-ride-ghost-train-first-journey,Ticket to Ride - Ghost Train (First Journey),LOW_CONFIDENCE_MATCH: fuzzy score below threshold or too close to runner-up,,,80.55555555555556
final-girl-vehicle-pack-1,Final Girl: Vehicle Pack 1,LOW_CONFIDENCE_MATCH: fuzzy score below threshold or too close to runner-up,,,58.82352941176471
mindbug-expansion-beyond-eternity,Mindbug Expansion- Beyond Eternity,LOW_CONFIDENCE_MATCH: fuzzy score below threshold or too close to runner-up,,,82.14285714285714
5211-azul-special-edition,5211: Azul Special Edition,LOW_CONFIDENCE_MATCH: fuzzy score below threshold or too close to runner-up,,,73.46938775510203
exploding-kittens-the-board-game,Exploding Kittens The Board Game,"QUALITY_GATE: shrunk=5.99, usersrated=276",447244,Exploding Kittens: The Board Game,100.0
trapwords,Trapwords,"QUALITY_GATE: shrunk=6.98, usersrated=3768",257527,Trapwords,100.0
cat-chaos-card-game,Cat Chaos Card Game,"QUALITY_GATE: shrunk=5.77, usersrated=142",242289,Cat Chaos Card Game: Celebrity Edition,95.0
royal-visit,Royal Visit,"QUALITY_GATE: shrunk=6.70, usersrated=3089",22245,Royal Visit,100.0
the-sock-game-2,The Sock Game,"QUALITY_GATE: shrunk=6.24, usersrated=101",215259,The Sock Game,100.0
vampire-the-masquerade-chapters-character-expansion-lasombra,Vampire: The Masquerade - CHAPTERS. Character expansion - Lasombra,LOW_CONFIDENCE_MATCH: fuzzy score below threshold or too close to runner-up,,,65.06024096385542
detective-city-of-angels-saints-and-sinners,Detective City of Angels: Saints and Sinners,LOW_CONFIDENCE_MATCH: fuzzy score below threshold or too close to runner-up,,,71.64179104477613
mexican-train-dominoes,Mexican Train Dominoes,"QUALITY_GATE: shrunk=6.65, usersrated=34",435934,Mexican Train Dominoes: Double 18,95.0
catan-cities-knights-5-6-player-expansion-6th-edition,CATAN Cities & knights 5-6 Player Expansion 6th Edition,LOW_CONFIDENCE_MATCH: fuzzy score below threshold or too close to runner-up,,,60.24096385542168
betrayal-evil-reigns-in-the-wynters-pale-the-yuletide-tale,Betrayal Evil Reigns in the Wynter's Pale The Yuletide Tale,LOW_CONFIDENCE_MATCH: fuzzy score below threshold or too close to runner-up,,,52.94117647058824
ashes-ascendancy-starter-set,Ashes Ascendancy Starter Set,LOW_CONFIDENCE_MATCH: fuzzy score below threshold or too close to runner-up,,,72.72727272727273
the-game-of-pigeon,The Game of Pigeon,LOW_CONFIDENCE_MATCH: fuzzy score below threshold or too close to runner-up,,,80.0
deckscape-escape-from-alcatraz,Deckscape: Escape from Alcatraz,"QUALITY_GATE: shrunk=6.74, usersrated=740",295565,Deckscape: Escape from Alcatraz,100.0
men-of-iron-infidel-blood-roses,"Men of Iron: Infidel, Blood &amp; Roses Triple Pack",LOW_CONFIDENCE_MATCH: fuzzy score below threshold or too close to runner-up,,,79.27927927927928
trivial-pursuit,Trivial Pursuit,"QUALITY_GATE: shrunk=6.50, usersrated=1",472010,Trivial Pursuit,100.0
selfish-space-edition-game,Selfish Space Edition Game,LOW_CONFIDENCE_MATCH: fuzzy score below threshold or too close to runner-up,,,89.36170212765957
horses-ponies-monopoly,Monopoly: Horses & Ponies,"QUALITY_GATE: shrunk=6.49, usersrated=6",340121,Monopoly: Horses and Ponies,100.0
whos-in-the-bag,Who's in the Bag,"QUALITY_GATE: shrunk=6.32, usersrated=56",13623,Who's in the Bag,100.0
similo-fables,Similo: Fables,LOW_CONFIDENCE_MATCH: fuzzy score below threshold or too close to runner-up,,,75.0
dice-throne-season-one-rerolled-4-treant-vs-ninja,Dice Throne Season One ReRolled 4: Treant vs. Ninja,LOW_CONFIDENCE_MATCH: digit conflict (likely a different sequel/season/expansion),,,97.82608695652173
shenanigrams-the-mega-mischievous-word-game,Shenanigrams - The Mega Mischievous Word Game,LOW_CONFIDENCE_MATCH: fuzzy score below threshold or too close to runner-up,,,59.01639344262295
concordia-roma-sicilia,Concordia: Roma - Sicilia,"LOW_CONFIDENCE_MATCH: exact match is a BGG expansion/non-base entry, out of scope -- refusing to fall back to a fuzzy match against an unrelated base game",,,100.0
borealis-board-game-arctic-expeditions,Borealis Board Game: Arctic Expeditions,"QUALITY_GATE: shrunk=7.15, usersrated=359",448116,Borealis: Arctic Expeditions,100.0
ra-pharaoh-edition,RA Pharaoh Edition,LOW_CONFIDENCE_MATCH: fuzzy score below threshold or too close to runner-up,,,71.7948717948718
konflikt-47-starter-set,Konflikt '47 Starter Set,LOW_CONFIDENCE_MATCH: fuzzy score below threshold or too close to runner-up,,,86.79245283018868
carcassonne-jousts-crests-exp-6-2025,Carcassonne: Jousts & Crests - Exp 6 (2025),LOW_CONFIDENCE_MATCH: fuzzy score below threshold or too close to runner-up,,,67.64705882352942
propolis-kickstarter-edition,Propolis: Kickstarter Edition,LOW_CONFIDENCE_MATCH: fuzzy score below threshold or too close to runner-up,,,86.79245283018868
mythic-britain-vassen,Vaesen: Mythic Britain & Ireland,LOW_CONFIDENCE_MATCH: fuzzy score below threshold or too close to runner-up,,,65.57377049180329
orbit,Orbit,LOW_CONFIDENCE_MATCH: ambiguous: multiple BGG entries share this normalized title,,,
dinosaur-dominoes-mini-game,Dinosaur Dominoes Mini Game,LOW_CONFIDENCE_MATCH: fuzzy score below threshold or too close to runner-up,,,66.66666666666667
dirty-dinos,Dirty Dinos,"QUALITY_GATE: shrunk=6.50, usersrated=3",399945,Dirty Dinos,100.0
clank-legacy-acquisitions-incorporated-upper-management-pack,Clank!: Legacy Acquisitions Incorporated - Upper Management Pack,"LOW_CONFIDENCE_MATCH: exact match is a BGG expansion/non-base entry, out of scope -- refusing to fall back to a fuzzy match against an unrelated base game",,,100.0
tokaido-crossroads-matsuri-expansions,Tokaido: Crossroads & Matsuri Expansions,LOW_CONFIDENCE_MATCH: fuzzy score below threshold or too close to runner-up,,,58.82352941176471
the-legend-of-drizzt-boardgame,The Legend of Drizzt Boardgame,LOW_CONFIDENCE_MATCH: fuzzy score below threshold or too close to runner-up,,,71.69811320754718
signs-of-carcosa-eldritch-horror-exp,Signs of Carcosa: Eldritch Horror Exp,LOW_CONFIDENCE_MATCH: fuzzy score below threshold or too close to runner-up,,,63.33333333333333
that-sound-game,That Sound Game,"QUALITY_GATE: shrunk=6.39, usersrated=200",367601,That Sound Game,100.0
mantis,Mantis,"QUALITY_GATE: shrunk=6.62, usersrated=3050",358690,Mantis,100.0
hand-to-hand-wombat,Hand-To-Hand Wombat,"QUALITY_GATE: shrunk=6.21, usersrated=1203",356909,Hand-to-Hand Wombat,100.0
wandering-towers-mini-spell-expansion-3,Wandering Towers: Mini-Spell Expansion 3,"LOW_CONFIDENCE_MATCH: exact match is a BGG expansion/non-base entry, out of scope -- refusing to fall back to a fuzzy match against an unrelated base game",,,100.0
unlock-kids-4-irish-folklore,Unlock! Kids 4 Irish Folklore,LOW_CONFIDENCE_MATCH: fuzzy score below threshold or too close to runner-up,,,83.87096774193549
dingbats-family-game,Dingbats Family Game,LOW_CONFIDENCE_MATCH: fuzzy score below threshold or too close to runner-up,,,78.94736842105263
dobble-animal-crossing,Dobble Animal Crossing,LOW_CONFIDENCE_MATCH: fuzzy score below threshold or too close to runner-up,,,75.67567567567568
root-board-game-homeland-hireling-pack,Root Board Game: Homeland Hireling Pack,LOW_CONFIDENCE_MATCH: fuzzy score below threshold or too close to runner-up,,,58.18181818181818
mosaic-wars-disasters-expansion-sphinx-edition,Mosaic: Wars & Disasters Expansion - Sphinx Edition,LOW_CONFIDENCE_MATCH: fuzzy score below threshold or too close to runner-up,,,65.11627906976744
paolo-moris-blitzkrieg-includes-nippon-expansion,Paolo Moris Blitzkrieg! - Includes Nippon Expansion,LOW_CONFIDENCE_MATCH: fuzzy score below threshold or too close to runner-up,,,58.58585858585859
bumfuzzle,Bumfuzzle,"QUALITY_GATE: shrunk=6.31, usersrated=22",401006,Bumfuzzle,100.0
race-for-the-galaxy-expansion-and-brinkmanship-the-gathering-storm,Race for the Galaxy: Expansion and Brinkmanship - The Gathering Storm,LOW_CONFIDENCE_MATCH: fuzzy score below threshold or too close to runner-up,,,61.111111111111114
dominion-plunder,Dominion: Plunder,"LOW_CONFIDENCE_MATCH: exact match is a BGG expansion/non-base entry, out of scope -- refusing to fall back to a fuzzy match against an unrelated base game",,,100.0
point-city,Point City,"QUALITY_GATE: shrunk=7.12, usersrated=4948",368017,Point City,100.0
exit-kids-riddles-in-monsterville,EXIT KIDS: Riddles in Monsterville,"QUALITY_GATE: shrunk=6.34, usersrated=167",376479,EXIT: The Game – Kids: Riddles in Monsterville,100.0
in-the-footsteps-of-marie-curie,In The Footsteps of Marie Curie,"QUALITY_GATE: shrunk=6.75, usersrated=746",408770,In the Footsteps of Marie Curie,100.0
you-know-it,You Know It!,"QUALITY_GATE: shrunk=7.04, usersrated=76",421649,You Know It!,100.0
carcassonne-circus-artists-exp-10-2025,Carcassonne: Circus & Artists - Exp 10 (2025),LOW_CONFIDENCE_MATCH: fuzzy score below threshold or too close to runner-up,,,61.728395061728406
core-space-expansion-purge-outbreak,Core Space Expansion: Purge Outbreak,LOW_CONFIDENCE_MATCH: fuzzy score below threshold or too close to runner-up,,,62.295081967213115
pass-the-bomb,Pass the Bomb 2023 Edition,LOW_CONFIDENCE_MATCH: fuzzy score below threshold or too close to runner-up,,,75.55555555555556
guild-dwarves-summoner-wars,Guild Dwarves: Summoner Wars,LOW_CONFIDENCE_MATCH: fuzzy score below threshold or too close to runner-up,,,77.14285714285715
zombie-dice-3-school-bus,Zombie Dice 3: School Bus,"LOW_CONFIDENCE_MATCH: exact match is a BGG expansion/non-base entry, out of scope -- refusing to fall back to a fuzzy match against an unrelated base game",,,100.0
king-of-12,King of 12,"QUALITY_GATE: shrunk=6.56, usersrated=1676",302917,King of 12,100.0
kingdomino-moon-river,Kingdomino Moon River,LOW_CONFIDENCE_MATCH: fuzzy score below threshold or too close to runner-up,,,71.7948717948718
matilda-board-game,Matilda Board Game,"QUALITY_GATE: shrunk=6.50, usersrated=3",15976,Matilda,100.0
noggin,Noggin,"QUALITY_GATE: shrunk=6.36, usersrated=191",365235,Noggin,100.0
power-grid-the-new-power-plant-cards-set-1,Power Grid: The New Power Plant Cards - Set 1,LOW_CONFIDENCE_MATCH: fuzzy score below threshold or too close to runner-up,,,60.75949367088608
catan-starfarers-duel,CATAN Starfarers Duel,"QUALITY_GATE: shrunk=7.09, usersrated=274",383481,Catan: Starfarers Duel,100.0
cartaventura-d-day,Cartaventura D-Day,"QUALITY_GATE: shrunk=6.78, usersrated=66",419829,Cartaventura: D-Day,100.0
perspectives-blue-box,Perspectives Blue Box,LOW_CONFIDENCE_MATCH: fuzzy score below threshold or too close to runner-up,,,89.47368421052632
tiletum-prospect-for-silver,Tiletum: Prospect for Silver,"LOW_CONFIDENCE_MATCH: exact match is a BGG expansion/non-base entry, out of scope -- refusing to fall back to a fuzzy match against an unrelated base game",,,100.0
in-the-footsteps-of-darwin-correspondence-expansion,In the Footsteps of Darwin: Correspondence Expansion,LOW_CONFIDENCE_MATCH: fuzzy score below threshold or too close to runner-up,,,63.76811594202898
mazescape-ariadne,Mazescape Ariadne,"QUALITY_GATE: shrunk=6.53, usersrated=544",331652,Mazescape: Ariadne,100.0
dungeon-fighter-2,Dungeon Fighter,"QUALITY_GATE: shrunk=6.78, usersrated=7207",102548,Dungeon Fighter,100.0
farmyard-heads-and-tails,Farmyard Heads And Tails,LOW_CONFIDENCE_MATCH: fuzzy score below threshold or too close to runner-up,,,76.92307692307692
on-a-scale-of-one-to-t-rex,On A Scale of One to T-Rex,"QUALITY_GATE: shrunk=5.77, usersrated=695",289018,On a Scale of One to T-Rex,100.0
hero-realms-journeys-hunters,Hero Realms: Journeys - Hunters,"LOW_CONFIDENCE_MATCH: exact match is a BGG expansion/non-base entry, out of scope -- refusing to fall back to a fuzzy match against an unrelated base game",,,100.0
viticulture-moor-visitors-expansion,Viticulture: Moor Visitors Expansion,"LOW_CONFIDENCE_MATCH: exact match is a BGG expansion/non-base entry, out of scope -- refusing to fall back to a fuzzy match against an unrelated base game",,,100.0
the-artisans-of-naqala-five-tribes-exp,The Artisans of Naqala: Five Tribes Exp,LOW_CONFIDENCE_MATCH: fuzzy score below threshold or too close to runner-up,,,78.57142857142857
smash-up,Smash Up,"QUALITY_GATE: shrunk=6.69, usersrated=28511",122522,Smash Up,100.0
matsuri-5th-anniversary-edition-tokaido-expansion,Matsuri 5th Anniversary Edition: Tokaido Expansion,LOW_CONFIDENCE_MATCH: fuzzy score below threshold or too close to runner-up,,,65.21739130434783
orleans-board-game-capstone-edition,Orleans Board Game (Capstone Edition),LOW_CONFIDENCE_MATCH: fuzzy score below threshold or too close to runner-up,,,73.91304347826086
the-spacing-guild-dune-war-for-arrakis-expansion,The Spacing Guild Dune: War for Arrakis Expansion,LOW_CONFIDENCE_MATCH: fuzzy score below threshold or too close to runner-up,,,62.5
chameleon-pictures,Chameleon Pictures,LOW_CONFIDENCE_MATCH: fuzzy score below threshold or too close to runner-up,,,79.06976744186046
flow-2,Flow,LOW_CONFIDENCE_MATCH: ambiguous: multiple BGG entries share this normalized title,,,
yubibo,Yubibo,"QUALITY_GATE: shrunk=6.82, usersrated=379",425602,YUBIBO,100.0
tranquility-the-ascent,Tranquility: The Ascent,"QUALITY_GATE: shrunk=6.63, usersrated=724",334717,Tranquility: The Ascent,100.0
its-a-wonderful-world-war-or-peace,It's a Wonderful World: War Or Peace,"LOW_CONFIDENCE_MATCH: exact match is a BGG expansion/non-base entry, out of scope -- refusing to fall back to a fuzzy match against an unrelated base game",,,100.0
town-77,Town 77,"QUALITY_GATE: shrunk=6.65, usersrated=604",402310,Town 77,100.0
match-count,Match & Count,LOW_CONFIDENCE_MATCH: fuzzy score below threshold or too close to runner-up,,,80.0
rallyman-gt,Rallyman GT,"QUALITY_GATE: shrunk=7.09, usersrated=4700",256589,Rallyman: GT,100.0
zura-card-game,Zura Card Game,"QUALITY_GATE: shrunk=6.55, usersrated=115",257204,Zura,100.0
gloom-card-game-2nd-edition-unwelcome-guests-expansion,Gloom! Card Game 2nd Edition: Unwelcome Guests Expansion,LOW_CONFIDENCE_MATCH: fuzzy score below threshold or too close to runner-up,,,58.666666666666664
thats-not-a-hat-3-card-game-incognito,That's not a Hat 3! Card Game - Incognito,"QUALITY_GATE: shrunk=6.63, usersrated=114",435930,That's Not a Hat: Incognito,96.0
gulpaxs-secret-roll-player-adventures-expansion,Gulpax's Secret: Roll Player Adventures Expansion,LOW_CONFIDENCE_MATCH: fuzzy score below threshold or too close to runner-up,,,63.04347826086957
crack-list,Crack List,"QUALITY_GATE: shrunk=6.42, usersrated=701",373284,Crack List,100.0
mindbug-promo-pack-2022,Mindbug - Promo Pack 2022,LOW_CONFIDENCE_MATCH: fuzzy score below threshold or too close to runner-up,,,55.319148936170215
the-walking-dead-universe-rpg-starter-set,The Walking Dead Universe RPG Starter Set,LOW_CONFIDENCE_MATCH: fuzzy score below threshold or too close to runner-up,,,65.57377049180329
maladum-revenant-retribution-expansion,Maladum Revenant Retribution Expansion,"LOW_CONFIDENCE_MATCH: exact match is a BGG expansion/non-base entry, out of scope -- refusing to fall back to a fuzzy match against an unrelated base game",,,100.0
silent-falls-alice-is-missing-expansion,Silent Falls: Alice is Missing Expansion,LOW_CONFIDENCE_MATCH: fuzzy score below threshold or too close to runner-up,,,59.74025974025974
ticket-to-ride-paris,Ticket To Ride: Paris,"QUALITY_GATE: shrunk=6.89, usersrated=466",403221,Ticket to Ride: Paris,100.0
mindbug-expansion-beyond-evolution,Mindbug Expansion- Beyond Evolution,LOW_CONFIDENCE_MATCH: fuzzy score below threshold or too close to runner-up,,,82.75862068965517
joyride-duel-next-gen,JOYRIDE DUEL: Next Gen,"QUALITY_GATE: shrunk=7.11, usersrated=154",399318,Joyride Duel: Next Gen,100.0
ashes-reborn-red-rains-the-flood-of-moon-cove,Ashes Reborn: Red Rains - The Flood of Moon Cove,"LOW_CONFIDENCE_MATCH: exact match is a BGG expansion/non-base entry, out of scope -- refusing to fall back to a fuzzy match against an unrelated base game",,,100.0
propolis,Propolis,"QUALITY_GATE: shrunk=7.04, usersrated=1404",431994,Propolis,100.0
axis-allies-ww1-1914,Axis & Allies WW1 1914,LOW_CONFIDENCE_MATCH: digit conflict (likely a different sequel/season/expansion),,,95.83333333333334
legends-of-andor-journey-to-the-north,Legends of Andor - Journey to the North,"LOW_CONFIDENCE_MATCH: exact match is a BGG expansion/non-base entry, out of scope -- refusing to fall back to a fuzzy match against an unrelated base game",,,100.0
star-realms-promo-pack-i,Star Realms: Promo Pack I,"LOW_CONFIDENCE_MATCH: exact match is a BGG expansion/non-base entry, out of scope -- refusing to fall back to a fuzzy match against an unrelated base game",,,100.0
polynesia,Polynesia,"QUALITY_GATE: shrunk=6.69, usersrated=959",301084,Polynesia,100.0
zombie-fluxx,Zombie Fluxx,"QUALITY_GATE: shrunk=6.00, usersrated=6905",29387,Zombie Fluxx,100.0
ambition-roll-for-the-galaxy-expansion,Ambition: Roll for the Galaxy Expansion,LOW_CONFIDENCE_MATCH: fuzzy score below threshold or too close to runner-up,,,61.224489795918366
unmatched-marvel-hells-kitchen,Unmatched: Marvel Hell's Kitchen,LOW_CONFIDENCE_MATCH: fuzzy score below threshold or too close to runner-up,,,87.27272727272728
dominion-hinterlands-2nd-edition,Dominion Hinterlands 2nd Edition,"LOW_CONFIDENCE_MATCH: exact match is a BGG expansion/non-base entry, out of scope -- refusing to fall back to a fuzzy match against an unrelated base game",,,100.0
dungeons-dice-and-danger-game,"Dungeons, Dice and Danger Game","QUALITY_GATE: shrunk=7.00, usersrated=3111",349463,"Dungeons, Dice & Danger",90.56603773584906
selas-infiltrators-star-trek-away-missions-expansion,Sela's Infiltrators: Star Trek Away Missions Expansion,LOW_CONFIDENCE_MATCH: fuzzy score below threshold or too close to runner-up,,,63.46153846153846
shadowverse-evolve-ready-set-umamusume-crossover-starter-deck,"Shadowverse: Evolve - Ready, Set, Umamusume - Crossover Starter Deck",LOW_CONFIDENCE_MATCH: fuzzy score below threshold or too close to runner-up,,,55.04587155963303
arkham-horror-rpg-starter-set-hungering-abyss,Arkham Horror RPG: Starter Set - Hungering Abyss,LOW_CONFIDENCE_MATCH: fuzzy score below threshold or too close to runner-up,,,59.74025974025974
unstable-unicorns-for-kids,Unstable Unicorns for Kids,"QUALITY_GATE: shrunk=6.19, usersrated=108",358153,Unstable Unicorns for Kids,100.0
kids-on-brooms-rpg,Kids on Brooms RPG,LOW_CONFIDENCE_MATCH: fuzzy score below threshold or too close to runner-up,,,64.51612903225806
battleship-grab-and-go,Battleship Grab And Go,LOW_CONFIDENCE_MATCH: fuzzy score below threshold or too close to runner-up,,,70.58823529411764
harry-potter-labyrinth,Harry Potter Labyrinth,LOW_CONFIDENCE_MATCH: fuzzy score below threshold or too close to runner-up,,,74.4186046511628
villagers-expansion-pack,Villagers: Expansion Pack,LOW_CONFIDENCE_MATCH: fuzzy score below threshold or too close to runner-up,,,72.72727272727273
epic-spell-wars-of-the-battle-wizards-2,Epic Spell Wars of the Battle Wizards 2,LOW_CONFIDENCE_MATCH: fuzzy score below threshold or too close to runner-up,,,80.0
nefrass-judgement-roll-player-adventures-expansion,Nefras's Judgement: Roll Player Adventures Expansion,LOW_CONFIDENCE_MATCH: fuzzy score below threshold or too close to runner-up,,,61.05263157894737
miller-zoo,Miller Zoo,"QUALITY_GATE: shrunk=6.78, usersrated=225",371482,Miller Zoo,100.0
mind-games-pagan-content-pack,Mind Games: Pagan Content Pack,LOW_CONFIDENCE_MATCH: fuzzy score below threshold or too close to runner-up,,,63.1578947368421
ascension-tactics,Ascension: Tactics,LOW_CONFIDENCE_MATCH: ambiguous: multiple BGG entries share this title as a prefix,,,80.95238095238095
add-to-playlist,Add to Playlist,"QUALITY_GATE: shrunk=6.68, usersrated=52",446468,Add To Playlist,100.0
fluxx-creeper-pack,Fluxx Creeper Pack,"LOW_CONFIDENCE_MATCH: exact match is a BGG expansion/non-base entry, out of scope -- refusing to fall back to a fuzzy match against an unrelated base game",,,100.0
tiny-epic-mechs,Tiny Epic Mechs,"QUALITY_GATE: shrunk=6.66, usersrated=2706",257283,Tiny Epic Mechs,100.0
dragon-shield-matte-sapphire,Dragon Shield Matte - Sapphire,LOW_CONFIDENCE_MATCH: fuzzy score below threshold or too close to runner-up,,,63.1578947368421
imperial-settlers-card-game-empires-of-the-north-roman-banners-expansion,Imperial Settlers Card Game: Empires Of The North: Roman Banners Expansion,LOW_CONFIDENCE_MATCH: fuzzy score below threshold or too close to runner-up,,,73.91304347826086
vampire-the-masquerade-chapters-character-expansion-banu-haqim,Vampire: The Masquerade - CHAPTERS. Character expansion - Banu Haqim,LOW_CONFIDENCE_MATCH: fuzzy score below threshold or too close to runner-up,,,63.52941176470588
funky-fungi,Funky Fungi,"QUALITY_GATE: shrunk=6.41, usersrated=50",357190,Funky Fungi,100.0
you-cant-say-umm,You Can't Say Umm,"QUALITY_GATE: shrunk=6.43, usersrated=262",397376,"You Can't Say ""Umm""",100.0
ashes-reborn-red-rains-the-frostwild-scourge,Ashes Reborn: Red Rains - The Frostwild Scourge,"LOW_CONFIDENCE_MATCH: exact match is a BGG expansion/non-base entry, out of scope -- refusing to fall back to a fuzzy match against an unrelated base game",,,100.0
hero-realms-watery-graves,Hero Realms Watery Graves,LOW_CONFIDENCE_MATCH: fuzzy score below threshold or too close to runner-up,,,69.56521739130434
intarsia,Intarsia,LOW_CONFIDENCE_MATCH: ambiguous: multiple BGG entries share this normalized title,,,
wrath-of-fire-mountain,Wrath of Fire Mountain,"QUALITY_GATE: shrunk=6.97, usersrated=546",421208,Wrath of Fire Mountain,100.0
panic-lab,Panic Lab,"QUALITY_GATE: shrunk=6.04, usersrated=2323",121073,Panic Lab,100.0
orleans-board-game-big-box-edition,Orleans Board Game: Big Box Edition,LOW_CONFIDENCE_MATCH: fuzzy score below threshold or too close to runner-up,,,75.0
light-speed-arena-blackhole,Light Speed: Arena - BlackHole,"LOW_CONFIDENCE_MATCH: exact match is a BGG expansion/non-base entry, out of scope -- refusing to fall back to a fuzzy match against an unrelated base game",,,100.0
paranoia-the-uncooperative-board-game,Paranoia - The Uncooperative Board Game,"QUALITY_GATE: shrunk=6.57, usersrated=50",426191,Paranoia: The Uncooperative Board Game,100.0
fire-tower-rising-flames-expansion-standard-edition,Fire Tower: Rising Flames Expansion Standard Edition,LOW_CONFIDENCE_MATCH: fuzzy score below threshold or too close to runner-up,,,63.63636363636363
underwater-cities-expansion-new-discoveries,Underwater Cities Expansion: New Discoveries,LOW_CONFIDENCE_MATCH: fuzzy score below threshold or too close to runner-up,,,60.0
ecosystem-savanna,Ecosystem: Savanna,"QUALITY_GATE: shrunk=7.18, usersrated=513",391290,Ecosystem: Savanna,100.0
labyrinth-the-moving-maze-game,Labyrinth - The Moving Maze Game,LOW_CONFIDENCE_MATCH: fuzzy score below threshold or too close to runner-up,,,81.4814814814815
whot,Whot!,"QUALITY_GATE: shrunk=5.86, usersrated=151",9251,Whot,100.0
catan-starfarers-5-6-player-extension,Catan Starfarers: 5-6 Player Extension,"LOW_CONFIDENCE_MATCH: exact match is a BGG expansion/non-base entry, out of scope -- refusing to fall back to a fuzzy match against an unrelated base game",,,100.0
cortex-challenge-mlv,Cortex Challenge MLV,LOW_CONFIDENCE_MATCH: fuzzy score below threshold or too close to runner-up,,,88.88888888888889
taco-hat-cake-gift-pizza,Taco Hat Cake Gift Pizza,"QUALITY_GATE: shrunk=6.40, usersrated=412",338678,Taco Hat Cake Gift Pizza,100.0
suspects,Suspects,LOW_CONFIDENCE_MATCH: ambiguous: multiple BGG entries share this title as a prefix,,,93.33333333333333
rummikub-6-players,Rummikub 6 Players,"QUALITY_GATE: shrunk=6.67, usersrated=218",25196,Rummikub Six Player,97.14285714285714
trailblazers-standard,Trailblazers Standard,LOW_CONFIDENCE_MATCH: fuzzy score below threshold or too close to runner-up,,,72.72727272727273
star-wars-villainous-revenge-at-last,Star Wars Villainous Revenge At Last,"QUALITY_GATE: shrunk=7.07, usersrated=192",417130,Star Wars Villainous: Revenge at Last,100.0
cascadia-rolling-rivers-board-game-kickstarter-edition,Cascadia: Rolling Rivers Board Game: Kickstarter Edition,LOW_CONFIDENCE_MATCH: fuzzy score below threshold or too close to runner-up,,,71.05263157894737
alpenglow,Alpenglow,"QUALITY_GATE: shrunk=6.83, usersrated=142",392703,Alpenglow,100.0
terra-mystica-merchants-of-the-sea,Terra Mystica: Merchants of the Sea,LOW_CONFIDENCE_MATCH: fuzzy score below threshold or too close to runner-up,,,69.56521739130434
the-binding-of-isaac-four-souls-anniversary-pack,The Binding of Isaac: Four Souls Anniversary Pack,LOW_CONFIDENCE_MATCH: fuzzy score below threshold or too close to runner-up,,,73.84615384615385
up-or-down-card-game,Up Or Down Card Game,LOW_CONFIDENCE_MATCH: ambiguous: multiple BGG entries share this normalized title,,,
arkham-noir-case-2-c2-96-called-forth-by-thunder,Arkham Noir: Case #2 - Called Forth By Thunder,"QUALITY_GATE: shrunk=7.00, usersrated=687",257839,Arkham Noir: Case #2 – Called Forth By Thunder,100.0
star-realms-command-deck-the-unity,Star Realms Command Deck: The Unity,"LOW_CONFIDENCE_MATCH: exact match is a BGG expansion/non-base entry, out of scope -- refusing to fall back to a fuzzy match against an unrelated base game",,,100.0
rorys-story-cubes-eco-blister-mystery,Rory's Story Cubes Eco Blister Mystery,LOW_CONFIDENCE_MATCH: fuzzy score below threshold or too close to runner-up,,,81.25
red-dragon-inn-expansion-allies-pooky,Red Dragon Inn Expansion: Allies: Pooky,LOW_CONFIDENCE_MATCH: fuzzy score below threshold or too close to runner-up,,,62.68656716417911
frosthaven-solo-scenarios,Frosthaven: Solo Scenarios,"LOW_CONFIDENCE_MATCH: exact match is a BGG expansion/non-base entry, out of scope -- refusing to fall back to a fuzzy match against an unrelated base game",,,100.0
sub-terra-ii-typhaon-wakes,Sub Terra II: Typhaon Wakes,"LOW_CONFIDENCE_MATCH: exact match is a BGG expansion/non-base entry, out of scope -- refusing to fall back to a fuzzy match against an unrelated base game",,,100.0
robo-rally,Robo Rally,LOW_CONFIDENCE_MATCH: ambiguous: multiple BGG entries share this normalized title,,,
cluedo-vintage-bookshelf-uk-edition,Cluedo Vintage Bookshelf UK Edition,LOW_CONFIDENCE_MATCH: fuzzy score below threshold or too close to runner-up,,,62.745098039215684
rainbow-card-game,Rainbow Card Game,"QUALITY_GATE: shrunk=6.50, usersrated=0",451317,Rainbow: The Card Game,100.0
light-speed-arena-glyphon,Light Speed: Arena - Glyphon,"LOW_CONFIDENCE_MATCH: exact match is a BGG expansion/non-base entry, out of scope -- refusing to fall back to a fuzzy match against an unrelated base game",,,100.0
similo-myths,Similo: Myths,LOW_CONFIDENCE_MATCH: fuzzy score below threshold or too close to runner-up,,,66.66666666666667
warps-edge-anomaly-expansion,Warp's Edge Anomaly Expansion,LOW_CONFIDENCE_MATCH: fuzzy score below threshold or too close to runner-up,,,61.53846153846154
qwirkle-bonus-pack,Qwirkle Bonus Pack,LOW_CONFIDENCE_MATCH: fuzzy score below threshold or too close to runner-up,,,74.28571428571429
dominion-dark-ages,Dominion: Dark Ages,"LOW_CONFIDENCE_MATCH: exact match is a BGG expansion/non-base entry, out of scope -- refusing to fall back to a fuzzy match against an unrelated base game",,,100.0
tokaido-deluxe-5th-anniversary-edition,Tokaido Deluxe 5th Anniversary Edition,LOW_CONFIDENCE_MATCH: fuzzy score below threshold or too close to runner-up,,,77.77777777777779
vampire-the-masquerade-chapters-character-expansion-ministry,Vampire: The Masquerade - CHAPTERS. Character expansion - Ministry,LOW_CONFIDENCE_MATCH: fuzzy score below threshold or too close to runner-up,,,65.06024096385542
paris-la-cite-de-la-lumiere-eiffel-expansion,Paris: La Cite De La Lumiere - Eiffel Expansion,LOW_CONFIDENCE_MATCH: fuzzy score below threshold or too close to runner-up,,,76.05633802816901
ecosystem-coral-reef,Ecosystem: Coral Reef,"QUALITY_GATE: shrunk=7.08, usersrated=889",359406,Ecosystem: Coral Reef,100.0
catan-scenarios-the-helpers,Catan Scenarios: The Helpers,LOW_CONFIDENCE_MATCH: fuzzy score below threshold or too close to runner-up,,,70.0
point-city-kickstarter-edition,Point City Kickstarter Edition,LOW_CONFIDENCE_MATCH: fuzzy score below threshold or too close to runner-up,,,82.75862068965517
cadaver,Cadaver,"QUALITY_GATE: shrunk=6.31, usersrated=213",186755,Cadaver,100.0
the-case-of-the-dead-mans-hand-murder-mystery,The Case of the Dead Man's Hand Murder Mystery,LOW_CONFIDENCE_MATCH: fuzzy score below threshold or too close to runner-up,,,74.35897435897436
fateforge-chronicles-of-kaan-clash-of-the-immortals-expansion,Fateforge: Chronicles of Kaan - Clash of the Immortals Expansion,LOW_CONFIDENCE_MATCH: fuzzy score below threshold or too close to runner-up,,,65.88235294117646
nucleum-patrons-set-booster,Nucleum: Patrons Set Booster,LOW_CONFIDENCE_MATCH: fuzzy score below threshold or too close to runner-up,,,65.21739130434783
giants-moving-tiny-furniture,Giants Moving Tiny Furniture,"QUALITY_GATE: shrunk=6.45, usersrated=62",452411,Giants Moving Tiny Furniture,100.0
arkham-horror-rpg-premium-adventure-terra-antarctica-expansion,Arkham Horror RPG Premium Adventure Terra Antarctica expansion,LOW_CONFIDENCE_MATCH: fuzzy score below threshold or too close to runner-up,,,55.769230769230774
summoner-wars-the-filth-faction-deck,Summoner Wars: The Filth - Faction Deck,"LOW_CONFIDENCE_MATCH: exact match is a BGG expansion/non-base entry, out of scope -- refusing to fall back to a fuzzy match against an unrelated base game",,,100.0
timebomb,TimeBomb,LOW_CONFIDENCE_MATCH: ambiguous: multiple BGG entries share this title as a prefix,,,88.88888888888889
solstis-firefly-expansion,Solstis: Firefly (Expansion),LOW_CONFIDENCE_MATCH: fuzzy score below threshold or too close to runner-up,,,65.21739130434783
three-little-pigs,Three Little Pigs,LOW_CONFIDENCE_MATCH: ambiguous: multiple BGG entries share this normalized title,,,
the-crew-family-adventure-marooned-in-paradise,The Crew: Family Adventure - Marooned in Paradise,LOW_CONFIDENCE_MATCH: fuzzy score below threshold or too close to runner-up,,,66.66666666666667
firefly-adventures-brigands-and-browncoats,Firefly Adventures: Brigands and Browncoats,"QUALITY_GATE: shrunk=6.97, usersrated=876",231991,Firefly Adventures: Brigands and Browncoats,100.0
australis,Australis,"QUALITY_GATE: shrunk=7.01, usersrated=651",419720,Australis,100.0
chemistry-fluxx,Chemistry Fluxx,"QUALITY_GATE: shrunk=6.27, usersrated=492",220193,Chemistry Fluxx,100.0
drinking-fluxx,Drinking Fluxx,"QUALITY_GATE: shrunk=6.30, usersrated=306",211996,Drinking Fluxx,100.0
shopping-list-fruit-veg-booster-pack,Shopping List Fruit & Veg Booster Pack,LOW_CONFIDENCE_MATCH: fuzzy score below threshold or too close to runner-up,,,58.33333333333333
marvel-legendary-ant-man-small-box-expansion,Marvel Legendary Ant-Man Small Box Expansion,LOW_CONFIDENCE_MATCH: fuzzy score below threshold or too close to runner-up,,,56.470588235294116
bang-the-dice-game-undead-or-alive,BANG! The Dice Game: Undead or Alive,"LOW_CONFIDENCE_MATCH: exact match is a BGG expansion/non-base entry, out of scope -- refusing to fall back to a fuzzy match against an unrelated base game",,,100.0
gateways-to-terror-three-portals-into-nightmare-call-of-cthulhu-7th-ed,Gateways to Terror - Three Portals into Nightmare: Call of Cthulhu 7th Ed,LOW_CONFIDENCE_MATCH: fuzzy score below threshold or too close to runner-up,,,55.319148936170215
power-grid-recharged-central-europe-expansion,Power Grid Recharged: Central Europe Expansion,LOW_CONFIDENCE_MATCH: fuzzy score below threshold or too close to runner-up,,,60.75949367088608
boggle-classic-2,Boggle Classic,LOW_CONFIDENCE_MATCH: fuzzy score below threshold or too close to runner-up,,,74.07407407407408
holiday-hijinks-the-kringle-caper,Holiday Hijinks: The Kringle Caper,"QUALITY_GATE: shrunk=6.97, usersrated=217",318307,Holiday Hijinks #1: The Kringle Caper,96.66666666666667
ancient-knowledge,Ancient Knowledge,"QUALITY_GATE: shrunk=7.10, usersrated=3745",338093,Ancient Knowledge,100.0
orbito,Orbito,LOW_CONFIDENCE_MATCH: ambiguous: multiple BGG entries share this normalized title,,,
after-us,After Us,"QUALITY_GATE: shrunk=6.77, usersrated=3250",369548,After Us,100.0
qawale-mini,Qawale Mini,LOW_CONFIDENCE_MATCH: fuzzy score below threshold or too close to runner-up,,,70.58823529411764
woof-days,Woof Days,"QUALITY_GATE: shrunk=6.68, usersrated=114",414082,Woof Days,100.0
summoner-wars-storm-goblins-faction-deck,Summoner Wars: Storm Goblins - Faction Deck,LOW_CONFIDENCE_MATCH: fuzzy score below threshold or too close to runner-up,,,67.5
bicycle-140th-anniversary,Bicycle: 140th Anniversary,LOW_CONFIDENCE_MATCH: fuzzy score below threshold or too close to runner-up,,,78.26086956521739
point-salad-kickstarter-edition,Point Salad: Kickstarter Edition,LOW_CONFIDENCE_MATCH: fuzzy score below threshold or too close to runner-up,,,81.35593220338984
summoner-wars-moonsteppe-wolves-faction-deck,Summoner Wars: Moonsteppe Wolves Faction Deck,LOW_CONFIDENCE_MATCH: fuzzy score below threshold or too close to runner-up,,,61.111111111111114
original-adventures-reincarnated-5-castle-amber-5e,Original Adventures Reincarnated #5 - Castle Amber (5E),LOW_CONFIDENCE_MATCH: fuzzy score below threshold or too close to runner-up,,,61.1764705882353
hapsburg-eclipse-2nd-edition,Hapsburg Eclipse 2nd Edition,"QUALITY_GATE: shrunk=7.17, usersrated=424",149361,Hapsburg Eclipse: The Great War in Eastern Europe 1914-1918,95.0
othello-no-lose-pieces,"Othello ""No Lose Pieces""",LOW_CONFIDENCE_MATCH: fuzzy score below threshold or too close to runner-up,,,61.111111111111114
wildlands-map-pack-2-the-fall-of-the-dark-house,Wildlands: Map Pack 2: The Fall of the Dark House,"LOW_CONFIDENCE_MATCH: exact match is a BGG expansion/non-base entry, out of scope -- refusing to fall back to a fuzzy match against an unrelated base game",,,100.0
aeons-end-expansion-shattered-dreams,Aeon's End Expansion: Shattered Dreams,LOW_CONFIDENCE_MATCH: fuzzy score below threshold or too close to runner-up,,,59.25925925925925
detective-city-of-angels-bullets-over-hollywood-expansion,Detective: City of Angels - Bullets over Hollywood Expansion,LOW_CONFIDENCE_MATCH: fuzzy score below threshold or too close to runner-up,,,59.25925925925925
final-girl-vehicle-pack-2,Final Girl: Vehicle Pack 2,LOW_CONFIDENCE_MATCH: fuzzy score below threshold or too close to runner-up,,,58.82352941176471
sand,Sand,"QUALITY_GATE: shrunk=6.65, usersrated=1119",402669,Sand,100.0
crossfire-pack-zombicide-white-death-expansion,Crossfire Pack: Zombicide: White Death Expansion,LOW_CONFIDENCE_MATCH: fuzzy score below threshold or too close to runner-up,,,62.68656716417911
summoner-wars-shimmersea-fae-faction-deck,Summoner Wars: Shimmersea Fae - Faction Deck,LOW_CONFIDENCE_MATCH: fuzzy score below threshold or too close to runner-up,,,64.19753086419753
nucleum-court-of-progress,Nucleum: Court of Progress,"LOW_CONFIDENCE_MATCH: exact match is a BGG expansion/non-base entry, out of scope -- refusing to fall back to a fuzzy match against an unrelated base game",,,100.0
kronologic-paris-1920-panic-at-the-opera-the-cursed-lovers,Kronologic: Paris 1920 - Panic at the Opera & The Cursed Lovers,"LOW_CONFIDENCE_MATCH: exact match is a BGG expansion/non-base entry, out of scope -- refusing to fall back to a fuzzy match against an unrelated base game",,,100.0
aspens,Aspens - Kickstarter Standard Edition,LOW_CONFIDENCE_MATCH: fuzzy score below threshold or too close to runner-up,,,68.57142857142857
magic-maze-pocket,Magic Maze Pocket,"QUALITY_GATE: shrunk=6.82, usersrated=124",450086,Magic Maze Pocket,100.0
world-order-the-ultimate-geopolitical-simulator,World Order: The Ultimate Geopolitical Simulator,LOW_CONFIDENCE_MATCH: fuzzy score below threshold or too close to runner-up,,,59.79381443298969
aliens-sulaco-survivors,Aliens: Sulaco Survivors (2023 Edition),LOW_CONFIDENCE_MATCH: fuzzy score below threshold or too close to runner-up,,,64.51612903225806
high-score-2,High Score,LOW_CONFIDENCE_MATCH: ambiguous: multiple BGG entries share this normalized title,,,
exit-kids-midnight-spooktacular,EXIT: Kids - Midnight Spooktacular,"QUALITY_GATE: shrunk=6.52, usersrated=57",406314,EXIT: The Game – Kids: Midnight Spooktacular,100.0
tokaido-5th-anniversary-edition,Tokaido 5th Anniversary Edition,LOW_CONFIDENCE_MATCH: fuzzy score below threshold or too close to runner-up,,,77.77777777777779
q-bitz,Q-Bitz,"QUALITY_GATE: shrunk=6.17, usersrated=405",66088,Q•bitz,100.0
marrying-mr-darcy-card-game-emma-expansion,Marrying Mr Darcy Card Game: Emma Expansion,"LOW_CONFIDENCE_MATCH: exact match is a BGG expansion/non-base entry, out of scope -- refusing to fall back to a fuzzy match against an unrelated base game",,,100.0
lucky-numbers,Lucky Numbers,LOW_CONFIDENCE_MATCH: ambiguous: multiple BGG entries share this normalized title,,,
power-grid-the-new-power-plant-cards-set-2,Power Grid: The New Power Plant Cards - Set 2,LOW_CONFIDENCE_MATCH: fuzzy score below threshold or too close to runner-up,,,60.75949367088608
chomp,Chomp,LOW_CONFIDENCE_MATCH: ambiguous: multiple BGG entries share this normalized title,,,
kabuto-sumo-all-star-expansion,Kabuto Sumo All-Star Expansion,LOW_CONFIDENCE_MATCH: fuzzy score below threshold or too close to runner-up,,,62.22222222222222
maladum-adventurer-dashboards,Maladum Adventurer Dashboards,LOW_CONFIDENCE_MATCH: fuzzy score below threshold or too close to runner-up,,,70.37037037037037
divine-beasts-zombicide-white-death-expansion,Divine Beasts: Zombicide: White Death Expansion,LOW_CONFIDENCE_MATCH: fuzzy score below threshold or too close to runner-up,,,63.63636363636363
unreliable-wizard,Unreliable Wizard,"QUALITY_GATE: shrunk=6.48, usersrated=548",363503,Unreliable Wizard,100.0
square-one,Square One,"QUALITY_GATE: shrunk=7.11, usersrated=353",416232,Square One,100.0
yonder-deluxe-edition,Yonder: Deluxe Edition,"QUALITY_GATE: shrunk=6.99, usersrated=89",397005,Yonder,100.0
swing-your-sausage,Swing Your Sausage,"QUALITY_GATE: shrunk=6.48, usersrated=2",431044,Swing Your Sausage,100.0
santa-monica,Santa Monica,"QUALITY_GATE: shrunk=7.11, usersrated=5063",298065,Santa Monica,100.0
lewis-clark-2nd-edition,Lewis &amp; Clark 2nd Edition,LOW_CONFIDENCE_MATCH: ambiguous: multiple BGG entries share this title as a prefix,,,73.17073170731707
movie-tricks,Movie Tricks,"QUALITY_GATE: shrunk=6.85, usersrated=255",442512,Movie Tricks,100.0
pagan-fate-of-roanoke-behind-the-veil-content-pack,Pagan Fate of Roanoke: Behind the Veil - Content Pack,LOW_CONFIDENCE_MATCH: fuzzy score below threshold or too close to runner-up,,,62.68656716417911
the-four-doors,The Four Doors,"QUALITY_GATE: shrunk=6.70, usersrated=218",447687,The Four Doors,100.0
comic-backing-boards-current,Comic Backing Boards Current,LOW_CONFIDENCE_MATCH: fuzzy score below threshold or too close to runner-up,,,59.57446808510638
the-deck-of-many-things-alternate-cover-dungeons-dragons,The Deck of Many Things (Alternate Cover): Dungeons & Dragons,LOW_CONFIDENCE_MATCH: fuzzy score below threshold or too close to runner-up,,,65.95744680851064
epic,Epic,"QUALITY_GATE: shrunk=6.40, usersrated=5054",175621,Epic Card Game,100.0
werewords,Werewords,"QUALITY_GATE: shrunk=7.09, usersrated=6393",219215,Werewords,100.0
rummy,Rummy,LOW_CONFIDENCE_MATCH: ambiguous: multiple BGG entries share this normalized title,,,
tapeworm,Tapeworm,"QUALITY_GATE: shrunk=6.41, usersrated=575",308416,Tapeworm,100.0
the-witcher-old-world-metal-coins,The Witcher: Old World - Metal Coins,LOW_CONFIDENCE_MATCH: fuzzy score below threshold or too close to runner-up,,,73.91304347826086
house-of-games-card-game,House of Games Card Game,LOW_CONFIDENCE_MATCH: fuzzy score below threshold or too close to runner-up,,,81.4814814814815
factory-funner,Factory Funner,"QUALITY_GATE: shrunk=7.11, usersrated=2061",183284,Factory Funner,100.0
smash-up-excellent-movies-dudes,"Smash Up: Excellent Movies, Dudes!","QUALITY_GATE: shrunk=7.16, usersrated=112",379164,"Smash Up: Excellent Movies, Dudes!",100.0
ashes-reborn-red-rains-the-siege-of-lordswall-phoenixborn-chimera-expansion-decks,Ashes Reborn: Red Rains - The Siege of Lordswall - Phoenixborn & Chimera Expansion Decks,LOW_CONFIDENCE_MATCH: fuzzy score below threshold or too close to runner-up,,,54.86725663716814
duplik,Duplik,"QUALITY_GATE: shrunk=6.95, usersrated=2517",22348,Duplik,100.0
pagan-beyond-the-palisades,Pagan: Beyond the Palisades,"LOW_CONFIDENCE_MATCH: exact match is a BGG expansion/non-base entry, out of scope -- refusing to fall back to a fuzzy match against an unrelated base game",,,100.0
splendor-kids,Splendor Kids,"QUALITY_GATE: shrunk=6.74, usersrated=146",453472,Splendor Kids,100.0
pagan-fate-of-roanoke-through-the-mist-content-pack,Pagan Fate of Roanoke: Through the Mist - Content Pack,LOW_CONFIDENCE_MATCH: fuzzy score below threshold or too close to runner-up,,,61.76470588235294
the-binding-of-isaac-four-souls-edmund-booster,The Binding Of Isaac: Four Souls: Edmund Booster,LOW_CONFIDENCE_MATCH: fuzzy score below threshold or too close to runner-up,,,76.19047619047619
judge-dredd-helter-skelter-dark-judges,Judge Dredd: Helter Skelter: Dark Judges,"LOW_CONFIDENCE_MATCH: exact match is a BGG expansion/non-base entry, out of scope -- refusing to fall back to a fuzzy match against an unrelated base game",,,100.0
scream-party-game,Scream Party Game,LOW_CONFIDENCE_MATCH: fuzzy score below threshold or too close to runner-up,,,83.87096774193549
spyfall,Spyfall,"QUALITY_GATE: shrunk=6.73, usersrated=22507",166384,Spyfall,100.0
giraffes-in-scarves,Giraffes in Scarves,"QUALITY_GATE: shrunk=6.37, usersrated=7",319096,Giraffes in Scarves,100.0
kazoo-that-tune-game-2,Kazoo That Tune Game,LOW_CONFIDENCE_MATCH: fuzzy score below threshold or too close to runner-up,,,85.71428571428572
hostage-negotiator,Hostage Negotiator,"QUALITY_GATE: shrunk=6.77, usersrated=6296",134253,Hostage Negotiator,100.0
mr-mrs-family-edition,Mr &amp; Mrs Family Edition,LOW_CONFIDENCE_MATCH: fuzzy score below threshold or too close to runner-up,,,75.55555555555556
sherlock-holmes-the-case-of-the-treasury-safe,Sherlock Holmes: The Case of the Treasury Safe,LOW_CONFIDENCE_MATCH: fuzzy score below threshold or too close to runner-up,,,68.75
match-madness,Match Madness,"QUALITY_GATE: shrunk=6.28, usersrated=529",204498,Match Madness,100.0
gowrons-honour-guard-star-trek-away-missions-core-set,Gowron's Honour Guard: Star Trek Away Missions Core Set,LOW_CONFIDENCE_MATCH: fuzzy score below threshold or too close to runner-up,,,62.857142857142854
black-stories-1,black stories 1,"QUALITY_GATE: shrunk=6.37, usersrated=9",154727,Black Stories 1+2,95.0
kids-on-bikes-second-edition,Kids on Bikes: Second Edition,LOW_CONFIDENCE_MATCH: fuzzy score below threshold or too close to runner-up,,,79.3103448275862
world-wonders-board-game-mundo-wonders-pack,World Wonders Board Game: Mundo Wonders Pack,"LOW_CONFIDENCE_MATCH: exact match is a BGG expansion/non-base entry, out of scope -- refusing to fall back to a fuzzy match against an unrelated base game",,,100.0
break-the-code,Break The Code,"QUALITY_GATE: shrunk=7.02, usersrated=2162",227466,Break the Code,100.0
final-girl-series-3-guest-stars-box,Final Girl: Series 3 Guest Stars Box,LOW_CONFIDENCE_MATCH: fuzzy score below threshold or too close to runner-up,,,63.1578947368421
arkwright-anniversary,Arkwright: Anniversary,LOW_CONFIDENCE_MATCH: fuzzy score below threshold or too close to runner-up,,,71.42857142857143
moonshine,Moonshine,LOW_CONFIDENCE_MATCH: ambiguous: multiple BGG entries share this normalized title,,,
total-war-rome-board-game,Total War: Rome Board Game,"QUALITY_GATE: shrunk=6.35, usersrated=274",344332,Total War: ROME – The Board Game,100.0
the-binding-of-isaac-four-souls-community-booster,The Binding Of Isaac: Four Souls: Community Booster,LOW_CONFIDENCE_MATCH: fuzzy score below threshold or too close to runner-up,,,72.72727272727273
waddle-3,Waddle,LOW_CONFIDENCE_MATCH: ambiguous: multiple BGG entries share this normalized title,,,
adrenaline-team-play-dlc,Adrenaline: Team Play DLC,"LOW_CONFIDENCE_MATCH: exact match is a BGG expansion/non-base entry, out of scope -- refusing to fall back to a fuzzy match against an unrelated base game",,,100.0
nine-tiles-extreme,Nine tiles Extreme,"QUALITY_GATE: shrunk=6.48, usersrated=246",391084,Nine Tiles Extreme,100.0
summoner-wars-thornhold-drey-faction-deck,Summoner Wars: Thornhold Drey Faction Deck,LOW_CONFIDENCE_MATCH: fuzzy score below threshold or too close to runner-up,,,57.971014492753625
andor-family-fantasy-expansion,Andor - Family Fantasy Expansion,LOW_CONFIDENCE_MATCH: fuzzy score below threshold or too close to runner-up,,,72.72727272727273
missions-terraforming-mars-the-dice-game-expansion,Missions: Terraforming Mars The Dice Game Expansion,LOW_CONFIDENCE_MATCH: fuzzy score below threshold or too close to runner-up,,,73.97260273972603
rocks-of-ruin-explorers-of-the-north-sea-expansion,Rocks of Ruin: Explorers of the North Sea Expansion,LOW_CONFIDENCE_MATCH: fuzzy score below threshold or too close to runner-up,,,64.70588235294117
munchkin-9-jurassic-snark,Munchkin 9 Jurassic Snark,"LOW_CONFIDENCE_MATCH: exact match is a BGG expansion/non-base entry, out of scope -- refusing to fall back to a fuzzy match against an unrelated base game",,,100.0
bus-stop,Bus Stop,LOW_CONFIDENCE_MATCH: ambiguous: multiple BGG entries share this normalized title,,,
catch-count,Catch & Count,LOW_CONFIDENCE_MATCH: fuzzy score below threshold or too close to runner-up,,,85.71428571428572
happy-little-dinosaurs-5-6-player-expansion,Happy Little Dinosaurs: 5-6 Player Expansion,LOW_CONFIDENCE_MATCH: fuzzy score below threshold or too close to runner-up,,,67.6923076923077
detective-city-of-angels-smoke-and-mirrors-expansion,Detective: City of Angels - Smoke and Mirrors Expansion,LOW_CONFIDENCE_MATCH: fuzzy score below threshold or too close to runner-up,,,63.1578947368421
my-first-adventure-journey-to-ochre-land,My First Adventure: Journey To Ochre Land,"QUALITY_GATE: shrunk=6.74, usersrated=45",307733,My First Adventure: Journey to Ochre Land,100.0
mada,Mada,"QUALITY_GATE: shrunk=6.73, usersrated=462",365983,Mada,100.0
castle-panic-engines-of-war-2nd-edition,Castle Panic Engines of War: 2nd Edition,"LOW_CONFIDENCE_MATCH: exact match is a BGG expansion/non-base entry, out of scope -- refusing to fall back to a fuzzy match against an unrelated base game",,,100.0
hamlet,Hamlet,LOW_CONFIDENCE_MATCH: ambiguous: multiple BGG entries share this normalized title,,,
dirty-pig,Dirty Pig,"QUALITY_GATE: shrunk=6.16, usersrated=2296",118410,Dirty Pig,100.0
aurum,Aurum,"QUALITY_GATE: shrunk=6.90, usersrated=953",383459,Aurum,100.0
sosig,Sosig,"QUALITY_GATE: shrunk=6.38, usersrated=262",411015,Sosig,100.0
mythic-mischief-volume-i,Mythic Mischief Volume I,LOW_CONFIDENCE_MATCH: digit conflict (likely a different sequel/season/expansion),,,95.83333333333334
mythwind-board-game-friends-and-family-expansion,Mythwind Board Game: Friends And Family Expansion,LOW_CONFIDENCE_MATCH: fuzzy score below threshold or too close to runner-up,,,66.66666666666667
exploding-pigeon,Exploding Pigeon,"QUALITY_GATE: shrunk=6.33, usersrated=35",451791,Exploding Pigeon,100.0
living-forest-duel,Living Forest Duel,"QUALITY_GATE: shrunk=6.32, usersrated=430",427260,Living Forest Duel,100.0
katamino-uk-ireland-only,Katamino,"QUALITY_GATE: shrunk=6.51, usersrated=1272",6931,Katamino,100.0
katamino-family,Katamino Family,LOW_CONFIDENCE_MATCH: fuzzy score below threshold or too close to runner-up,,,73.33333333333334
pagan-fate-of-roanoke-until-proven-guilty-content-pack,Pagan Fate of Roanoke: Until Proven Guilty - Content Pack,LOW_CONFIDENCE_MATCH: fuzzy score below threshold or too close to runner-up,,,56.00000000000001
labyrinth-smart-choice,Labyrinth [Smart Choice],LOW_CONFIDENCE_MATCH: fuzzy score below threshold or too close to runner-up,,,76.19047619047619
rivers-of-london-the-roleplaying-game,Rivers Of London: The Roleplaying Game,LOW_CONFIDENCE_MATCH: fuzzy score below threshold or too close to runner-up,,,66.66666666666667
escape-room-the-game-3-pack,Escape Room The Game 3-pack,LOW_CONFIDENCE_MATCH: fuzzy score below threshold or too close to runner-up,,,89.47368421052632
my-first-stone-age,My First Stone Age,"QUALITY_GATE: shrunk=6.61, usersrated=3077",191004,My First Stone Age,100.0
cthulhu-wars-dreamlands-underworld-monster-expansion,Cthulhu Wars: Dreamlands Underworld Monster Expansion,LOW_CONFIDENCE_MATCH: fuzzy score below threshold or too close to runner-up,,,57.49999999999999
karen,Karen,"QUALITY_GATE: shrunk=5.81, usersrated=58",367583,Karen,100.0
summoner-wars-cloaks,Summoner Wars: Cloaks,LOW_CONFIDENCE_MATCH: fuzzy score below threshold or too close to runner-up,,,78.78787878787878
star-wars-villainous-power-of-the-dark-side,Star Wars Villainous: Power of the Dark Side,"QUALITY_GATE: shrunk=6.97, usersrated=2056",358800,Star Wars Villainous: Power of the Dark Side,100.0
castle-panic-big-box-2e,Castle Panic Big Box (2nd Edition),LOW_CONFIDENCE_MATCH: ambiguous: multiple BGG entries share this normalized title,,,
beast-metal-coins,Beast: Metal Coins,LOW_CONFIDENCE_MATCH: fuzzy score below threshold or too close to runner-up,,,72.72727272727273
forever-home,Forever Home,"QUALITY_GATE: shrunk=6.66, usersrated=1002",385999,Forever Home,100.0
medical-mysteries-game,Medical Mysteries New York,LOW_CONFIDENCE_MATCH: fuzzy score below threshold or too close to runner-up,,,67.74193548387098
mythwind-board-game-expanded-horizons-expansion,Mythwind Board Game: Expanded Horizons Expansion,LOW_CONFIDENCE_MATCH: fuzzy score below threshold or too close to runner-up,,,62.33766233766234
minecraft-explorers-card-game,Minecraft Explorers Card Game?,"QUALITY_GATE: shrunk=6.85, usersrated=529",413403,Minecraft Explorers,100.0
mythical-dice,Mythical Dice,"QUALITY_GATE: shrunk=6.84, usersrated=1639",191071,Mythical Dice,100.0
dragonisles,DragonIsles,"QUALITY_GATE: shrunk=6.89, usersrated=52",450499,DragonIsles,100.0
la-fleur,La Fleur,"QUALITY_GATE: shrunk=7.16, usersrated=340",402817,La Fleur,100.0
nature-board-game-module-1-flight-module,Nature Board Game: Module 1 Flight Module,LOW_CONFIDENCE_MATCH: fuzzy score below threshold or too close to runner-up,,,62.745098039215684
monopoly-vintage-bookshelf-uk-edition,Monopoly Vintage Bookshelf UK Edition,LOW_CONFIDENCE_MATCH: fuzzy score below threshold or too close to runner-up,,,70.76923076923076
thief-s-market-refresh,Thief's Market (Refresh),LOW_CONFIDENCE_MATCH: fuzzy score below threshold or too close to runner-up,,,77.77777777777779
cockroach-salad-game-multi-lingual-edition,Cockroach Salad Game (Multi Lingual Edition),LOW_CONFIDENCE_MATCH: fuzzy score below threshold or too close to runner-up,,,61.111111111111114
star-realms-command-deck-the-alliance,Star Realms Command Deck: The Alliance,"LOW_CONFIDENCE_MATCH: exact match is a BGG expansion/non-base entry, out of scope -- refusing to fall back to a fuzzy match against an unrelated base game",,,100.0
avocado-smash-game,Avocado Smash Game,LOW_CONFIDENCE_MATCH: fuzzy score below threshold or too close to runner-up,,,83.87096774193549
dont-say-it,Don't Say It,"QUALITY_GATE: shrunk=6.05, usersrated=64",38665,Don't Say It,100.0
runequest-starter-set,RuneQuest: Starter Set,LOW_CONFIDENCE_MATCH: fuzzy score below threshold or too close to runner-up,,,79.06976744186046
dead-men-tell-no-tales-renegade-games-edition,Dead Men Tell No Tales (Renegade Games Edition),LOW_CONFIDENCE_MATCH: fuzzy score below threshold or too close to runner-up,,,65.67164179104478
similo-spookies,Similo: Spookies,LOW_CONFIDENCE_MATCH: fuzzy score below threshold or too close to runner-up,,,72.0
mythwind-board-game-winds-of-magic-expansion,Mythwind Board Game: Winds Of Magic Expansion,LOW_CONFIDENCE_MATCH: fuzzy score below threshold or too close to runner-up,,,60.71428571428572
our-family-is-so-weird,Our Family is So Weird,"QUALITY_GATE: shrunk=6.17, usersrated=16",455133,Our Family Is So Weird,100.0
cascadia-rolling-hills,Cascadia: Rolling Hills,"QUALITY_GATE: shrunk=7.08, usersrated=1238",407317,Cascadia: Rolling Hills,100.0
katamino-pocket,Katamino Pocket,LOW_CONFIDENCE_MATCH: fuzzy score below threshold or too close to runner-up,,,76.92307692307692
talisman-nemesis-board-game-expansion-call-of-the-hunt,Talisman: Nemesis Board Game Expansion Call of the Hunt,LOW_CONFIDENCE_MATCH: fuzzy score below threshold or too close to runner-up,,,58.22784810126582
oh-my-socks,Oh My Socks,"QUALITY_GATE: shrunk=6.71, usersrated=281",448756,Oh My Socks!,100.0
life-of-the-amazonia-upgraded-resource-tokens,Life Of The Amazonia: Upgraded Resource Tokens,LOW_CONFIDENCE_MATCH: fuzzy score below threshold or too close to runner-up,,,56.14035087719298
the-game-of-life-vintage-bookshelf-uk-edition,The Game of Life Vintage Bookshelf UK Edition,LOW_CONFIDENCE_MATCH: fuzzy score below threshold or too close to runner-up,,,68.96551724137932
diplomacy-dominance-expansion-for-world-order,Diplomacy & Dominance: Expansion for World Order,LOW_CONFIDENCE_MATCH: fuzzy score below threshold or too close to runner-up,,,60.75949367088608
cat-earth,Cat Earth,"QUALITY_GATE: shrunk=6.57, usersrated=95",459706,Cat Earth,100.0
20-strong-hoplomachus-victorum-expansion,20 Strong: Hoplomachus Victorum Expansion,LOW_CONFIDENCE_MATCH: fuzzy score below threshold or too close to runner-up,,,66.66666666666667
get-bit-board-game,Get Bit! Board Game,"QUALITY_GATE: shrunk=6.14, usersrated=7115",30539,Get Bit!,100.0
alias-original,Alias Original,LOW_CONFIDENCE_MATCH: fuzzy score below threshold or too close to runner-up,,,76.92307692307692
ora-et-labora-2,Ora et Labora,LOW_CONFIDENCE_MATCH: ambiguous: multiple BGG entries share this normalized title,,,
hanabi-card-game-master-artisan-expansion-1,Hanabi Card Game: Master Artisan Expansion 1,LOW_CONFIDENCE_MATCH: fuzzy score below threshold or too close to runner-up,,,61.111111111111114
northgard,Northgard,LOW_CONFIDENCE_MATCH: ambiguous: multiple BGG entries share this title as a prefix,,,82.35294117647058
sleeping-gods-dungeons,Sleeping Gods Dungeons,"LOW_CONFIDENCE_MATCH: exact match is a BGG expansion/non-base entry, out of scope -- refusing to fall back to a fuzzy match against an unrelated base game",,,100.0
dominion-allies,Dominion Allies,"LOW_CONFIDENCE_MATCH: exact match is a BGG expansion/non-base entry, out of scope -- refusing to fall back to a fuzzy match against an unrelated base game",,,100.0
axis-and-allies-1941,Axis And Allies 1941,"QUALITY_GATE: shrunk=6.40, usersrated=1415",123185,Axis & Allies: 1941,100.0
casting-shadows-ice-storm-expansion,Casting Shadows: Ice Storm expansion,"LOW_CONFIDENCE_MATCH: exact match is a BGG expansion/non-base entry, out of scope -- refusing to fall back to a fuzzy match against an unrelated base game",,,100.0
ashes-reborn-red-rains-the-corspe-of-viros,Ashes Reborn: Red Rains - The Corspe of Viros,LOW_CONFIDENCE_MATCH: fuzzy score below threshold or too close to runner-up,,,65.71428571428571
zoo-tycoon-the-board-game,Zoo Tycoon: The Board Game,"QUALITY_GATE: shrunk=7.01, usersrated=837",370757,Zoo Tycoon: The Board Game,100.0
vampire-village,Vampire Village,"QUALITY_GATE: shrunk=6.49, usersrated=182",403528,Vampire Village,100.0
exploding-kittens-grab-game,Exploding Kittens - Grab & Game,"QUALITY_GATE: shrunk=6.42, usersrated=37",430593,Exploding Kittens: Grab & Game,100.0
selfish-shipwrecked-edition-2,Selfish: Shipwrecked Edition,"QUALITY_GATE: shrunk=6.18, usersrated=88",398967,Selfish: Shipwrecked Edition,100.0
escape-from-new-york,Escape from New York,LOW_CONFIDENCE_MATCH: ambiguous: multiple BGG entries share this normalized title,,,
wonder-bowling-japanese-box-english-instructions,Wonder Bowling (Japanese Box - English Instructions),LOW_CONFIDENCE_MATCH: fuzzy score below threshold or too close to runner-up,,,61.53846153846154
thunder-road-vendetta-extra-ammo,Thunder Road Vendetta Extra Ammo,LOW_CONFIDENCE_MATCH: fuzzy score below threshold or too close to runner-up,,,79.24528301886792
wednesday-creatures-outcasts,Wednesday: Creatures & Outcasts,"QUALITY_GATE: shrunk=6.52, usersrated=72",420201,Wednesday: Creatures & Outcasts,100.0
dobble-lilo-and-stitch,Dobble Lilo and Stitch,LOW_CONFIDENCE_MATCH: fuzzy score below threshold or too close to runner-up,,,73.17073170731707
hutan,Hutan,"QUALITY_GATE: shrunk=6.96, usersrated=1159",419130,Hutan: Life in the Rainforest,95.0
kingdom-rush-spider-goddess-en,Kingdom Rush - Spider Goddess (EN),LOW_CONFIDENCE_MATCH: fuzzy score below threshold or too close to runner-up,,,61.81818181818181
asterix-co,Asterix & Co,"QUALITY_GATE: shrunk=6.76, usersrated=181",428182,Asterix & Co.,100.0
one-piece-nakama-friends-and-enemies-board-game,One Piece Nakama: Friends and Enemies Board Game,"QUALITY_GATE: shrunk=7.03, usersrated=229",426482,One Piece Nakama: Friends & Enemies,100.0
qe-commodities-expansion,QE: Commodities Expansion,LOW_CONFIDENCE_MATCH: fuzzy score below threshold or too close to runner-up,,,63.829787234042556
life-of-the-amazonia-upgraded-base-components,Life Of The Amazonia: Upgraded Base Components,LOW_CONFIDENCE_MATCH: fuzzy score below threshold or too close to runner-up,,,56.14035087719298
warlord-games-synthetic-brush-2,Warlord Games Synthetic Brush '2',LOW_CONFIDENCE_MATCH: fuzzy score below threshold or too close to runner-up,,,60.37735849056604
risk-2210-ad,Risk 2210 AD,"QUALITY_GATE: shrunk=6.69, usersrated=7376",1829,Risk 2210 A.D.,95.65217391304348
paint-the-roses-board-game-deluxe-edition,Paint The Roses Board Game: Deluxe Edition,LOW_CONFIDENCE_MATCH: ambiguous: multiple BGG entries share this normalized title,,,
cantaloop-youll-never-get-me-part-1-the-crew,Cantaloop: You'll Never Get Me! Part 1: The Crew,LOW_CONFIDENCE_MATCH: fuzzy score below threshold or too close to runner-up,,,60.526315789473685
order-and-chaos-heroes-of-land-air-sea-exp,"Order and Chaos: Heroes of Land, Air & Sea Exp.",LOW_CONFIDENCE_MATCH: fuzzy score below threshold or too close to runner-up,,,72.22222222222221
mousetrap-2,Mousetrap,LOW_CONFIDENCE_MATCH: ambiguous: multiple BGG entries share this title as a prefix,,,94.73684210526316
little-bus-lotto-mini-game,Little Bus Lotto Mini Game,LOW_CONFIDENCE_MATCH: fuzzy score below threshold or too close to runner-up,,,76.19047619047619
captain-sonar-upgrade-2-operation-dragon,Captain Sonar: Upgrade 2 Operation Dragon,LOW_CONFIDENCE_MATCH: fuzzy score below threshold or too close to runner-up,,,62.7906976744186
grabolo,Grabolo,"QUALITY_GATE: shrunk=6.07, usersrated=155",142517,Grabolo,100.0
similo-animals,Similo: Animals,LOW_CONFIDENCE_MATCH: fuzzy score below threshold or too close to runner-up,,,76.92307692307692
bang-the-duel,Bang! The Duel,"QUALITY_GATE: shrunk=6.40, usersrated=1532",182094,BANG! The Duel,100.0
atlantis-escape,Atlantis Escape,"QUALITY_GATE: shrunk=6.50, usersrated=0",417636,Escape Atlantis,100.0
cartaventura-vinland,Cartaventura: Vinland,"QUALITY_GATE: shrunk=6.25, usersrated=1252",327077,Cartaventura: Vinland,100.0
architects-of-the-west-kingdom-works-of-wonder-expansion,Architects of the West Kingdom: Works of Wonder Expansion,LOW_CONFIDENCE_MATCH: fuzzy score below threshold or too close to runner-up,,,66.66666666666667
nightmare-before-christmas-cluedo,Nightmare Before Christmas Cluedo,LOW_CONFIDENCE_MATCH: fuzzy score below threshold or too close to runner-up,,,82.53968253968253
hygee,Hygge,"QUALITY_GATE: shrunk=6.43, usersrated=14",428825,The Hygge Game: Trivia Edition,95.0
northgard-wilderness,Northgard: Wilderness,LOW_CONFIDENCE_MATCH: fuzzy score below threshold or too close to runner-up,,,78.78787878787878
boblins-rebellion,Boblin's Rebellion,"QUALITY_GATE: shrunk=6.77, usersrated=70",370399,Boblin's Rebellion,100.0
blade-runner-rpg-case-file-02-fiery-angels-boxed-adventure,Blade Runner RPG Case File 02: Fiery Angels (Boxed Adventure),LOW_CONFIDENCE_MATCH: fuzzy score below threshold or too close to runner-up,,,57.425742574257434
core-game-deluxe-version-the-witcher-path-of-destiny,Core Game (Deluxe Version) - The Witcher: Path of Destiny,LOW_CONFIDENCE_MATCH: fuzzy score below threshold or too close to runner-up,,,90.0
21x-limited-edition,21X Limited Edition,LOW_CONFIDENCE_MATCH: fuzzy score below threshold or too close to runner-up,,,72.72727272727273
tilt-n-shout,Tilt 'n' Shout,"QUALITY_GATE: shrunk=6.06, usersrated=160",425226,Tilt 'N' Shout,100.0
washed-ashore,Washed Ashore,LOW_CONFIDENCE_MATCH: fuzzy score below threshold or too close to runner-up,,,74.28571428571429
junta-2,Junta,LOW_CONFIDENCE_MATCH: ambiguous: multiple BGG entries share this normalized title,,,
ofrenda,Ofrenda,"QUALITY_GATE: shrunk=7.14, usersrated=284",432705,Ofrenda,100.0
oath-clockwork-adversaries,Oath Clockwork Adversaries,"LOW_CONFIDENCE_MATCH: exact match is a BGG expansion/non-base entry, out of scope -- refusing to fall back to a fuzzy match against an unrelated base game",,,100.0
stamp-swap,Stamp Swap,"QUALITY_GATE: shrunk=6.97, usersrated=1340",426796,Stamp Swap,100.0
pylos-mini,Pylos Mini,LOW_CONFIDENCE_MATCH: fuzzy score below threshold or too close to runner-up,,,80.0
6-nimmt-baron-oxx,6 Nimmt! Baron Oxx,"QUALITY_GATE: shrunk=6.97, usersrated=434",433339,6 nimmt! Baron Oxx,100.0
spotlight,Spotlight,LOW_CONFIDENCE_MATCH: ambiguous: multiple BGG entries share this normalized title,,,
shards-of-creation-base-game,Shards of Creation Base Game,LOW_CONFIDENCE_MATCH: fuzzy score below threshold or too close to runner-up,,,78.26086956521739
trickerion-board-game-dahlgaards-academy-expansion,Trickerion Board Game: Dahlgaard's Academy Expansion,LOW_CONFIDENCE_MATCH: fuzzy score below threshold or too close to runner-up,,,57.53424657534247
arkham-horror-rpg-starter-set-welcome-to-promise,Arkham Horror RPG: Starter Set - Welcome to Promise,LOW_CONFIDENCE_MATCH: fuzzy score below threshold or too close to runner-up,,,58.97435897435898
mistborn-the-well-of-ascension,Mistborn: The Well of Ascension,"LOW_CONFIDENCE_MATCH: exact match is a BGG expansion/non-base entry, out of scope -- refusing to fall back to a fuzzy match against an unrelated base game",,,100.0
king-of-tokyo-origins,King of Tokyo Origins,"QUALITY_GATE: shrunk=7.12, usersrated=377",403240,King of Tokyo: Origins,100.0
lands-of-galzyr-dreams-and-mysteries,Lands of Galzyr: Dreams and Mysteries,"LOW_CONFIDENCE_MATCH: exact match is a BGG expansion/non-base entry, out of scope -- refusing to fall back to a fuzzy match against an unrelated base game",,,100.0
bombastic,Bombastic,"QUALITY_GATE: shrunk=6.66, usersrated=275",438845,Bombastic,100.0
arctic-scavengers-and-recon,Arctic Scavengers AND Recon,LOW_CONFIDENCE_MATCH: fuzzy score below threshold or too close to runner-up,,,77.27272727272727
bang-card-game-deluxe-edition-the-bullet,"Bang! Card Game Deluxe Edition ""The Bullet""","QUALITY_GATE: shrunk=6.92, usersrated=9433",30933,BANG! The Bullet!,100.0
unfortunate-expeditions-2nd-edition-gloom-exp,Unfortunate Expeditions 2nd Edition: Gloom! Exp.,LOW_CONFIDENCE_MATCH: fuzzy score below threshold or too close to runner-up,,,62.745098039215684
star-realms-command-deck-the-coalition,Star Realms Command Deck: The Coalition,"LOW_CONFIDENCE_MATCH: exact match is a BGG expansion/non-base entry, out of scope -- refusing to fall back to a fuzzy match against an unrelated base game",,,100.0
jungle-snakes-ladders-mini-game,Jungle Snakes & Ladders Mini Game,LOW_CONFIDENCE_MATCH: fuzzy score below threshold or too close to runner-up,,,71.64179104477613
yes-no,Yes/No,"QUALITY_GATE: shrunk=5.20, usersrated=104",13356,Yes! No! Game,95.0
othello-on-the-move-travel,Othello On The Move Travel,LOW_CONFIDENCE_MATCH: fuzzy score below threshold or too close to runner-up,,,70.0
combat-commander-europe-mediterranean-20th-anniversary-edition,Combat Commander: Europe/ Mediterranean 20th Anniversary Edition,LOW_CONFIDENCE_MATCH: fuzzy score below threshold or too close to runner-up,,,86.48648648648648
cthulhu-gloom-card-game,Cthulhu Gloom Card Game,"QUALITY_GATE: shrunk=6.39, usersrated=2076",95234,Cthulhu Gloom,100.0
dog-lover,Dog Lover,"QUALITY_GATE: shrunk=6.69, usersrated=1512",344839,Dog Lover,100.0
the-binding-of-isaac-four-souls-requiem-expansion,The Binding of Isaac: Four Souls - Requiem Expansion,LOW_CONFIDENCE_MATCH: fuzzy score below threshold or too close to runner-up,,,72.72727272727273
gamegenic-squire-100-xl-blue,Gamegenic - Squire 100+ XL - Blue,LOW_CONFIDENCE_MATCH: fuzzy score below threshold or too close to runner-up,,,59.70149253731343
zombie-kittens,Zombie Kittens,"QUALITY_GATE: shrunk=6.55, usersrated=1439",362202,Zombie Kittens,100.0
really-loud-librarians,Really Loud Librarians,"QUALITY_GATE: shrunk=6.12, usersrated=580",378367,Really Loud Librarians,100.0
dobble-connect,Dobble Connect,"QUALITY_GATE: shrunk=6.29, usersrated=433",381429,Dobble Connect,100.0
terraforming-mars-ares-expedition-discovery,Terraforming Mars - Ares Expedition: Discovery,"LOW_CONFIDENCE_MATCH: exact match is a BGG expansion/non-base entry, out of scope -- refusing to fall back to a fuzzy match against an unrelated base game",,,100.0
the-number,The Number,"QUALITY_GATE: shrunk=6.06, usersrated=1119",307450,The Number,100.0
9-lives-2,9 Lives,LOW_CONFIDENCE_MATCH: ambiguous: multiple BGG entries share this normalized title,,,
obelus,Obelus,"QUALITY_GATE: shrunk=6.72, usersrated=62",370398,Obelus,100.0
spectral,Spectral,"QUALITY_GATE: shrunk=7.13, usersrated=811",388476,Spectral,100.0
butterfly-garden,Butterfly Garden,LOW_CONFIDENCE_MATCH: ambiguous: multiple BGG entries share this normalized title,,,
wandering-galaxy,Wandering Galaxy,"QUALITY_GATE: shrunk=7.15, usersrated=237",414595,Wandering Galaxy: A Crossroads Game,95.0
cascadia-rolling-hills-board-game-kickstarter-edition,Cascadia: Rolling Hills Board Game: Kickstarter Edition,LOW_CONFIDENCE_MATCH: fuzzy score below threshold or too close to runner-up,,,69.33333333333334
terraria-the-boardgame,Terraria: The Boardgame,LOW_CONFIDENCE_MATCH: fuzzy score below threshold or too close to runner-up,,,78.04878048780488
everdell-farshore-essential-edition,Everdell Farshore: Essential Edition,LOW_CONFIDENCE_MATCH: fuzzy score below threshold or too close to runner-up,,,72.1311475409836
wordsy-card-game-2nd-edition,Wordsy Card Game: 2nd Edition,"QUALITY_GATE: shrunk=6.88, usersrated=1074",208480,Wordsy,100.0
guess-who-vintage-bookshelf-edition,Guess Who Vintage Bookshelf Edition,LOW_CONFIDENCE_MATCH: fuzzy score below threshold or too close to runner-up,,,61.53846153846154
wine-cheese,Wine & Cheese,"QUALITY_GATE: shrunk=7.17, usersrated=131",461919,Wine & Cheese,100.0
inkwell,Inkwell,"QUALITY_GATE: shrunk=6.93, usersrated=148",442307,Inkwell,100.0
the-worst-case-scenario,The Worst-CASE Scenario,"QUALITY_GATE: shrunk=5.96, usersrated=258",358621,The Worst-Case Scenario Card Game,100.0
star-trek-ascendancy-the-final-frontier-expansion,Star Trek Ascendancy: The Final Frontier Expansion,LOW_CONFIDENCE_MATCH: fuzzy score below threshold or too close to runner-up,,,87.5
side-effects-booster-shot,Side Effects: Booster Shot,"LOW_CONFIDENCE_MATCH: exact match is a BGG expansion/non-base entry, out of scope -- refusing to fall back to a fuzzy match against an unrelated base game",,,100.0
star-realms-command-deck-the-alignment,Star Realms Command Deck: The Alignment,"LOW_CONFIDENCE_MATCH: exact match is a BGG expansion/non-base entry, out of scope -- refusing to fall back to a fuzzy match against an unrelated base game",,,100.0
rorys-story-cubes-eco-blister-voyages,Rory's Story Cubes Eco Blister Voyages,LOW_CONFIDENCE_MATCH: fuzzy score below threshold or too close to runner-up,,,81.25
ganymede-moon,Ganymede: Moon,"LOW_CONFIDENCE_MATCH: exact match is a BGG expansion/non-base entry, out of scope -- refusing to fall back to a fuzzy match against an unrelated base game",,,100.0
fossilis,Fossilis,"QUALITY_GATE: shrunk=6.93, usersrated=1629",280032,Fossilis,100.0
freigard,Freigard,"QUALITY_GATE: shrunk=6.47, usersrated=64",413249,Freigard,100.0
pac-man-the-card-game,PAC-MAN The Card Game,LOW_CONFIDENCE_MATCH: ambiguous: multiple BGG entries share this normalized title,,,
rummikub-black,Rummikub Black,LOW_CONFIDENCE_MATCH: fuzzy score below threshold or too close to runner-up,,,75.86206896551724
legend-of-the-five-rings-rpg-roleplaying-dice-pack-edge-studio-edition,Legend of the Five Rings RPG: Roleplaying Dice Pack (Edge Studio Edition),LOW_CONFIDENCE_MATCH: fuzzy score below threshold or too close to runner-up,,,59.183673469387756
happy-little-dinosaurs-dating-disasters-expansion,Happy Little Dinosaurs: Dating Disasters Expansion,LOW_CONFIDENCE_MATCH: fuzzy score below threshold or too close to runner-up,,,69.6629213483146
holiday-hijinks-3-the-pumpkin-problem,Holiday Hijinks 3 The Pumpkin Problem,"QUALITY_GATE: shrunk=6.97, usersrated=133",340465,Holiday Hijinks #3: The Pumpkin Problem,100.0
gamegenic-squire-100-xl-red,Gamegenic - Squire 100+ XL - Red,LOW_CONFIDENCE_MATCH: fuzzy score below threshold or too close to runner-up,,,60.46511627906976
mamma-mia,Mamma Mia!,"QUALITY_GATE: shrunk=6.49, usersrated=6591",49,Mamma Mia!,100.0
qawale,Qawale,"QUALITY_GATE: shrunk=6.89, usersrated=1095",368465,Qawale,100.0
triqueta-2nd-edition-deep-print-games,Triqueta 2nd Edition (Deep Print Games),LOW_CONFIDENCE_MATCH: fuzzy score below threshold or too close to runner-up,,,63.829787234042556
ninja-master-japanese-box-english-instructions,Ninja Master - (Japanese Box - English Instructions),LOW_CONFIDENCE_MATCH: fuzzy score below threshold or too close to runner-up,,,59.70149253731343
ra-traders-expansion-standard-edition,RA Traders Expansion Standard Edition,LOW_CONFIDENCE_MATCH: fuzzy score below threshold or too close to runner-up,,,70.27027027027026
fiction-board-game,Fiction Board Game,"QUALITY_GATE: shrunk=6.60, usersrated=909",380439,Fiction,100.0
purple-haze-born-to-kill,Purple Haze: Born to Kill,"LOW_CONFIDENCE_MATCH: exact match is a BGG expansion/non-base entry, out of scope -- refusing to fall back to a fuzzy match against an unrelated base game",,,100.0
disney-villainous-unstoppable,Disney Villainous - Unstoppable,"QUALITY_GATE: shrunk=6.40, usersrated=85",437654,Disney Villainous Unstoppable!,100.0
money-card-game,Money! Card Game,LOW_CONFIDENCE_MATCH: ambiguous: multiple BGG entries share this normalized title,,,
quixo-mini,Quixo Mini,LOW_CONFIDENCE_MATCH: fuzzy score below threshold or too close to runner-up,,,84.21052631578947
the-fox-in-the-forest-deluxe,The Fox In The Forest Deluxe,"QUALITY_GATE: shrunk=7.17, usersrated=89",455906,The Fox in the Forest Deluxe,100.0
bohemians,Bohemians,"QUALITY_GATE: shrunk=6.53, usersrated=1111",437384,Bohemians,100.0
cats-knocking-things-off-ledges,Cats Knocking Things Off Ledges,"QUALITY_GATE: shrunk=6.61, usersrated=159",459990,Cats Knocking Things Off Ledges,100.0
noodle-flip,Noodle Flip,LOW_CONFIDENCE_MATCH: fuzzy score below threshold or too close to runner-up,,,73.6842105263158
container-expansion,Container Expansion,LOW_CONFIDENCE_MATCH: fuzzy score below threshold or too close to runner-up,,,70.58823529411764
dungeon-dragons-bedlam-in-neverwinter,Dungeon & Dragons Bedlam in Neverwinter,"QUALITY_GATE: shrunk=6.95, usersrated=340",379699,Dungeons & Dragons: Bedlam in Neverwinter,98.79518072289156
bamboo,Bamboo,LOW_CONFIDENCE_MATCH: ambiguous: multiple BGG entries share this normalized title,,,
veggie-match,Veggie Match,"QUALITY_GATE: shrunk=6.51, usersrated=62",450977,Veggie Match,100.0
art-robbery,Art Robbery,"QUALITY_GATE: shrunk=6.80, usersrated=1394",341935,Art Robbery,100.0
inis-seasons-of-inis,Inis: Seasons of Inis,"LOW_CONFIDENCE_MATCH: exact match is a BGG expansion/non-base entry, out of scope -- refusing to fall back to a fuzzy match against an unrelated base game",,,100.0
legends-of-andor-new-heroes,Legends of Andor: New Heroes,"LOW_CONFIDENCE_MATCH: exact match is a BGG expansion/non-base entry, out of scope -- refusing to fall back to a fuzzy match against an unrelated base game",,,100.0
got-2017-joust-world-championship-deck,GoT: 2017 Joust World Championship Deck,LOW_CONFIDENCE_MATCH: fuzzy score below threshold or too close to runner-up,,,66.66666666666667
ultimate-military-jets-top-trumps-classics,Ultimate Military Jets - Top Trumps Classics,LOW_CONFIDENCE_MATCH: fuzzy score below threshold or too close to runner-up,,,59.154929577464785
wildlands-map-pack-1-the-warlocks-tower-the-crystal-canyons,Wildlands: Map Pack 1- The Warlock's Tower & The Crystal Canyons,"LOW_CONFIDENCE_MATCH: exact match is a BGG expansion/non-base entry, out of scope -- refusing to fall back to a fuzzy match against an unrelated base game",,,100.0
clack,Clack!,"QUALITY_GATE: shrunk=5.87, usersrated=403",117555,CLACK!,100.0
concordia-venus-board-game-balearica-and-italia-map-expansion,Concordia Venus Board Game: Balearica And Italia Map Expansion,LOW_CONFIDENCE_MATCH: fuzzy score below threshold or too close to runner-up,,,56.790123456790134
popmaster-the-board-game,Popmaster: The Board Game,LOW_CONFIDENCE_MATCH: fuzzy score below threshold or too close to runner-up,,,80.0
cartographers-map-pack-4-frozen-expanse-realm-of-the-frost-giants,Cartographers Map Pack 4: Frozen Expanse - Realm of the Frost Giants,"LOW_CONFIDENCE_MATCH: exact match is a BGG expansion/non-base entry, out of scope -- refusing to fall back to a fuzzy match against an unrelated base game",,,100.0
soda-smugglers,Soda Smugglers,"QUALITY_GATE: shrunk=6.66, usersrated=420",338353,Soda Smugglers,100.0
flies-lies-supplies-critters-at-war,"Flies, Lies & Supplies: Critters At War",LOW_CONFIDENCE_MATCH: fuzzy score below threshold or too close to runner-up,,,61.904761904761905
the-cupid-crisis-holiday-hijinks-4,The Cupid Crisis: Holiday Hijinks 4,"QUALITY_GATE: shrunk=7.01, usersrated=108",345046,Holiday Hijinks #4: The Cupid Crisis,100.0
read-the-room,Read The Room,"QUALITY_GATE: shrunk=6.42, usersrated=5",430097,Read the Room,100.0
slambo-card-game,Slambo! Card Game,"QUALITY_GATE: shrunk=6.20, usersrated=396",435357,Slambo!,100.0
shadow-ninjas,Shadow Ninjas,"QUALITY_GATE: shrunk=6.64, usersrated=145",422177,Shadow Ninjas,100.0
funko-ouija-manor,Funko Ouija Manor,LOW_CONFIDENCE_MATCH: fuzzy score below threshold or too close to runner-up,,,78.57142857142857
fable-fury-besties-vs-badies-expansion,Fable Fury: Besties vs Badies: Expansion,LOW_CONFIDENCE_MATCH: fuzzy score below threshold or too close to runner-up,,,62.33766233766234
sequence-tour-edition-tin,Sequence Tour Edition Tin,"QUALITY_GATE: shrunk=6.50, usersrated=0",457524,Sequence: Tour Edition,91.30434782608697
row-your-goat,Row Your Goat,"QUALITY_GATE: shrunk=6.55, usersrated=32",456604,Row Your Goat,100.0
vivo,Vivo,"QUALITY_GATE: shrunk=7.09, usersrated=743",420242,VIVO,100.0
light-in-the-dark-board-game,Light In The Dark Board Game,"QUALITY_GATE: shrunk=6.33, usersrated=233",395581,Light in the Dark,100.0
dominion-2nd-edition-update-pack,Dominion 2nd Edition Update Pack,"LOW_CONFIDENCE_MATCH: exact match is a BGG expansion/non-base entry, out of scope -- refusing to fall back to a fuzzy match against an unrelated base game",,,100.0
the-mandalorian-adventures-sworn-to-the-creed-expansion,The Mandalorian: Adventures - Sworn to the Creed Expansion,"LOW_CONFIDENCE_MATCH: exact match is a BGG expansion/non-base entry, out of scope -- refusing to fall back to a fuzzy match against an unrelated base game",,,100.0
dungeon-crawler-carl-unstoppable,Dungeon Crawler Carl Unstoppable,"QUALITY_GATE: shrunk=6.71, usersrated=15",459928,Dungeon Crawler Carl: Unstoppable,100.0
taskmaster-escape-room,Taskmaster Escape Room,"QUALITY_GATE: shrunk=6.73, usersrated=13",466670,Taskmaster: The Escape Room,100.0
first-giants,First Giants,"QUALITY_GATE: shrunk=6.77, usersrated=715",462464,First Giants,100.0
nightmare-of-the-frogmire-coven-maps-monsters-expansion-dungeons-dragons-onslaught,Nightmare of the Frogmire Coven - Maps & Monsters Expansion: Dungeons & Dragons Onslaught,LOW_CONFIDENCE_MATCH: fuzzy score below threshold or too close to runner-up,,,59.42028985507246
clue-junior,Clue Junior,"QUALITY_GATE: shrunk=6.31, usersrated=27",400856,Clue Junior,100.0
shopping-list-clothes-booster-pack,Shopping List Clothes Booster Pack,LOW_CONFIDENCE_MATCH: fuzzy score below threshold or too close to runner-up,,,58.82352941176471
tummy-ache,Tummy Ache,"QUALITY_GATE: shrunk=5.97, usersrated=60",11393,Tummy Ache,100.0
pizza-pizza,"Pizza, Pizza!",LOW_CONFIDENCE_MATCH: ambiguous: multiple BGG entries share this normalized title,,,
pizza-party,Pizza Party,LOW_CONFIDENCE_MATCH: ambiguous: multiple BGG entries share this normalized title,,,
technical-tesseract-glow-18ml,Technical: Tesseract Glow (18ml),LOW_CONFIDENCE_MATCH: fuzzy score below threshold or too close to runner-up,,,56.00000000000001
power-grid-recharged-italy-france-expansion,Power Grid Recharged: Italy/France Expansion,LOW_CONFIDENCE_MATCH: fuzzy score below threshold or too close to runner-up,,,58.22784810126582
petiquette,Petiquette,"QUALITY_GATE: shrunk=6.52, usersrated=485",443982,Petiquette,100.0
vampire-the-masquerade-5th-edition-storytellers-screen-toolkit,Vampire: The Masquerade 5th Edition: Storyteller's Screen & Toolkit,LOW_CONFIDENCE_MATCH: fuzzy score below threshold or too close to runner-up,,,57.47126436781609
detective-city-of-angels-cloak-daggered-expansion,Detective: City of Angels - Cloak & Daggered Expansion,LOW_CONFIDENCE_MATCH: fuzzy score below threshold or too close to runner-up,,,62.33766233766234
arrakis-dawn-of-the-fremen-dune,Arrakis: Dawn of the Fremen (Dune),LOW_CONFIDENCE_MATCH: fuzzy score below threshold or too close to runner-up,,,89.79591836734694
ganz-schon-clever-kids,Ganz Schon Clever Kids,LOW_CONFIDENCE_MATCH: fuzzy score below threshold or too close to runner-up,,,87.17948717948718
giant-beaver-tiny-ass,Giant Beaver! Tiny Ass!,"QUALITY_GATE: shrunk=6.28, usersrated=10",414175,Giant Beaver! Tiny Ass!,100.0
isle-of-trains-all-aboard,Isle of Trains: All Aboard,"QUALITY_GATE: shrunk=6.90, usersrated=1805",355224,Isle of Trains: All Aboard,100.0
nimalia,Nimalia,"QUALITY_GATE: shrunk=6.96, usersrated=2146",361850,Nimalia,100.0
historical-events,Historical Events,LOW_CONFIDENCE_MATCH: fuzzy score below threshold or too close to runner-up,,,81.08108108108108
ghosts-of-christmas,Ghosts of Christmas,"QUALITY_GATE: shrunk=7.03, usersrated=1543",281619,Ghosts of Christmas,100.0
more-or-less-original,More or Less Original,"QUALITY_GATE: shrunk=6.07, usersrated=43",371953,More or Less Original Edition Card Game: How Good Is Your Judgement?,95.0
power-hungry-pets-tin-version,Power Hungry Pets - Tin Version,LOW_CONFIDENCE_MATCH: fuzzy score below threshold or too close to runner-up,,,73.91304347826086
grab-game-really-loud-librarians,Grab & Game - Really Loud Librarians,"QUALITY_GATE: shrunk=6.49, usersrated=18",447029,Really Loud Librarians: Grab & Game,100.0
sumo,Sumo,LOW_CONFIDENCE_MATCH: ambiguous: multiple BGG entries share this normalized title,,,
garden-rush,Garden Rush,"QUALITY_GATE: shrunk=6.51, usersrated=394",327082,Garden Rush,100.0
dobble-dinosaurs,Dobble Dinosaurs,LOW_CONFIDENCE_MATCH: fuzzy score below threshold or too close to runner-up,,,80.0
dungeon-kart-board-game,Dungeon Kart Board Game,"QUALITY_GATE: shrunk=7.10, usersrated=471",398032,Dungeon Kart,100.0
romi-rami,Romi Rami,"QUALITY_GATE: shrunk=6.87, usersrated=1062",383790,Romi Rami,100.0
spy-guy-fantasy,Spy Guy Fantasy,"QUALITY_GATE: shrunk=6.87, usersrated=69",432946,Spy Guy: Fantasy,100.0
monopoly-classic,Monopoly Classic,LOW_CONFIDENCE_MATCH: ambiguous: multiple BGG entries share this title as a prefix,,,88.88888888888889
oddland-card-game,Oddland Card Game,"QUALITY_GATE: shrunk=6.88, usersrated=557",428636,Oddland,100.0
would-you-still-love-me-if,Would You Still Love Me If...,"QUALITY_GATE: shrunk=6.52, usersrated=6",446908,Would You Still Love Me If...,100.0
coming-of-age,Coming of Age,"QUALITY_GATE: shrunk=6.90, usersrated=674",431837,Coming of Age,100.0
magenta-fruit-fight,Magenta: Fruit Fight,LOW_CONFIDENCE_MATCH: fuzzy score below threshold or too close to runner-up,,,74.28571428571429
racing-line-standard-edition,Racing Line Standard Edition,LOW_CONFIDENCE_MATCH: ambiguous: multiple BGG entries share this normalized title,,,
malediction-legion-of-the-fallen-faction-box-standard-2,Malediction - Legion of the Fallen - Faction Box - Standard,LOW_CONFIDENCE_MATCH: fuzzy score below threshold or too close to runner-up,,,56.84210526315789
the-kings-golem-alchemists-expansion,The King&#039;s Golem: Alchemists Expansion,LOW_CONFIDENCE_MATCH: fuzzy score below threshold or too close to runner-up,,,61.81818181818181
predators-top-trumps-classics,Predators - Top Trumps Classics,LOW_CONFIDENCE_MATCH: fuzzy score below threshold or too close to runner-up,,,63.829787234042556
world-order-world-in-turmoil-expansion,World Order: World in Turmoil Expansion,LOW_CONFIDENCE_MATCH: fuzzy score below threshold or too close to runner-up,,,62.857142857142854
fearless,Fearless,LOW_CONFIDENCE_MATCH: ambiguous: multiple BGG entries share this normalized title,,,
the-case-of-sherlock-c2-92s-lock-puzzle,The Case of Sherlock's Lock Puzzle,LOW_CONFIDENCE_MATCH: fuzzy score below threshold or too close to runner-up,,,77.19298245614034
break-out-2,Break-Out,LOW_CONFIDENCE_MATCH: fuzzy score below threshold or too close to runner-up,,,94.11764705882352
dd-rock-paper-wizard,Dungeons &amp; Dragons: Rock Paper Wizard,"QUALITY_GATE: shrunk=6.52, usersrated=1712",207062,Dungeons & Dragons: Rock Paper Wizard,100.0
creatures-of-the-deep-top-trumps-classics,Creatures of the Deep - Top Trumps Classics,LOW_CONFIDENCE_MATCH: fuzzy score below threshold or too close to runner-up,,,58.62068965517242
awesome-animals-top-trumps-classics,Awesome Animals - Top Trumps Classics,LOW_CONFIDENCE_MATCH: fuzzy score below threshold or too close to runner-up,,,60.0
where-on-earth,Where On Earth,LOW_CONFIDENCE_MATCH: ambiguous: multiple BGG entries share this normalized title,,,
charades-for-kids,Charades For Kids,"QUALITY_GATE: shrunk=5.76, usersrated=165",13367,Charades for Kids,100.0
cthulhu-wars-azathoth-faction-expansion,Cthulhu Wars: Azathoth Faction Expansion,LOW_CONFIDENCE_MATCH: fuzzy score below threshold or too close to runner-up,,,65.67164179104478
proving-grounds,Proving Grounds,"QUALITY_GATE: shrunk=6.61, usersrated=1155",268890,Proving Grounds,100.0
euphoria-with-game-trayz-insert,Euphoria,"QUALITY_GATE: shrunk=6.69, usersrated=34",159911,Euphoria,100.0
bookworm-the-card-game,Bookworm - The Card Game,"QUALITY_GATE: shrunk=6.33, usersrated=26",276124,Bookworm: The Card Game,100.0
the-elder-scrolls-botse-valenwood,The Elder Scrolls: BoTSE: Valenwood,LOW_CONFIDENCE_MATCH: fuzzy score below threshold or too close to runner-up,,,61.81818181818181
cormac-the-mighty-the-red-dragon-inn,The Red Dragon Inn: Allies - Cormac the Mighty,"LOW_CONFIDENCE_MATCH: exact match is a BGG expansion/non-base entry, out of scope -- refusing to fall back to a fuzzy match against an unrelated base game",,,100.0
destinies-4-player-neoprene-mats,Destinies - 4 Player Neoprene Mats,LOW_CONFIDENCE_MATCH: fuzzy score below threshold or too close to runner-up,,,62.5
fluxx-remixx,Fluxx Remixx,"QUALITY_GATE: shrunk=6.71, usersrated=124",350764,Fluxx Remixx,100.0
gamegenic-sidekick-100-xl-blue,Gamegenic - Sidekick 100+ XL - Blue,LOW_CONFIDENCE_MATCH: fuzzy score below threshold or too close to runner-up,,,54.90196078431373
13-dead-end-drive,13 Dead End Drive,"QUALITY_GATE: shrunk=6.13, usersrated=2794",1899,13 Dead End Drive,100.0
taco-cat-goat-cheese-pizza-on-the-flip-side,Taco Cat Goat Cheese Pizza On the Flip Side,LOW_CONFIDENCE_MATCH: fuzzy score below threshold or too close to runner-up,,,80.0
animals-gathering,Animals Gathering,"QUALITY_GATE: shrunk=6.73, usersrated=198",370418,Animals Gathering,100.0
tower-stack,Tower Stack,"QUALITY_GATE: shrunk=6.33, usersrated=66",426547,Tower Stack,100.0
focus,Focus,LOW_CONFIDENCE_MATCH: ambiguous: multiple BGG entries share this normalized title,,,
king-of-tokyo-baby-gigazaur-micro-expansion,King of Tokyo: Baby Gigazaur Micro Expansion,LOW_CONFIDENCE_MATCH: fuzzy score below threshold or too close to runner-up,,,57.971014492753625
trails-of-tucana-ferry-extension-included,Trails of Tucana: Ferry Extension Included,LOW_CONFIDENCE_MATCH: fuzzy score below threshold or too close to runner-up,,,76.92307692307692
xylotar-card-game,Xylotar Card Game,"QUALITY_GATE: shrunk=6.84, usersrated=726",414302,Xylotar,100.0
seers-catalog,Seers Catalog,"QUALITY_GATE: shrunk=6.84, usersrated=850",415981,Seers Catalog,100.0
night-soil,Night Soil,"QUALITY_GATE: shrunk=6.80, usersrated=411",421530,Night Soil,100.0
looot-new-longships-and-shields,Looot: New Longships and Shields,"LOW_CONFIDENCE_MATCH: exact match is a BGG expansion/non-base entry, out of scope -- refusing to fall back to a fuzzy match against an unrelated base game",,,100.0
mandala-stones,Mandala Stones,"QUALITY_GATE: shrunk=6.82, usersrated=2325",317504,Mandala Stones,100.0
dont-go-in-there,Don't Go In There,"QUALITY_GATE: shrunk=6.60, usersrated=1227",346057,Don't Go In There,100.0
high-society-allplay,High Society - Allplay,LOW_CONFIDENCE_MATCH: fuzzy score below threshold or too close to runner-up,,,75.0
spooky-tower,Spooky Tower,"QUALITY_GATE: shrunk=6.25, usersrated=390",464056,Spooky Tower,100.0
marble-circuit,Marble Circuit,LOW_CONFIDENCE_MATCH: fuzzy score below threshold or too close to runner-up,,,71.42857142857143
unicorn-friends,Unicorn Friends,LOW_CONFIDENCE_MATCH: fuzzy score below threshold or too close to runner-up,,,84.61538461538461
murder-mystery-case-files-death-by-chefs-knife,Murder Mystery Case Files - Death by Chef's Knife,"QUALITY_GATE: shrunk=6.48, usersrated=32",355439,Murder Mystery Party Case Files: Death by Chef's Knife,94.0
battle-for-greyport-the-red-dragon-inn,The Red Dragon Inn: Battle for Greyport,"QUALITY_GATE: shrunk=7.11, usersrated=806",193668,The Red Dragon Inn: Battle for Greyport,100.0
epic-the-card-game-helena-vs-zaltessa,Epic: The Card Game - Helena vs Zaltessa,LOW_CONFIDENCE_MATCH: fuzzy score below threshold or too close to runner-up,,,61.53846153846154
star-trek-ascendancy-board-game-vulcan-dice,Star Trek Ascendancy Board Game: Vulcan Dice,LOW_CONFIDENCE_MATCH: fuzzy score below threshold or too close to runner-up,,,76.92307692307692
murder-mystery-party-case-files,Murder Mystery Party Case Files,LOW_CONFIDENCE_MATCH: ambiguous: multiple BGG entries share this title as a prefix,,,83.78378378378379
epic-spell-wars-of-the-battle-wizards-duel-at-mt-skullzfyre,Epic Spell Wars of the Battle Wizards Duel at Mt Skullzfyre,"QUALITY_GATE: shrunk=6.44, usersrated=7146",112686,Epic Spell Wars of the Battle Wizards: Duel at Mt. Skullzfyre,100.0
quest,Quest,LOW_CONFIDENCE_MATCH: ambiguous: multiple BGG entries share this normalized title,,,
onitama-light-and-shadow-expansion,Onitama: Light and Shadow Expansion,LOW_CONFIDENCE_MATCH: fuzzy score below threshold or too close to runner-up,,,71.42857142857143
velonimo,Velonimo,"QUALITY_GATE: shrunk=6.70, usersrated=1584",323262,Velonimo,100.0
hiroba,Hiroba,"QUALITY_GATE: shrunk=6.77, usersrated=353",357475,Hiroba,100.0
tobago,Tobago,"QUALITY_GATE: shrunk=7.09, usersrated=12861",42215,Tobago,100.0
get-the-ick,Get the Ick,"QUALITY_GATE: shrunk=6.31, usersrated=24",393458,Get the Ick,100.0
orion-duel,Orion DUEL,"QUALITY_GATE: shrunk=6.91, usersrated=679",380134,Orion Duel,100.0
expeditions-around-the-world,Expeditions: Around The World,"QUALITY_GATE: shrunk=6.72, usersrated=1913",223,Expeditions: Around the World,100.0
sleepy-cats,Sleepy Cats,"QUALITY_GATE: shrunk=6.49, usersrated=41",393196,Sleepy Cats,100.0
dying-message,Dying Message,LOW_CONFIDENCE_MATCH: ambiguous: multiple BGG entries share this normalized title,,,
aquatica-board-game-coral-reef-expansion,Aquatica Board Game: Coral Reef Expansion,LOW_CONFIDENCE_MATCH: fuzzy score below threshold or too close to runner-up,,,69.0909090909091
loot-2,Loot,LOW_CONFIDENCE_MATCH: ambiguous: multiple BGG entries share this normalized title,,,
point-galaxy,Point Galaxy,"QUALITY_GATE: shrunk=7.07, usersrated=1337",431998,Point Galaxy,100.0
dogman-board-game,Dogman Board Game,"QUALITY_GATE: shrunk=6.53, usersrated=20",410442,Dogma,90.9090909090909
townsfolk-tussle-odd-job-expansion,Townsfolk Tussle Odd Job Expansion,LOW_CONFIDENCE_MATCH: fuzzy score below threshold or too close to runner-up,,,64.0
neuroshima-hex-battle,Neuroshima Hex: Battle,"QUALITY_GATE: shrunk=7.00, usersrated=49",437382,Neuroshima Hex: Battle,100.0
habemus-papam,Habemus Papam,"QUALITY_GATE: shrunk=6.69, usersrated=244",434283,Habemus Papam,100.0
red-north,Red North,"QUALITY_GATE: shrunk=6.58, usersrated=142",447737,Red North,100.0
stranger-things-top-trumps-quiz,Stranger Things Top Trumps Quiz,LOW_CONFIDENCE_MATCH: fuzzy score below threshold or too close to runner-up,,,71.42857142857143
reverso,Reverso,LOW_CONFIDENCE_MATCH: fuzzy score below threshold or too close to runner-up,,,83.33333333333334
evergreen-pines-and-cacti-expansion,Evergreen - Pines and Cacti Expansion,LOW_CONFIDENCE_MATCH: fuzzy score below threshold or too close to runner-up,,,59.64912280701755
my-shelfie-the-dice-game,My Shelfie: The Dice Game,"QUALITY_GATE: shrunk=6.33, usersrated=763",411543,My Shelfie: The Dice Game,100.0
iq-circle,IQ Circle,LOW_CONFIDENCE_MATCH: fuzzy score below threshold or too close to runner-up,,,80.0
escape-from-stalingrad-z-box-set,Escape from Stalingrad Z BOX Set,LOW_CONFIDENCE_MATCH: fuzzy score below threshold or too close to runner-up,,,85.71428571428572
hummingbirds,Hummingbirds,"QUALITY_GATE: shrunk=7.04, usersrated=246",423404,Hummingbirds,100.0
settlers-of-america-catan-histories,Catan Histories: Settlers of America,"QUALITY_GATE: shrunk=6.78, usersrated=2620",67239,Catan Histories: Settlers of America – Trails to Rails,95.0
abductor-pack-1-hostage-negotiator,Abductor Pack #1: Hostage Negotiator,LOW_CONFIDENCE_MATCH: fuzzy score below threshold or too close to runner-up,,,73.01587301587303
red-dragon-inn-piper-vs-ripsnarl,Red Dragon Inn: Piper vs. Ripsnarl,LOW_CONFIDENCE_MATCH: fuzzy score below threshold or too close to runner-up,,,63.1578947368421
cards-against-humanity-theatre-pack,Cards Against Humanity Theatre Pack,"LOW_CONFIDENCE_MATCH: exact match is a BGG expansion/non-base entry, out of scope -- refusing to fall back to a fuzzy match against an unrelated base game",,,100.0
everdell-tales-from-the-green-acorn,Everdell Tales from the Green Acorn,LOW_CONFIDENCE_MATCH: fuzzy score below threshold or too close to runner-up,,,61.53846153846154
power-grid-the-card-game,Power Grid: The Card Game,"QUALITY_GATE: shrunk=6.64, usersrated=2129",203780,Power Grid: The Card Game,100.0
lunch-box-game,Lunch Box Game,"QUALITY_GATE: shrunk=6.42, usersrated=13",50625,Lunch Box Game,100.0
mince-spies,Mince Spies,"QUALITY_GATE: shrunk=6.50, usersrated=1",426995,Mince Spies,100.0
ashes-reborn-the-breaker-of-fate-deluxe-expansion-set,Ashes Reborn: The Breaker of Fate Deluxe Expansion Set,LOW_CONFIDENCE_MATCH: fuzzy score below threshold or too close to runner-up,,,60.0
battletech-essentials-boxed-set,BattleTech: Essentials Boxed Set,LOW_CONFIDENCE_MATCH: fuzzy score below threshold or too close to runner-up,,,80.76923076923077
allies-wrenchthe-red-dragon-inn,The Red Dragon Inn: Allies - Wrench,"LOW_CONFIDENCE_MATCH: exact match is a BGG expansion/non-base entry, out of scope -- refusing to fall back to a fuzzy match against an unrelated base game",,,100.0
hasbro-five-alive-card-game,Hasbro Five Alive Card Game,LOW_CONFIDENCE_MATCH: fuzzy score below threshold or too close to runner-up,,,72.0
catan-dawn-of-humankind,Catan: Dawn of Humankind,"QUALITY_GATE: shrunk=7.08, usersrated=416",358858,Catan: Dawn of Humankind,100.0
dwellings-of-eldervale-wooden-tokens,Dwellings Of Eldervale: Wooden Tokens,LOW_CONFIDENCE_MATCH: fuzzy score below threshold or too close to runner-up,,,75.86206896551724
castle-panic-the-dark-titan-2e,Castle Panic The Dark Titan 2e,LOW_CONFIDENCE_MATCH: fuzzy score below threshold or too close to runner-up,,,63.63636363636363
quickity-pickity,Quickity Pickity,"QUALITY_GATE: shrunk=6.57, usersrated=315",372433,Quickity Pickity,100.0
deep-dive-2,Deep Dive,LOW_CONFIDENCE_MATCH: ambiguous: multiple BGG entries share this normalized title,,,
rome-in-a-day,Rome in a Day,"QUALITY_GATE: shrunk=6.94, usersrated=1027",358284,Rome in a Day,100.0
my-first-adventure-argonuts,My First Adventure: Argonuts,"QUALITY_GATE: shrunk=6.46, usersrated=13",400273,My First Adventure: Argonuts,100.0
bicycle-fyrebird,Bicycle Fyrebird,LOW_CONFIDENCE_MATCH: fuzzy score below threshold or too close to runner-up,,,71.42857142857143
hundred-acre-wood-fluxx,Hundred Acre Wood Fluxx,"QUALITY_GATE: shrunk=6.87, usersrated=52",425125,Hundred Acre Wood Fluxx,100.0
axis-and-allies-board-game-north-africa,Axis And Allies Board Game: North Africa,"QUALITY_GATE: shrunk=7.16, usersrated=106",412267,Axis & Allies: North Africa,100.0
the-dark-quarter-lost-to-the-night-expansion,The Dark Quarter: Lost to the Night,"LOW_CONFIDENCE_MATCH: exact match is a BGG expansion/non-base entry, out of scope -- refusing to fall back to a fuzzy match against an unrelated base game",,,100.0
sandcastles-of-burgundy,Sandcastles of Burgundy,"QUALITY_GATE: shrunk=6.47, usersrated=126",433382,The Sandcastles of Burgundy,100.0
fable-fury-endless-misadventure-awaits,Fable Fury: Endless Misadventure Awaits!,LOW_CONFIDENCE_MATCH: fuzzy score below threshold or too close to runner-up,,,55.072463768115945
advanced-fighting-fantasy-dark-dungeons,Advanced Fighting Fantasy - Dark Dungeons,"QUALITY_GATE: shrunk=6.49, usersrated=2",429956,Advanced Fighting Fantasy: Dark Dungeons – The Boardgame,95.0
elden-ring-realm-of-the-grafted-king,Elden Ring: Realm Of The Grafted King,"QUALITY_GATE: shrunk=6.13, usersrated=349",373107,Elden Ring: Realm of the Grafted King,100.0
townsfolk-tussle-foul-neighbours-expansion,Townsfolk Tussle Foul Neighbours Expansion,LOW_CONFIDENCE_MATCH: fuzzy score below threshold or too close to runner-up,,,61.728395061728406
cthulhu-wars-board-game-the-invasion-faction-expansion-with-no-minis,Cthulhu Wars Board Game: The Invasion Faction Expansion (With No Minis),LOW_CONFIDENCE_MATCH: fuzzy score below threshold or too close to runner-up,,,55.172413793103445
qwirkle-flex,Qwirkle Flex,"QUALITY_GATE: shrunk=6.87, usersrated=69",448908,Qwirkle Flex,100.0
endeavor-deep-sea-mini-expansion,Endeavor Deep Sea Mini Expansion,LOW_CONFIDENCE_MATCH: fuzzy score below threshold or too close to runner-up,,,69.38775510204081
nemesis-lockdown-expansion-game-mat,Nemesis: Lockdown Expansion Game Mat,LOW_CONFIDENCE_MATCH: fuzzy score below threshold or too close to runner-up,,,62.745098039215684
yahtzee-vintage-bookshelf-uk-edition,Yahtzee Vintage Bookshelf UK Edition,LOW_CONFIDENCE_MATCH: fuzzy score below threshold or too close to runner-up,,,62.68656716417911
townsfolk-tussle-2nd-edition-base-game,Townsfolk Tussle 2nd Edition Base Game,LOW_CONFIDENCE_MATCH: fuzzy score below threshold or too close to runner-up,,,76.19047619047619
farmini,Farmini,"QUALITY_GATE: shrunk=6.46, usersrated=276",244817,Farmini,100.0
monikers-family-edition,Monikers: Family Edition,"QUALITY_GATE: shrunk=6.89, usersrated=51",394852,Monikers: Family Edition,100.0
munchkin-7-cheat-with-both-hands,Munchkin 7 - Cheat With Both Hands,"LOW_CONFIDENCE_MATCH: exact match is a BGG expansion/non-base entry, out of scope -- refusing to fall back to a fuzzy match against an unrelated base game",,,100.0
nature-fluxx,Nature Fluxx,"QUALITY_GATE: shrunk=5.97, usersrated=1301",18333,Nature Fluxx,100.0
first-times-tables,First Times Tables,LOW_CONFIDENCE_MATCH: fuzzy score below threshold or too close to runner-up,,,80.0
cards-against-humanity-international-edition,Cards Against Humanity International Edition,LOW_CONFIDENCE_MATCH: fuzzy score below threshold or too close to runner-up,,,74.07407407407408
the-mind-soulmates-uk-edition,The Mind Soulmates (UK Edition),LOW_CONFIDENCE_MATCH: fuzzy score below threshold or too close to runner-up,,,71.7948717948718
2001-a-spacy-odyssey,2001: A Space Odyssey,"QUALITY_GATE: shrunk=6.65, usersrated=47",439703,2001: A Space Odyssey | The Board Game,100.0
river-dragons,River Dragons,"QUALITY_GATE: shrunk=6.49, usersrated=3819",634,River Dragons,100.0
star-realms-command-deck-the-union,Star Realms Command Deck: The Union,"LOW_CONFIDENCE_MATCH: exact match is a BGG expansion/non-base entry, out of scope -- refusing to fall back to a fuzzy match against an unrelated base game",,,100.0
altiplano-the-traveler,Altiplano: The Traveler,"LOW_CONFIDENCE_MATCH: exact match is a BGG expansion/non-base entry, out of scope -- refusing to fall back to a fuzzy match against an unrelated base game",,,100.0
cthulhu-wars-ramsey-campbell-horrors-1,Cthulhu Wars: Ramsey Campbell Horrors 1,LOW_CONFIDENCE_MATCH: fuzzy score below threshold or too close to runner-up,,,59.375
panda-monium,Panda-monium,LOW_CONFIDENCE_MATCH: ambiguous: multiple BGG entries share this normalized title,,,
cards-against-humanity-your-shtty-jokes-pack,Cards Against Humanity Your Sh*tty Jokes Pack,LOW_CONFIDENCE_MATCH: fuzzy score below threshold or too close to runner-up,,,71.42857142857143
squirrels-go-nuts,Squirrels Go Nuts,LOW_CONFIDENCE_MATCH: fuzzy score below threshold or too close to runner-up,,,81.25
dd-book-tabs-players-handbook,D&D Book Tabs: Player's Handbook,LOW_CONFIDENCE_MATCH: fuzzy score below threshold or too close to runner-up,,,61.1764705882353
menara-rituals-ruins-expansion,Menara - Rituals & Ruins [Expansion],LOW_CONFIDENCE_MATCH: fuzzy score below threshold or too close to runner-up,,,62.745098039215684
solar-175-deluxe-edition,Solar 175 - Deluxe Edition,"QUALITY_GATE: shrunk=7.13, usersrated=253",349179,Solar 175,100.0
dungeon-date,Dungeon Date,"QUALITY_GATE: shrunk=6.83, usersrated=94",330635,Dungeon Date,100.0
sagrada-glory,Sagrada: Glory,LOW_CONFIDENCE_MATCH: fuzzy score below threshold or too close to runner-up,,,70.0
carnegie-departments-donations-expansion,Carnegie: Departments & Donations expansion,"LOW_CONFIDENCE_MATCH: exact match is a BGG expansion/non-base entry, out of scope -- refusing to fall back to a fuzzy match against an unrelated base game",,,100.0
fateforge-chronicles-of-kaan-boss-miniature-set,Fateforge: Chronicles of Kaan - Boss Miniature Set,LOW_CONFIDENCE_MATCH: fuzzy score below threshold or too close to runner-up,,,74.66666666666666
high-frontier-4-module-1-terrawatt,High Frontier 4: Module 1 - Terrawatt,LOW_CONFIDENCE_MATCH: fuzzy score below threshold or too close to runner-up,,,65.38461538461539
ultraviolet-grasslands-and-the-black-city,Ultraviolet Grasslands and the Black City,LOW_CONFIDENCE_MATCH: fuzzy score below threshold or too close to runner-up,,,59.01639344262295
tokkuri-taking,Tokkuri Taking,"QUALITY_GATE: shrunk=6.26, usersrated=141",419045,Tokkuri Taking,100.0
world-football-stars-guess-who-2,World Football Stars Guess Who,LOW_CONFIDENCE_MATCH: fuzzy score below threshold or too close to runner-up,,,72.1311475409836
woodland-snap,Woodland Snap,LOW_CONFIDENCE_MATCH: fuzzy score below threshold or too close to runner-up,,,76.92307692307692
orleans-the-plague-expansion,Orleans: The Plague Expansion,LOW_CONFIDENCE_MATCH: fuzzy score below threshold or too close to runner-up,,,65.0
pinched,Pinched,"QUALITY_GATE: shrunk=6.99, usersrated=268",450685,Pinched!,100.0
cross-the-line,Cross The Line,"QUALITY_GATE: shrunk=6.60, usersrated=21",467446,Cross the Line,100.0
monopoly-deal-harry-potter,Monopoly Deal Harry Potter,LOW_CONFIDENCE_MATCH: fuzzy score below threshold or too close to runner-up,,,76.47058823529412
neuroshima-hex-3-0-troglodytes,Neuroshima Hex 3.0: Troglodytes,"LOW_CONFIDENCE_MATCH: exact match is a BGG expansion/non-base entry, out of scope -- refusing to fall back to a fuzzy match against an unrelated base game",,,100.0
the-elder-scrolls-botse-elsweyr,The Elder Scrolls: BoTSE: Elsweyr,LOW_CONFIDENCE_MATCH: fuzzy score below threshold or too close to runner-up,,,60.37735849056604
ion-a-compound-building-game,Ion: A Compound Building Game,"QUALITY_GATE: shrunk=6.35, usersrated=568",174611,Ion: A Compound Building Game,100.0
red-dragon-inn-allies-evil-pooky,Red Dragon Inn: Allies - Evil Pooky,"LOW_CONFIDENCE_MATCH: exact match is a BGG expansion/non-base entry, out of scope -- refusing to fall back to a fuzzy match against an unrelated base game",,,100.0
castlescape-kickstarter-edition,CastleScape - Kickstarter Edition,LOW_CONFIDENCE_MATCH: fuzzy score below threshold or too close to runner-up,,,77.96610169491525
wonder-woods,Wonder Woods,"QUALITY_GATE: shrunk=6.68, usersrated=963",354729,Wonder Woods,100.0
reign-of-dragoness,Reign of Dragoness,"QUALITY_GATE: shrunk=6.63, usersrated=283",366166,Reign of Dragoness,100.0
dobble-disney,Dobble Disney,LOW_CONFIDENCE_MATCH: fuzzy score below threshold or too close to runner-up,,,78.57142857142857
malediction-conclave-of-the-spheres-faction-box-standard,Malediction - Conclave of the Spheres - Faction Box - Standard,LOW_CONFIDENCE_MATCH: fuzzy score below threshold or too close to runner-up,,,57.47126436781609
brother-bastian-the-red-dragon-inn,The Red Dragon Inn: Allies - Brother Bastian,"LOW_CONFIDENCE_MATCH: exact match is a BGG expansion/non-base entry, out of scope -- refusing to fall back to a fuzzy match against an unrelated base game",,,100.0
scotland-monopoly,Monopoly: Scotland,"QUALITY_GATE: shrunk=6.33, usersrated=8",28357,Monopoly: Scotland,100.0
passenger-planes-top-trumps-classics,Passenger Planes - Top Trumps Classics,LOW_CONFIDENCE_MATCH: fuzzy score below threshold or too close to runner-up,,,59.64912280701755
omega-centauri,Omega Centauri,"QUALITY_GATE: shrunk=6.86, usersrated=304",33759,Omega Centauri,100.0
tricky-druids,Tricky Druids,"QUALITY_GATE: shrunk=5.99, usersrated=130",271040,Tricky Druids,100.0
sidereal-confluence-proliferation-expansion,Sidereal Confluence - Proliferation Expansion,LOW_CONFIDENCE_MATCH: fuzzy score below threshold or too close to runner-up,,,61.29032258064516
battletech-map-pack-deserts,BattleTech: Map Pack - Deserts,LOW_CONFIDENCE_MATCH: fuzzy score below threshold or too close to runner-up,,,66.66666666666667
yummy-yummy-monster-tummy,Yummy Yummy Monster Tummy,"QUALITY_GATE: shrunk=6.94, usersrated=885",344254,Yummy Yummy Monster Tummy,100.0
root-the-roleplaying-game-deck-of-equipment,Root: The Roleplaying Game - Deck of Equipment,LOW_CONFIDENCE_MATCH: fuzzy score below threshold or too close to runner-up,,,60.60606060606061
poetry-for-neanderthals-nsfw,Poetry for Neanderthals NSFW,"QUALITY_GATE: shrunk=6.48, usersrated=244",363550,Poetry for Neanderthals: NSFW Edition,95.0
race-to-escape-the-board-game,Race to Escape - The Board Game,"QUALITY_GATE: shrunk=6.34, usersrated=7",427556,Race to Escape: The Escape Room Board Game,95.0
aleph-null,Aleph Null,"QUALITY_GATE: shrunk=6.90, usersrated=507",324759,Aleph Null,100.0
terraforming-mars-ares-expedition-crisis,Terraforming Mars - Ares Expedition: Crisis,"LOW_CONFIDENCE_MATCH: exact match is a BGG expansion/non-base entry, out of scope -- refusing to fall back to a fuzzy match against an unrelated base game",,,100.0
atlantis-rising-monstrosities,Atlantis Rising Monstrosities,"LOW_CONFIDENCE_MATCH: exact match is a BGG expansion/non-base entry, out of scope -- refusing to fall back to a fuzzy match against an unrelated base game",,,100.0
pointless-2023-edition,Pointless 2023 Edition,LOW_CONFIDENCE_MATCH: fuzzy score below threshold or too close to runner-up,,,68.29268292682926
rocky-horror-show-board-game,Rocky Horror Show Board Game,"QUALITY_GATE: shrunk=6.05, usersrated=14",404246,Rocky Horror Show,100.0
command-of-nature-base-game,Command of Nature Base Game,LOW_CONFIDENCE_MATCH: fuzzy score below threshold or too close to runner-up,,,77.27272727272727
hunt-for-a-killer-murder-at-the-motel,Hunt For a Killer: Murder at the Motel,"QUALITY_GATE: shrunk=6.10, usersrated=166",341401,Hunt A Killer: Murder at the Motel,93.10344827586206
middara-act-1-base-game,Middara Act 1 Base Game,LOW_CONFIDENCE_MATCH: fuzzy score below threshold or too close to runner-up,,,68.0
deck-of-many-insults,Deck of Many Insults,LOW_CONFIDENCE_MATCH: fuzzy score below threshold or too close to runner-up,,,68.57142857142857
battalion-war-of-the-ancients,Battalion: War of the Ancients,"QUALITY_GATE: shrunk=7.20, usersrated=247",415838,Battalion: War of the Ancients,100.0
emerald-skulls,Emerald Skulls,"QUALITY_GATE: shrunk=6.84, usersrated=462",421762,Emerald Skulls,100.0
purple-haze-force-recon-keyhole,Purple Haze - Force Recon: Keyhole,"LOW_CONFIDENCE_MATCH: exact match is a BGG expansion/non-base entry, out of scope -- refusing to fall back to a fuzzy match against an unrelated base game",,,100.0
under-the-mango-tree,Under the Mango Tree,"QUALITY_GATE: shrunk=6.53, usersrated=128",436507,Under the Mango Tree,100.0
until-proven-guilty,Until Proven Guilty,LOW_CONFIDENCE_MATCH: ambiguous: multiple BGG entries share this title as a prefix,,,66.66666666666667
hibachi-fired-up,Hibachi: Fired Up,"QUALITY_GATE: shrunk=6.93, usersrated=94",433927,Hibachi: Fired Up!,100.0
ancient-knowledge-heritage-expansion,Ancient Knowledge: Heritage expansion,LOW_CONFIDENCE_MATCH: fuzzy score below threshold or too close to runner-up,,,64.15094339622642
root-the-roleplaying-game-gm-accessory-pack,Root: The Roleplaying Game - GM Accessory Pack,LOW_CONFIDENCE_MATCH: fuzzy score below threshold or too close to runner-up,,,65.67164179104478
twittens,Twittens,"QUALITY_GATE: shrunk=6.93, usersrated=41",438385,Twittens,100.0
paupers-ladder-the-paupers-medley-expansion-pack,Paupers Ladder: The Paupers Medley Expansion Pack,LOW_CONFIDENCE_MATCH: fuzzy score below threshold or too close to runner-up,,,58.82352941176471
tendrils-of-the-lichen-lich-starter-set-dungeons-dragons-onslaught,Dungeons & Dragons Onslaught: Tendrils of the Lichen Lich - Starter Set,"QUALITY_GATE: shrunk=6.61, usersrated=14",416089,Dungeons & Dragons: Onslaught – Tendrils of the Lichen Lich Starter Set,100.0
riff-raff-game,Riff Raff Game,LOW_CONFIDENCE_MATCH: fuzzy score below threshold or too close to runner-up,,,78.26086956521739
qwixx-longo,Qwixx Longo,"QUALITY_GATE: shrunk=6.74, usersrated=281",345036,Qwixx Longo,100.0
bicycle-gold-standard-red-blue,Bicycle Gold Standard Red & Blue - ONE SUPPLIED,LOW_CONFIDENCE_MATCH: fuzzy score below threshold or too close to runner-up,,,54.794520547945204
axis-allies-commanders,Axis & Allies: Commanders,"LOW_CONFIDENCE_MATCH: exact match is a BGG expansion/non-base entry, out of scope -- refusing to fall back to a fuzzy match against an unrelated base game",,,100.0
here-kitty-kitty,Here Kitty Kitty,"QUALITY_GATE: shrunk=6.27, usersrated=778",187289,"Here, Kitty, Kitty!",100.0
near-and-far-amber-mines-exp,Near and Far: Amber Mines Expansion,LOW_CONFIDENCE_MATCH: fuzzy score below threshold or too close to runner-up,,,62.16216216216216
citadel-crusade-figure-case,Citadel Crusade Figure Case,LOW_CONFIDENCE_MATCH: fuzzy score below threshold or too close to runner-up,,,62.5
african-wildlife-top-trumps,African Wildlife Top Trumps,LOW_CONFIDENCE_MATCH: fuzzy score below threshold or too close to runner-up,,,65.3061224489796
dark-alleys-dungeon-petz-exp,Dark Alleys: Dungeon Petz exp,LOW_CONFIDENCE_MATCH: fuzzy score below threshold or too close to runner-up,,,61.904761904761905
star-trek-ascendancy-expansion-dice-cardassians-x9,Star Trek Ascendancy Expansion: Dice Cardassians (x9),LOW_CONFIDENCE_MATCH: fuzzy score below threshold or too close to runner-up,,,64.36781609195403
pop-to-the-shops,Pop To The Shops,"QUALITY_GATE: shrunk=5.84, usersrated=48",50444,Pop to the Shops,100.0
bop-it,Bop It,"QUALITY_GATE: shrunk=5.40, usersrated=356",95710,Bop It!,100.0
similo-wild-animals,Similo: Wild Animals,LOW_CONFIDENCE_MATCH: fuzzy score below threshold or too close to runner-up,,,77.77777777777779
gravwell-2nd-edition,Gravwell: 2nd Edition,"QUALITY_GATE: shrunk=6.94, usersrated=790",340834,Gravwell: 2nd Edition,100.0
starship-captains,Starship Captains,"QUALITY_GATE: shrunk=7.10, usersrated=3125",363369,Starship Captains,100.0
fluxx-more-surprises-expansion,Fluxx: More Surprises Expansion,LOW_CONFIDENCE_MATCH: fuzzy score below threshold or too close to runner-up,,,62.96296296296296
fog-of-love-love-on-lockdown,Fog of Love: Love on Lockdown,"LOW_CONFIDENCE_MATCH: exact match is a BGG expansion/non-base entry, out of scope -- refusing to fall back to a fuzzy match against an unrelated base game",,,100.0
summoner-wars-obsidian-dwarves-faction-deck,Summoner Wars: Obsidian Dwarves - Faction Deck,LOW_CONFIDENCE_MATCH: fuzzy score below threshold or too close to runner-up,,,67.44186046511628
cheese-master,Cheese Master,"QUALITY_GATE: shrunk=6.42, usersrated=251",368168,Cheese Master,100.0
monster-hunter-world-the-board-game-kushala-daora-expansion,Monster Hunter World: The Board Game - Kushala Daora Expansion,"LOW_CONFIDENCE_MATCH: exact match is a BGG expansion/non-base entry, out of scope -- refusing to fall back to a fuzzy match against an unrelated base game",,,100.0
catch-phrase-vintage-bookshelf-uk-edition,Catch Phrase Vintage Bookshelf UK Edition,LOW_CONFIDENCE_MATCH: fuzzy score below threshold or too close to runner-up,,,59.45945945945945
kreel-manor,Kreel Manor,"QUALITY_GATE: shrunk=7.18, usersrated=152",378629,Kreel Manor: The Dungeon Crawl Card Game,95.0
agueda,Agueda,"QUALITY_GATE: shrunk=6.81, usersrated=528",317515,Águeda: City of Umbrellas,95.0
nucleum-metal-coins,Nucleum: Metal Coins,LOW_CONFIDENCE_MATCH: fuzzy score below threshold or too close to runner-up,,,66.66666666666667
social-ladder-game,The Sidemen - Social Ladder Game,LOW_CONFIDENCE_MATCH: fuzzy score below threshold or too close to runner-up,,,71.42857142857143
my-first-unlock-duck-stories,My First Unlock! Duck Stories,"QUALITY_GATE: shrunk=6.60, usersrated=12",456193,My First Unlock!: Duck Stories,100.0
shallow-sea-rare-fish-mini-expansion,Shallow Sea Rare Fish Mini Expansion,"LOW_CONFIDENCE_MATCH: exact match is a BGG expansion/non-base entry, out of scope -- refusing to fall back to a fuzzy match against an unrelated base game",,,100.0
cat-between-us,Cat Between Us,"QUALITY_GATE: shrunk=6.86, usersrated=383",433074,Cat Between Us,100.0
link-city,Link City,"QUALITY_GATE: shrunk=7.07, usersrated=994",421199,Link City,100.0
nature-board-game-module-3-natural-disasters,Nature Board Game: Module 3 Natural Disasters,LOW_CONFIDENCE_MATCH: fuzzy score below threshold or too close to runner-up,,,64.15094339622642
guildlands,Guildlands,"QUALITY_GATE: shrunk=6.75, usersrated=238",447587,Guildlands,100.0
hex-effects,Hex Effects,"QUALITY_GATE: shrunk=6.85, usersrated=205",420737,Hex Effects,100.0
endeavor-deep-sea-5th-player-expansion,Endeavor Deep Sea 5th Player Expansion,"LOW_CONFIDENCE_MATCH: exact match is a BGG expansion/non-base entry, out of scope -- refusing to fall back to a fuzzy match against an unrelated base game",,,100.0
stranger-things-cluedo,Stranger Things Cluedo,LOW_CONFIDENCE_MATCH: fuzzy score below threshold or too close to runner-up,,,85.71428571428572
neuroshima-hex-3-0-merchants-guild,Neuroshima Hex! 3.0: Merchants Guild,"LOW_CONFIDENCE_MATCH: exact match is a BGG expansion/non-base entry, out of scope -- refusing to fall back to a fuzzy match against an unrelated base game",,,100.0
gloom-card-game-2nd-edition-unquiet-dead-expansion,Gloom! Card Game 2nd Edition: Unquiet Dead Expansion,LOW_CONFIDENCE_MATCH: fuzzy score below threshold or too close to runner-up,,,65.45454545454545
telos,Telos,"QUALITY_GATE: shrunk=6.37, usersrated=71",341427,Télos,100.0
dungeon-crawler-carl-unstoppable-iron-tangle-expansion,Dungeon Crawler Carl Unstoppable: Iron Tangle Expansion,LOW_CONFIDENCE_MATCH: fuzzy score below threshold or too close to runner-up,,,74.4186046511628
dobble-super-mario,Dobble Super Mario,LOW_CONFIDENCE_MATCH: fuzzy score below threshold or too close to runner-up,,,76.47058823529412
escape-from-the-starline-express,Escape from the Starline Express,"QUALITY_GATE: shrunk=5.83, usersrated=111",296291,Escape from the Starline Express,100.0
similo-aquatic-animals,Similo - Aquatic Animals,LOW_CONFIDENCE_MATCH: fuzzy score below threshold or too close to runner-up,,,66.66666666666667
wriggle-roulette,Wriggle Roulette,"QUALITY_GATE: shrunk=6.40, usersrated=365",443829,Wriggle Roulette,100.0
gw-tape-measure,Gw Tape Measure,LOW_CONFIDENCE_MATCH: fuzzy score below threshold or too close to runner-up,,,72.0
connect-4-grab-and-go,Connect 4 Grab And Go,LOW_CONFIDENCE_MATCH: fuzzy score below threshold or too close to runner-up,,,82.05128205128204
huddersfield-monopoly,Monopoly: Huddersfield,"QUALITY_GATE: shrunk=6.50, usersrated=3",283250,Monopoly: Huddersfield,100.0
baby-animals-top-trumps-classics,Baby Animals - Top Trumps Classics,LOW_CONFIDENCE_MATCH: fuzzy score below threshold or too close to runner-up,,,61.224489795918366
cthulhu-wars-dreamlands-surface-monster-expansion,Cthulhu Wars: Dreamlands Surface Monster Expansion,LOW_CONFIDENCE_MATCH: fuzzy score below threshold or too close to runner-up,,,59.74025974025974
1st-and-goal-board-game-reprint,1st and Goal Board Game (Reprint),LOW_CONFIDENCE_MATCH: fuzzy score below threshold or too close to runner-up,,,75.0
horizon-zero-dawn-the-board-game,Horizon Zero Dawn: The Board Game,"QUALITY_GATE: shrunk=6.88, usersrated=769",260410,Horizon Zero Dawn: The Board Game,100.0
ashes-reborn-the-law-of-lions-deluxe-expansion-set,Ashes Reborn: The Law of Lions Deluxe Expansion Set,LOW_CONFIDENCE_MATCH: fuzzy score below threshold or too close to runner-up,,,61.9718309859155
the-networks-replacement-network-cards,The Networks: Replacement Network Cards,LOW_CONFIDENCE_MATCH: fuzzy score below threshold or too close to runner-up,,,56.71641791044777
the-bezzerwizzer-game,The Bezzerwizzer Game,LOW_CONFIDENCE_MATCH: fuzzy score below threshold or too close to runner-up,,,86.48648648648648
mosaic-wars-disasters-expansion-colossus-edition,Mosaic: Wars & Disasters Expansion - Colossus Edition,LOW_CONFIDENCE_MATCH: fuzzy score below threshold or too close to runner-up,,,68.18181818181819
beast-shattered-isles,Beast: Shattered Isles,"LOW_CONFIDENCE_MATCH: exact match is a BGG expansion/non-base entry, out of scope -- refusing to fall back to a fuzzy match against an unrelated base game",,,100.0
beast-the-great-hunt,Beast: The Great Hunt,"LOW_CONFIDENCE_MATCH: exact match is a BGG expansion/non-base entry, out of scope -- refusing to fall back to a fuzzy match against an unrelated base game",,,100.0
zariah-the-summoner-the-red-dragon-inn,The Red Dragon Inn: Allies - Zariah the Summoner,"LOW_CONFIDENCE_MATCH: exact match is a BGG expansion/non-base entry, out of scope -- refusing to fall back to a fuzzy match against an unrelated base game",,,100.0
neuroshima-hex-3-0,Neuroshima Hex 3.0,LOW_CONFIDENCE_MATCH: fuzzy score below threshold or too close to runner-up,,,87.5
monopoly-eternals,Monopoly Eternals,LOW_CONFIDENCE_MATCH: fuzzy score below threshold or too close to runner-up,,,81.25
wildlands-the-ancients,Wildlands: The Ancients,"LOW_CONFIDENCE_MATCH: exact match is a BGG expansion/non-base entry, out of scope -- refusing to fall back to a fuzzy match against an unrelated base game",,,100.0
escape-room-the-game-3-3-thrilling-escape-rooms,Escape Room The Game 3 - 3 Thrilling Escape Rooms,LOW_CONFIDENCE_MATCH: fuzzy score below threshold or too close to runner-up,,,78.125
marvel-fluxx,Marvel Fluxx,"QUALITY_GATE: shrunk=6.47, usersrated=749",272541,Marvel Fluxx,100.0
cartographers-map-pack-5-kethras-steppe-redtooth-goldbelly,Cartographers Map Pack 5: Kethra's Steppe - Redtooth & Goldbelly,"LOW_CONFIDENCE_MATCH: exact match is a BGG expansion/non-base entry, out of scope -- refusing to fall back to a fuzzy match against an unrelated base game",,,100.0
hidden-games-crime-scene-case-1-the-little-gomersal-case,Hidden Games Crime Scene: Case 1 - The Little Gomersal Case,LOW_CONFIDENCE_MATCH: fuzzy score below threshold or too close to runner-up,,,72.52747252747253
blade-runnerrpg-starter-set,Blade Runner:RPG Starter Set,LOW_CONFIDENCE_MATCH: fuzzy score below threshold or too close to runner-up,,,70.0
zuuli,Zuuli,"QUALITY_GATE: shrunk=6.71, usersrated=593",338467,Zuuli,100.0
sub-terra-ii-typhaon-wakes-upgrade-pack,Sub Terra II: Typhaon Wakes Upgrade Pack,LOW_CONFIDENCE_MATCH: fuzzy score below threshold or too close to runner-up,,,52.77777777777778
dead-by-daylight,Dead By Daylight,LOW_CONFIDENCE_MATCH: ambiguous: multiple BGG entries share this normalized title,,,
big-top,Big Top,LOW_CONFIDENCE_MATCH: ambiguous: multiple BGG entries share this normalized title,,,
chocobos-dungeon-the-board-game,Chocobo's Dungeon: The Board Game,"QUALITY_GATE: shrunk=6.85, usersrated=82",395423,Chocobo's Dungeon: The Board Game,100.0
sorry-vintage-bookshelf-uk-edition,Sorry! Vintage Bookshelf UK Edition,LOW_CONFIDENCE_MATCH: fuzzy score below threshold or too close to runner-up,,,60.60606060606061
i-am-done,I Am Done,"QUALITY_GATE: shrunk=6.58, usersrated=1029",427624,I am done,100.0
alpina,Alpina,LOW_CONFIDENCE_MATCH: ambiguous: multiple BGG entries share this normalized title,,,
yellowstone-monopoly,Yellowstone Monopoly,"QUALITY_GATE: shrunk=6.46, usersrated=4",402187,Monopoly: Yellowstone,100.0
deal-or-no-deal-board-game,Deal or No Deal - Board Game,LOW_CONFIDENCE_MATCH: ambiguous: multiple BGG entries share this normalized title,,,
vestige-swanky-edition,Vestige Swanky Edition,LOW_CONFIDENCE_MATCH: fuzzy score below threshold or too close to runner-up,,,69.38775510204081
valkyrie-a-black-orchestra-game,Valkyrie: A Black Orchestra Game,"QUALITY_GATE: shrunk=6.83, usersrated=127",432146,Valkyrie: A Black Orchestra Game,100.0
floral,Floral,"QUALITY_GATE: shrunk=6.67, usersrated=191",422737,Floral,100.0
purrramid-board-game,Purrramid Board Game,"QUALITY_GATE: shrunk=6.49, usersrated=225",451297,Purrramid,100.0
articulate-for-kids,Articulate for Kids,LOW_CONFIDENCE_MATCH: fuzzy score below threshold or too close to runner-up,,,72.72727272727273
fortunes-of-scoundrel-bay,Fortunes of Scoundrel Bay,"QUALITY_GATE: shrunk=7.15, usersrated=331",446703,Fortunes of Scoundrel Bay,100.0
nature-board-game-module-5-amazon-rainforest,Nature Board Game: Module 5 Amazon Rainforest,LOW_CONFIDENCE_MATCH: fuzzy score below threshold or too close to runner-up,,,61.224489795918366
nature-board-game-module-4-arctic-tundra,Nature Board Game: Module 4 Arctic Tundra,LOW_CONFIDENCE_MATCH: fuzzy score below threshold or too close to runner-up,,,60.86956521739131
final-girl-series-3-miniatures-box,Final Girl: Series 3 Miniatures Box,LOW_CONFIDENCE_MATCH: fuzzy score below threshold or too close to runner-up,,,64.51612903225806
dungeon-crawler-carl-unstoppable-crawler-chaos-expansion,Dungeon Crawler Carl Unstoppable: Crawler Chaos Expansion,LOW_CONFIDENCE_MATCH: fuzzy score below threshold or too close to runner-up,,,72.72727272727273
container-deluxe,Container Deluxe,LOW_CONFIDENCE_MATCH: ambiguous: multiple BGG entries share this normalized title,,,
inis-3rd-edition,Inis - 3rd edition,LOW_CONFIDENCE_MATCH: ambiguous: multiple BGG entries share this normalized title,,,
encore-x,Encore X,"QUALITY_GATE: shrunk=6.87, usersrated=79",465554,Encore X !,100.0
catan-zip,Catan Zip!,LOW_CONFIDENCE_MATCH: fuzzy score below threshold or too close to runner-up,,,80.0
coraline-beware-the-other-mother,Coraline: Beware the Other Mother,"QUALITY_GATE: shrunk=6.41, usersrated=76",288606,Coraline: Beware the Other Mother,100.0
the-red-dragon-inn-smorgasbox,The Red Dragon Inn: Smorgasbox,"LOW_CONFIDENCE_MATCH: exact match is a BGG expansion/non-base entry, out of scope -- refusing to fall back to a fuzzy match against an unrelated base game",,,100.0
origins-first-builders,Origins: First Builders,"QUALITY_GATE: shrunk=6.99, usersrated=2127",322588,Origins: First Builders,100.0
dobble-disney-princess-55-card-version,Dobble Disney Princess - 55 Card Version,LOW_CONFIDENCE_MATCH: fuzzy score below threshold or too close to runner-up,,,67.6923076923077
hellton-palace,Hellton Palace,"QUALITY_GATE: shrunk=6.32, usersrated=180",366910,Hellton Palace,100.0
maple-valley-board-game-roaming-raven-and-feathered-friends-mini-expansion,Maple Valley Board Game: Roaming Raven And Feathered Friends Mini Expansion,LOW_CONFIDENCE_MATCH: fuzzy score below threshold or too close to runner-up,,,58.11965811965811
march-of-the-ants-evolved-edition-predators-and-prey-expansion,March of the Ants Evolved Edition: Predators and Prey Expansion,LOW_CONFIDENCE_MATCH: fuzzy score below threshold or too close to runner-up,,,66.66666666666667
dead-by-daylight-deluxe-edition-upgrade,Dead by Daylight: Deluxe Edition Upgrade,LOW_CONFIDENCE_MATCH: fuzzy score below threshold or too close to runner-up,,,80.0
little-bug-bingo-mini-game,Little Bug Bingo - Mini Game,LOW_CONFIDENCE_MATCH: fuzzy score below threshold or too close to runner-up,,,74.50980392156863
werewolves,Werewolves,"QUALITY_GATE: shrunk=6.60, usersrated=23",401880,Werewolves Big Box,100.0
british-bakes-top-trumps-classics,British Bakes - Top Trumps Classics,LOW_CONFIDENCE_MATCH: fuzzy score below threshold or too close to runner-up,,,58.18181818181818
disturbed-friends,Disturbed Friends,"QUALITY_GATE: shrunk=5.36, usersrated=388",173075,Disturbed Friends,100.0
one-night-ultimate-super-villains,One Night Ultimate Super Villains,"QUALITY_GATE: shrunk=6.69, usersrated=327",255293,One Night Ultimate Super Villains,100.0
nope-card-game,Nope Card Game,"QUALITY_GATE: shrunk=5.96, usersrated=278",274049,Nope!,100.0
judge-dredd-helter-skelter,Judge Dredd: Helter Skelter,"QUALITY_GATE: shrunk=7.15, usersrated=633",275034,Judge Dredd: Helter Skelter,100.0
think-fast,Think Fast!,"QUALITY_GATE: shrunk=6.58, usersrated=27",288584,Think Fast,100.0
neuroshima-hex-3-0-board-game-death-breath-expansion,Neuroshima Hex 3.0 Board Game: Death Breath Expansion,LOW_CONFIDENCE_MATCH: fuzzy score below threshold or too close to runner-up,,,64.51612903225806
in-a-nutshell,In a Nutshell,"QUALITY_GATE: shrunk=6.50, usersrated=21",455763,In a Nutshell,100.0
echoes-game-the-microchip,Echoes Game: The Microchip,LOW_CONFIDENCE_MATCH: fuzzy score below threshold or too close to runner-up,,,86.48648648648648
zoetrope,Zoetrope,LOW_CONFIDENCE_MATCH: fuzzy score below threshold or too close to runner-up,,,76.92307692307692
similo-harry-potter,Similo: Harry Potter,LOW_CONFIDENCE_MATCH: fuzzy score below threshold or too close to runner-up,,,80.0
treasure-island-2,Treasure Island,LOW_CONFIDENCE_MATCH: ambiguous: multiple BGG entries share this normalized title,,,
dd-book-tabs-dungeon-masters-guide,D&D Book Tabs: Dungeon Master's Guide,LOW_CONFIDENCE_MATCH: fuzzy score below threshold or too close to runner-up,,,63.29113924050633
battleship-classic,BATTLESHIP CLASSIC,LOW_CONFIDENCE_MATCH: fuzzy score below threshold or too close to runner-up,,,78.78787878787878
supercars-top-trumps-classics,Supercars Top Trumps Classics,LOW_CONFIDENCE_MATCH: fuzzy score below threshold or too close to runner-up,,,61.81818181818181
house-of-cats,House of Cats,LOW_CONFIDENCE_MATCH: ambiguous: multiple BGG entries share this normalized title,,,
in-too-deep-2,In Too Deep,LOW_CONFIDENCE_MATCH: ambiguous: multiple BGG entries share this normalized title,,,
stakd-plus-stack-block-win,STAKD Plus: Stack. Block. Win.,LOW_CONFIDENCE_MATCH: fuzzy score below threshold or too close to runner-up,,,66.66666666666667
pioneer-rails,Pioneer Rails,LOW_CONFIDENCE_MATCH: ambiguous: multiple BGG entries share this normalized title,,,
connect-4-vintage-bookshelf-uk-edition,Connect 4 Vintage Bookshelf UK Edition,LOW_CONFIDENCE_MATCH: fuzzy score below threshold or too close to runner-up,,,66.66666666666667
hoddog-card-game,Hoddog Card Game,"QUALITY_GATE: shrunk=6.32, usersrated=65",429054,Hoddog,100.0
p-for-pizza-kids-menu,P for Pizza Kids Menu,"QUALITY_GATE: shrunk=6.50, usersrated=3",461491,P for Pizza: Kids Menu,100.0
gnome-hollow-deluxe-upgrade-kit,Gnome Hollow Deluxe Upgrade Kit,LOW_CONFIDENCE_MATCH: fuzzy score below threshold or too close to runner-up,,,66.66666666666667
aeterna,Aeterna,LOW_CONFIDENCE_MATCH: fuzzy score below threshold or too close to runner-up,,,87.5
uno-zero,UNO Zero,"QUALITY_GATE: shrunk=6.49, usersrated=127",447191,UNO Zero,100.0
ovation,Ovation,"QUALITY_GATE: shrunk=7.04, usersrated=214",326264,Ovation,100.0
the-lakes-card-game,The Lakes Card Game,"QUALITY_GATE: shrunk=6.70, usersrated=34",360216,The Lakes Card Game,100.0
crafting-the-cosmos,Crafting the Cosmos,"QUALITY_GATE: shrunk=6.88, usersrated=590",424785,Crafting the Cosmos,100.0
offshoots,Offshoots,"QUALITY_GATE: shrunk=6.47, usersrated=39",433056,OffShoots,100.0
lightning-train,Lightning Train,"QUALITY_GATE: shrunk=7.15, usersrated=678",445673,Lightning Train,100.0
risk-vintage-bookshelf-edition,Risk Vintage Bookshelf Edition,LOW_CONFIDENCE_MATCH: fuzzy score below threshold or too close to runner-up,,,63.1578947368421
nature-board-game-module-2-jurassic-module,Nature Board Game: Module 2 Jurassic Module,LOW_CONFIDENCE_MATCH: fuzzy score below threshold or too close to runner-up,,,61.53846153846154
wanna-bet,Wanna Bet,"QUALITY_GATE: shrunk=5.84, usersrated=226",119500,Wanna Bet?,100.0
caesars-gallic-wars-hail-caesar-starter-set,Caesar's Gallic Wars - Hail Caesar Starter Set,LOW_CONFIDENCE_MATCH: fuzzy score below threshold or too close to runner-up,,,64.28571428571428
volcanoes-top-trumps-classics,Volcanoes - Top Trumps Classics,LOW_CONFIDENCE_MATCH: fuzzy score below threshold or too close to runner-up,,,60.86956521739131
azure,Azure,"QUALITY_GATE: shrunk=7.09, usersrated=456",447254,Azure,100.0
codenames-critical-role-adventures,Codenames Critical Role Adventures,"QUALITY_GATE: shrunk=7.13, usersrated=50",465849,Codenames: Critical Role Adventures,100.0
tomb-raider-the-crypt-of-chronos-dinosaur-enemies-expansion,Tomb Raider: The Crypt of Chronos - Dinosaur Enemies Expansion,LOW_CONFIDENCE_MATCH: fuzzy score below threshold or too close to runner-up,,,67.46987951807229
tomb-raider-the-crypt-of-chronos-croft-manor,Tomb Raider: The Crypt of Chronos - Croft Manor,"LOW_CONFIDENCE_MATCH: exact match is a BGG expansion/non-base entry, out of scope -- refusing to fall back to a fuzzy match against an unrelated base game",,,100.0
pac-man-maze-craze,PAC-MAN - Maze Craze,"QUALITY_GATE: shrunk=6.50, usersrated=0",265968,Pac-Man Maze Craze,100.0
bandido-alcatraz,Bandido Alcatraz,"QUALITY_GATE: shrunk=6.74, usersrated=73",460438,Bandido Alcatraz (10th Anniversary Edition),95.0
munchkin-batman,Munchkin Batman,LOW_CONFIDENCE_MATCH: fuzzy score below threshold or too close to runner-up,,,75.86206896551724
the-elder-scrolls-botse-heroes-of-tamriel,The Elder Scrolls: BoTSE: Heroes of Tamriel,LOW_CONFIDENCE_MATCH: fuzzy score below threshold or too close to runner-up,,,65.75342465753424
room-25-season-2-2021-edition,Room 25 season 2 (2021 edition),LOW_CONFIDENCE_MATCH: fuzzy score below threshold or too close to runner-up,,,64.28571428571428
desert-gaming-mat-48-x-72,Desert Gaming Mat (48' x 72'),LOW_CONFIDENCE_MATCH: fuzzy score below threshold or too close to runner-up,,,66.66666666666667
darkroot-basin-iron-keep-tile-set-dark-souls-the-board-game,Darkroot Basin & Iron Keep Tile Set: Dark Souls The Board Game,LOW_CONFIDENCE_MATCH: fuzzy score below threshold or too close to runner-up,,,56.52173913043479
virulence-an-infectious-card-game,Virulence: An Infectious Card Game,"QUALITY_GATE: shrunk=6.61, usersrated=357",202207,Virulence: An Infectious Card Game,100.0
mystery-house,Mystery House,"QUALITY_GATE: shrunk=6.30, usersrated=989",269537,Mystery House: Adventures in a Box,95.0
munchkin-kittens,Munchkin Kittens,"LOW_CONFIDENCE_MATCH: exact match is a BGG expansion/non-base entry, out of scope -- refusing to fall back to a fuzzy match against an unrelated base game",,,100.0
witchdoctor-natyli-the-red-dragon-inn,The Red Dragon Inn: Allies - Witchdoctor Natyli,"LOW_CONFIDENCE_MATCH: exact match is a BGG expansion/non-base entry, out of scope -- refusing to fall back to a fuzzy match against an unrelated base game",,,100.0
my-first-bohnanza,My First Bohnanza,"QUALITY_GATE: shrunk=6.56, usersrated=258",171419,My First Bohnanza,100.0
brew,Brew,"QUALITY_GATE: shrunk=7.00, usersrated=4591",332386,Brew,100.0
subbuteo-balls,Subbuteo Balls,LOW_CONFIDENCE_MATCH: fuzzy score below threshold or too close to runner-up,,,75.86206896551724
anti-monopoly-board-game,Anti-Monopoly Board Game,"QUALITY_GATE: shrunk=4.00, usersrated=842",1931,Anti-Monopoly,100.0
hippocrates-deluxe-edition-kickstarter-edition,Hippocrates: Deluxe Edition - Kickstarter Edition,LOW_CONFIDENCE_MATCH: fuzzy score below threshold or too close to runner-up,,,81.9672131147541
marvel-champions-valkyrie-hero-pack,Marvel Champions: Valkyrie Hero Pack,"LOW_CONFIDENCE_MATCH: exact match is a BGG expansion/non-base entry, out of scope -- refusing to fall back to a fuzzy match against an unrelated base game",,,100.0
pocket-pub-quiz,Pocket Pub Quiz,LOW_CONFIDENCE_MATCH: fuzzy score below threshold or too close to runner-up,,,72.0
wooden-games-workshop-backgammon,Wooden Games Workshop: Backgammon,LOW_CONFIDENCE_MATCH: fuzzy score below threshold or too close to runner-up,,,61.53846153846154
hey-yo,HEY YO,"QUALITY_GATE: shrunk=6.31, usersrated=456",324467,Hey Yo,100.0
starfinder-pirates-of-skydock,Starfinder: Pirates of Skydock,"QUALITY_GATE: shrunk=6.36, usersrated=45",361064,Starfinder: Pirates of Skydock,100.0
the-imperial-zoo-warhammer-fantasy-roleplay-wfrp4,The Imperial Zoo: Warhammer Fantasy Roleplay (WFRP4),LOW_CONFIDENCE_MATCH: fuzzy score below threshold or too close to runner-up,,,65.93406593406593
menstruation-crustacean-lobster-heating-pad,Menstruation Crustacean Lobster Heating Pad,LOW_CONFIDENCE_MATCH: fuzzy score below threshold or too close to runner-up,,,59.74025974025974
click-the-great-wall,Click! The Great Wall,"QUALITY_GATE: shrunk=6.59, usersrated=100",358053,Click! The Great Wall,100.0
joking-hazard-german-version,Joking Hazard - German Version,LOW_CONFIDENCE_MATCH: fuzzy score below threshold or too close to runner-up,,,63.41463414634146
explorers-of-the-north-sea-collector-c2-92s-box,Explorers of the North Sea Collector's Box,LOW_CONFIDENCE_MATCH: fuzzy score below threshold or too close to runner-up,,,73.33333333333334
bonsai-vigorous-growth-specialists,Bonsai: Vigorous Growth & Specialists,"LOW_CONFIDENCE_MATCH: exact match is a BGG expansion/non-base entry, out of scope -- refusing to fall back to a fuzzy match against an unrelated base game",,,100.0
molehill-meadows,Molehill Meadows,"QUALITY_GATE: shrunk=6.94, usersrated=97",397602,Molehill Meadows,100.0
spidey-friends-top-trumps-junior,Spidey & Friends Top Trumps Junior,LOW_CONFIDENCE_MATCH: fuzzy score below threshold or too close to runner-up,,,71.1864406779661
world-order-gameplay-bundle,World Order Gameplay Bundle,LOW_CONFIDENCE_MATCH: fuzzy score below threshold or too close to runner-up,,,70.58823529411764
total-war-rome-board-game-battleplay-expansion,Total War: Rome Board Game: Battleplay Expansion,LOW_CONFIDENCE_MATCH: fuzzy score below threshold or too close to runner-up,,,63.01369863013699
adventure-calendar-2026-the-dungeon,Adventure Calendar 2026: The Dungeon,LOW_CONFIDENCE_MATCH: fuzzy score below threshold or too close to runner-up,,,75.86206896551724
mythwind-board-game-magical-miniatures-expansion,Mythwind Board Game: Magical Miniatures Expansion,LOW_CONFIDENCE_MATCH: fuzzy score below threshold or too close to runner-up,,,63.01369863013699
monster-eater-a-delicious-in-dungeon-board-game,Monster Eater: A Delicious in Dungeon Board Game,"QUALITY_GATE: shrunk=6.65, usersrated=179",371794,Monster Eater: A Delicious in Dungeon Board Game,100.0
codenames-fairy-tales-expansion,Codenames: Fairy Tales Expansion,LOW_CONFIDENCE_MATCH: fuzzy score below threshold or too close to runner-up,,,64.28571428571428
gateway-island,Gateway Island,"QUALITY_GATE: shrunk=7.20, usersrated=505",356999,Gateway Island,100.0
the-elder-scrolls-botse-summerset,The Elder Scrolls: BoTSE: Summerset,LOW_CONFIDENCE_MATCH: fuzzy score below threshold or too close to runner-up,,,61.81818181818181
lawyer-up-season-1,Lawyer Up: Season 1,"QUALITY_GATE: shrunk=6.85, usersrated=51",366888,Lawyer Up: Season 1,100.0
hamster-roll,Hamster Roll,"QUALITY_GATE: shrunk=6.84, usersrated=2736",903,Hamster Roll,100.0
biddle,Biddle,"QUALITY_GATE: shrunk=6.73, usersrated=263",451924,Biddle,100.0
inis-nemed,Inis: Nemed,"LOW_CONFIDENCE_MATCH: exact match is a BGG expansion/non-base entry, out of scope -- refusing to fall back to a fuzzy match against an unrelated base game",,,100.0
the-chrysanthemum-throne-expansion-pack-l5r-lcg,Legend of the Five Rings LCG: The Chrysanthemum Throne Expansion Pack,LOW_CONFIDENCE_MATCH: fuzzy score below threshold or too close to runner-up,,,57.77777777777777
shipwrights-north-sea,Shipwrights of the North Sea,"QUALITY_GATE: shrunk=6.34, usersrated=1890",75547,Shipwrights of the North Sea,100.0
arcane-portal-sword-sorcery-expansion,Sword & Sorcery: Arcane Portal Expansion,LOW_CONFIDENCE_MATCH: fuzzy score below threshold or too close to runner-up,,,67.6923076923077
jungle-speed-kids,Jungle Speed Kids,"QUALITY_GATE: shrunk=6.18, usersrated=68",274651,Jungle Speed Kids,100.0
insey-winsey-spider,Insey Winsey Spider,"QUALITY_GATE: shrunk=6.10, usersrated=26",11559,Insey Winsey Spider,100.0
red-dog-blue-dog,"Red Dog, Blue Dog","QUALITY_GATE: shrunk=6.35, usersrated=15",50445,"Red Dog, Blue Dog",100.0
gold-waddingtons-no1-playing-cards,GOLD - Waddingtons No.1 Playing Cards,LOW_CONFIDENCE_MATCH: fuzzy score below threshold or too close to runner-up,,,62.5
battlefields-basing-glue,Battlefields Basing Glue,LOW_CONFIDENCE_MATCH: fuzzy score below threshold or too close to runner-up,,,72.72727272727273
army-painter-hobby-knife,Army Painter Hobby Knife,LOW_CONFIDENCE_MATCH: fuzzy score below threshold or too close to runner-up,,,59.57446808510638
ozrik-the-adept-the-red-dragon-inn,The Red Dragon Inn: Allies - Ozrik the Adept,"LOW_CONFIDENCE_MATCH: exact match is a BGG expansion/non-base entry, out of scope -- refusing to fall back to a fuzzy match against an unrelated base game",,,100.0
crystallo-card-game,Crystallo Card Game,"QUALITY_GATE: shrunk=6.84, usersrated=1011",269618,Crystallo,100.0
mini-rogue-depths-of-damnation,Mini Rogue: Depths of Damnation,"LOW_CONFIDENCE_MATCH: exact match is a BGG expansion/non-base entry, out of scope -- refusing to fall back to a fuzzy match against an unrelated base game",,,100.0
monumental-african-empires-classic,Monumental: African Empires Classic,LOW_CONFIDENCE_MATCH: fuzzy score below threshold or too close to runner-up,,,62.745098039215684
cartographers-map-pack-6-hornhelm-wasteland-market,Cartographers Map Pack 6: Hornhelm - Wasteland Market,"LOW_CONFIDENCE_MATCH: exact match is a BGG expansion/non-base entry, out of scope -- refusing to fall back to a fuzzy match against an unrelated base game",,,100.0
top-trumps-limited-edition-iron-maiden,Top Trumps Limited Edition: Iron Maiden,LOW_CONFIDENCE_MATCH: fuzzy score below threshold or too close to runner-up,,,65.57377049180329
sea-of-thieves-voyage-of-legends,Sea of Thieves: Voyage of Legends,"QUALITY_GATE: shrunk=6.50, usersrated=147",382016,Sea of Thieves: Voyage of Legends,100.0
prussian-rails,Prussian Rails,"QUALITY_GATE: shrunk=6.95, usersrated=1087",35285,Prussian Rails,100.0
high-frontier-4-all-board-game-colonization-expansion,High Frontier 4 All Board Game: Colonization Expansion,LOW_CONFIDENCE_MATCH: fuzzy score below threshold or too close to runner-up,,,62.295081967213115
flamme-rouge-bmx,Flamme Rouge BMX,"QUALITY_GATE: shrunk=6.32, usersrated=107",395256,Flamme Rouge BMX,100.0
camping-fluxx,Camping Fluxx,"QUALITY_GATE: shrunk=6.57, usersrated=83",404982,Camping Fluxx,100.0
bugs-in-the-kitchen-refresh,Bugs In The Kitchen - Refresh,LOW_CONFIDENCE_MATCH: fuzzy score below threshold or too close to runner-up,,,78.94736842105263
risk-2210-a-d-frontline-expansion,Risk 2210 A.D. - Frontline Expansion,LOW_CONFIDENCE_MATCH: fuzzy score below threshold or too close to runner-up,,,66.66666666666667
minecraft-labyrinth,Minecraft Labyrinth,"QUALITY_GATE: shrunk=6.49, usersrated=18",438657,Minecraft Labyrinth,100.0
brink-deluxe-edition,Brink: Deluxe Edition,LOW_CONFIDENCE_MATCH: ambiguous: multiple BGG entries share this normalized title,,,
last-minute,Last Minute,LOW_CONFIDENCE_MATCH: ambiguous: multiple BGG entries share this normalized title,,,
puzzle-challenges-set-of-50-in-tin,Puzzle Challenges Set of 50 in Tin,LOW_CONFIDENCE_MATCH: fuzzy score below threshold or too close to runner-up,,,63.33333333333333
dobble-catan,Dobble Catan,LOW_CONFIDENCE_MATCH: fuzzy score below threshold or too close to runner-up,,,72.0
waddle-orcas-ice-floes-expansion,Waddle: Orcas & Ice Floes Expansion,LOW_CONFIDENCE_MATCH: fuzzy score below threshold or too close to runner-up,,,59.45945945945945
jim-hensens-labyrinth-the-board-game-40th-anniversary-collection,Jim Hensen's Labyrinth The Board Game 40th Anniversary Collection,"QUALITY_GATE: shrunk=6.59, usersrated=7",424678,Jim Henson's Labyrinth: The Board Game – 40th Anniversary Collection,98.0
siberian-manhunt-ejection-zone,Siberian Manhunt Ejection Zone,LOW_CONFIDENCE_MATCH: fuzzy score below threshold or too close to runner-up,,,69.56521739130434
norsewind,Norsewind,"QUALITY_GATE: shrunk=6.88, usersrated=169",446329,Norsewind,100.0
marvel-champions-the-card-game-luke-cage-hero-pack,Marvel Champions: The Card Game - Luke Cage Hero Pack,"LOW_CONFIDENCE_MATCH: exact match is a BGG expansion/non-base entry, out of scope -- refusing to fall back to a fuzzy match against an unrelated base game",,,100.0
bretwalda-hnefatafl,Bretwalda: Hnefatafl,LOW_CONFIDENCE_MATCH: fuzzy score below threshold or too close to runner-up,,,64.28571428571428
twilight-2000-urban-operations,Twilight 2000 - Urban Operations,LOW_CONFIDENCE_MATCH: fuzzy score below threshold or too close to runner-up,,,69.56521739130434
earth-animal-kingdom,Earth: Animal Kingdom,"LOW_CONFIDENCE_MATCH: exact match is a BGG expansion/non-base entry, out of scope -- refusing to fall back to a fuzzy match against an unrelated base game",,,100.0
herd-mentality-travel-tin,Herd Mentality Travel Tin,LOW_CONFIDENCE_MATCH: fuzzy score below threshold or too close to runner-up,,,71.7948717948718
the-elder-scrolls-botse-shadows-of-oblivion,The Elder Scrolls: BoTSE: Shadows of Oblivion,LOW_CONFIDENCE_MATCH: fuzzy score below threshold or too close to runner-up,,,61.33333333333333
on-the-origin-of-species,On the Origin of Species,"QUALITY_GATE: shrunk=6.74, usersrated=1023",276004,On the Origin of Species,100.0
poetry-for-neanderthals-grab-game,Poetry For Neanderthals - Grab & Game,LOW_CONFIDENCE_MATCH: fuzzy score below threshold or too close to runner-up,,,76.66666666666666
movie-night,Movie Night,"QUALITY_GATE: shrunk=6.47, usersrated=133",459337,Movie Night,100.0
arschmallows,Arschmallows,"QUALITY_GATE: shrunk=6.35, usersrated=383",394430,Arschmallows,100.0
twinkle-twinkle,Twinkle Twinkle,"QUALITY_GATE: shrunk=7.08, usersrated=985",408280,Twinkle Twinkle,100.0
etherweave-expansion-deck-tash-kalar-arena-legends,Etherweave Expansion Deck : Tash-Kalar Arena Of Legends,LOW_CONFIDENCE_MATCH: fuzzy score below threshold or too close to runner-up,,,67.5
shahrazad,Shahrazad,"QUALITY_GATE: shrunk=6.21, usersrated=503",186767,Shahrazad,100.0
queen-monopoly,Monopoly: Queen,"QUALITY_GATE: shrunk=6.31, usersrated=29",229080,Monopoly: Queen,100.0
cthulhu-wars-great-old-one-pack-3-gobogeg-expansion,Cthulhu Wars: Great Old One Pack 3 (Gobogeg) Expansion,LOW_CONFIDENCE_MATCH: fuzzy score below threshold or too close to runner-up,,,55.88235294117647
rorys-story-cubes-eco-blister-original,Rory's Story Cubes Eco Blister Original,LOW_CONFIDENCE_MATCH: fuzzy score below threshold or too close to runner-up,,,71.875
imperial-settlers-rise-of-the-empire,Imperial Settlers: Rise of the Empire,"LOW_CONFIDENCE_MATCH: exact match is a BGG expansion/non-base entry, out of scope -- refusing to fall back to a fuzzy match against an unrelated base game",,,100.0
neuroshima-hex-3-0-board-game-neojungle,Neuroshima Hex 3.0 Board Game: Neojungle,"LOW_CONFIDENCE_MATCH: exact match is a BGG expansion/non-base entry, out of scope -- refusing to fall back to a fuzzy match against an unrelated base game",,,100.0
london-game-travel-edition,London Game Travel Edition,LOW_CONFIDENCE_MATCH: fuzzy score below threshold or too close to runner-up,,,78.43137254901961
connecting-london,Connecting London,"QUALITY_GATE: shrunk=6.01, usersrated=27",352784,Connecting London,100.0
why-cant-we-be-friends-imperial-settlers-exp,Why can't we be friends: Imperial Settlers Exp,LOW_CONFIDENCE_MATCH: fuzzy score below threshold or too close to runner-up,,,62.33766233766234
seven-dragons,Seven Dragons,LOW_CONFIDENCE_MATCH: ambiguous: multiple BGG entries share this normalized title,,,
fairytale-gloom,Fairytale Gloom,"QUALITY_GATE: shrunk=6.47, usersrated=761",172062,Fairytale Gloom,100.0
legendary-heroes-of-asgard-expansion,Legendary: Heroes of Asgard Expansion,LOW_CONFIDENCE_MATCH: fuzzy score below threshold or too close to runner-up,,,68.85245901639344
card-tricks,Card Tricks,"QUALITY_GATE: shrunk=6.44, usersrated=17",10872,Car Tricks,95.23809523809523
star-trek-fluxx-archer-expansion,Star Trek Fluxx: Archer Expansion,"LOW_CONFIDENCE_MATCH: exact match is a BGG expansion/non-base entry, out of scope -- refusing to fall back to a fuzzy match against an unrelated base game",,,100.0
murder-mystery-case-files-death-in-antarctica,Murder Mystery Case files - Death in Antarctica,"QUALITY_GATE: shrunk=6.98, usersrated=342",266266,Murder Mystery Party Case Files: Death in Antarctica,93.75
3000-scoundrels,3000 Scoundrels,"QUALITY_GATE: shrunk=6.34, usersrated=1151",367525,3000 Scoundrels,100.0
psychic-pizza-deliverers-go-to-the-ghost-town,Psychic Pizza Deliverers Go To The Ghost Town,"QUALITY_GATE: shrunk=6.68, usersrated=659",272666,Psychic Pizza Deliverers Go to the Ghost Town,100.0
queen-by-midnight,Queen By Midnight,"QUALITY_GATE: shrunk=6.41, usersrated=342",386198,Queen by Midnight,100.0
dogfight-board-game,Dogfight! Board Game,LOW_CONFIDENCE_MATCH: ambiguous: multiple BGG entries share this normalized title,,,
werewolves-big-box-limited-edition,Werewolves Big Box (Limited Edition),LOW_CONFIDENCE_MATCH: fuzzy score below threshold or too close to runner-up,,,73.46938775510203
search-party-chaos-at-the-park,Search Party: Chaos at the Park,"QUALITY_GATE: shrunk=6.28, usersrated=82",397613,Search Party: Chaos at the Park,100.0
unreliable-wizard-and-the-unstable-spirit-towers,Unreliable Wizard and the Unstable Spirit Towers,"LOW_CONFIDENCE_MATCH: exact match is a BGG expansion/non-base entry, out of scope -- refusing to fall back to a fuzzy match against an unrelated base game",,,100.0
ice-cool-wizards,Ice Cool Wizards,LOW_CONFIDENCE_MATCH: fuzzy score below threshold or too close to runner-up,,,80.0
papayoo,Papayoo,"QUALITY_GATE: shrunk=6.12, usersrated=945",73365,Papayoo,100.0
mystery-of-the-abbey-2024,Mystery Of The Abbey 2024,LOW_CONFIDENCE_MATCH: fuzzy score below threshold or too close to runner-up,,,86.48648648648648
flippers,Flippers,"QUALITY_GATE: shrunk=6.62, usersrated=39",440573,Flippers,100.0
chaos-critters-fancy-plants-expansions-vicious-gardens,Chaos Critters & Fancy Plants Expansions: Vicious Gardens,LOW_CONFIDENCE_MATCH: fuzzy score below threshold or too close to runner-up,,,56.56565656565656
nova-era,Nova Era,"QUALITY_GATE: shrunk=6.79, usersrated=713",429114,Nova Era,100.0
onoda,Onoda,"QUALITY_GATE: shrunk=6.83, usersrated=335",426355,Onoda,100.0
ham-helsing,Ham Helsing,"QUALITY_GATE: shrunk=6.92, usersrated=169",439662,Ham Helsing,100.0
koinobori-2,Koinobori,"QUALITY_GATE: shrunk=6.83, usersrated=236",401784,Koinobori,100.0
monumental-classic,Monumental: Classic,LOW_CONFIDENCE_MATCH: fuzzy score below threshold or too close to runner-up,,,71.42857142857143
codenames-sci-fi-expansion,Codenames: Sci-Fi Expansion,LOW_CONFIDENCE_MATCH: fuzzy score below threshold or too close to runner-up,,,68.18181818181819
greylune,Greylune,"QUALITY_GATE: shrunk=6.99, usersrated=48",459401,Greylune,100.0
mage-knight-emergence-the-portal-to-power,Mage Knight: Emergence - The Portal to Power,"QUALITY_GATE: shrunk=6.53, usersrated=6",466042,Mage Knight: Emergence – The Portal to Power,100.0
nexus-ops-board-game-third-edition,Nexus Ops Board Game: Third Edition,LOW_CONFIDENCE_MATCH: fuzzy score below threshold or too close to runner-up,,,74.4186046511628
harlem-unbound-2nd-ed-call-of-cthulhu,Call Of Cthulhu: Harlem Unbound - 2nd Edition,LOW_CONFIDENCE_MATCH: fuzzy score below threshold or too close to runner-up,,,66.66666666666667
cards-against-humanity-everything-box-2,Cards Against Humanity Everything Box,"LOW_CONFIDENCE_MATCH: exact match is a BGG expansion/non-base entry, out of scope -- refusing to fall back to a fuzzy match against an unrelated base game",,,100.0
power-rangers-heroes-of-the-grid-allies-pack-4,Power Rangers: Heroes of the Grid: Allies Pack #4,"LOW_CONFIDENCE_MATCH: exact match is a BGG expansion/non-base entry, out of scope -- refusing to fall back to a fuzzy match against an unrelated base game",,,100.0
nanatoridori,Nanatoridori,"QUALITY_GATE: shrunk=6.76, usersrated=1030",387388,Nanatoridori,100.0
chess-magnetic-travel-game,Chess Magnetic Travel Game,LOW_CONFIDENCE_MATCH: fuzzy score below threshold or too close to runner-up,,,80.0
neuroshima-hex-uranopolis-3-0,Neuroshima Hex: Uranopolis (3.0),LOW_CONFIDENCE_MATCH: fuzzy score below threshold or too close to runner-up,,,65.11627906976744
demand-pack-1-hostage-negotiator-exp,Demand Pack #1: Hostage Negotiator Exp.,LOW_CONFIDENCE_MATCH: fuzzy score below threshold or too close to runner-up,,,70.76923076923076
old-macdonald-lotto,Old Macdonald Lotto,LOW_CONFIDENCE_MATCH: fuzzy score below threshold or too close to runner-up,,,81.25
christmas-monopoly,Monopoly: Christmas,"QUALITY_GATE: shrunk=6.30, usersrated=13",66865,Christmas-opoly,90.9090909090909
tractors-top-trumps-specials,Tractors - Top Trumps Specials,LOW_CONFIDENCE_MATCH: fuzzy score below threshold or too close to runner-up,,,61.224489795918366
official-emoji-game,Official Emoji Game,LOW_CONFIDENCE_MATCH: fuzzy score below threshold or too close to runner-up,,,73.17073170731707
cairn,Cairn,"QUALITY_GATE: shrunk=7.01, usersrated=1310",275916,Cairn,100.0
town-builder-coevorden,Town Builder: Coevorden,"QUALITY_GATE: shrunk=6.93, usersrated=737",255633,Town Builder: Coevorden,100.0
total-action-football-five-a-side,Total Action Football - Five A Side,"QUALITY_GATE: shrunk=6.53, usersrated=2",454037,Total Action Football 5-A-Side,100.0
fart,Fart,"QUALITY_GATE: shrunk=5.34, usersrated=68",20647,Fart!,100.0
neuroshima-hex-3-0-board-game-iron-gang-expansion,Neuroshima Hex 3.0 Board Game: Iron Gang Expansion,LOW_CONFIDENCE_MATCH: fuzzy score below threshold or too close to runner-up,,,56.14035087719298
dobble-paw-patrol,Dobble Paw Patrol,LOW_CONFIDENCE_MATCH: fuzzy score below threshold or too close to runner-up,,,68.96551724137932
a-song-of-ice-and-fire-targaryen-faction-pack-expansion,A Song Of Ice and Fire: Targaryen Faction Pack Expansion,LOW_CONFIDENCE_MATCH: fuzzy score below threshold or too close to runner-up,,,60.60606060606061
halden-the-unhinged-the-red-dragon-inn,The Red Dragon Inn: Allies - Halden the Unhinged,"LOW_CONFIDENCE_MATCH: exact match is a BGG expansion/non-base entry, out of scope -- refusing to fall back to a fuzzy match against an unrelated base game",,,100.0
murder-mystery-case-files-mile-high-murder,Murder Mystery Case Files - Mile High Murder,"QUALITY_GATE: shrunk=6.16, usersrated=29",355438,Murder Mystery Party Case Files: Mile High Murder,93.33333333333333
psycho-killer-crimetime-expansion,Psycho Killer Crimetime Expansion,LOW_CONFIDENCE_MATCH: fuzzy score below threshold or too close to runner-up,,,63.33333333333333
temple-trap,Temple Trap,LOW_CONFIDENCE_MATCH: fuzzy score below threshold or too close to runner-up,,,77.77777777777779
wise-guys,Wise Guys,LOW_CONFIDENCE_MATCH: ambiguous: multiple BGG entries share this normalized title,,,
marvel-guess-who,Marvel Guess Who,LOW_CONFIDENCE_MATCH: fuzzy score below threshold or too close to runner-up,,,73.33333333333334
psycho-killer-z-expansion-2,Psycho Killer Z Expansion,LOW_CONFIDENCE_MATCH: fuzzy score below threshold or too close to runner-up,,,68.42105263157895
bridgerton,Bridgerton,"QUALITY_GATE: shrunk=6.11, usersrated=43",394286,Bridgerton: The High Society Game,95.0
transformers-deck-building-game-war-on-cybertron-expansion,Transformers Deck-Building Game: War on Cybertron Expansion,"QUALITY_GATE: shrunk=7.06, usersrated=65",379773,Transformers Deck-Building Game: War on Cybertron,90.56603773584906
match-me-if-you-can,Match Me If You Can,LOW_CONFIDENCE_MATCH: ambiguous: multiple BGG entries share this normalized title,,,
on-tour-usa-europe,On Tour USA & Europe,LOW_CONFIDENCE_MATCH: fuzzy score below threshold or too close to runner-up,,,68.42105263157895
senjutsu-when-two-worlds-collide,Senjutsu - When Two Worlds Collide,LOW_CONFIDENCE_MATCH: fuzzy score below threshold or too close to runner-up,,,69.23076923076923
boggle-vintage-bookshelf-uk-edition,Boggle Vintage Bookshelf UK Edition,LOW_CONFIDENCE_MATCH: fuzzy score below threshold or too close to runner-up,,,61.29032258064516
chromino-small-box,Chromino (small box),LOW_CONFIDENCE_MATCH: fuzzy score below threshold or too close to runner-up,,,64.70588235294117
tiny-epic-gthulhu-game-mat-retail-packed,Tiny Epic Gthulhu Game Mat - Retail Packed,LOW_CONFIDENCE_MATCH: fuzzy score below threshold or too close to runner-up,,,58.46153846153845
red-dragon-inn-card-game-allies-melvyn-vs-marah-expansion,Red Dragon Inn Card Game: Allies: Melvyn vs Marah Expansion,LOW_CONFIDENCE_MATCH: fuzzy score below threshold or too close to runner-up,,,58.82352941176471
racing-line-expansion-track-texas,Racing Line Expansion Track - Texas,LOW_CONFIDENCE_MATCH: fuzzy score below threshold or too close to runner-up,,,64.40677966101696
keyforge-discovery-archon-decks,KeyForge: Discovery Archon Deck,LOW_CONFIDENCE_MATCH: fuzzy score below threshold or too close to runner-up,,,75.0
charcuterie,Charcuterie,"QUALITY_GATE: shrunk=6.58, usersrated=658",360058,Charcuterie: The Board Game,100.0
little-secret,Little Secret,"QUALITY_GATE: shrunk=6.44, usersrated=269",367367,Little Secret,100.0
postcards,Postcards,"QUALITY_GATE: shrunk=6.73, usersrated=479",429423,Postcards,100.0
psycho-killer-occult-classic-expansion,Psycho Killer Occult Classic Expansion,LOW_CONFIDENCE_MATCH: fuzzy score below threshold or too close to runner-up,,,58.46153846153845
human-punishment-project-hell-gate,Human Punishment: Project - Hell Gate,LOW_CONFIDENCE_MATCH: fuzzy score below threshold or too close to runner-up,,,60.0
stack-o-cats-standard-game,Stack O' Cats Standard Game,LOW_CONFIDENCE_MATCH: fuzzy score below threshold or too close to runner-up,,,66.66666666666667
on-the-underground-london-berlin,On The Underground: London / Berlin,"QUALITY_GATE: shrunk=7.16, usersrated=1496",281152,On the Underground: London / Berlin,100.0
chutes-and-ladders-vintage-bookshelf-edition,Chutes and Ladders Vintage Bookshelf Edition,LOW_CONFIDENCE_MATCH: fuzzy score below threshold or too close to runner-up,,,61.53846153846154
coffee-rush-winter,Coffee Rush Winter,"QUALITY_GATE: shrunk=6.66, usersrated=22",462564,Coffee Rush: Winter,100.0
codenames-xxl-2,Codenames XXL,LOW_CONFIDENCE_MATCH: fuzzy score below threshold or too close to runner-up,,,81.81818181818181
murder-of-crows-2nd-edition,Murder Of Crows 2nd Edition,LOW_CONFIDENCE_MATCH: ambiguous: multiple BGG entries share this normalized title,,,
hedbanz-family,Hedbanz Family,LOW_CONFIDENCE_MATCH: fuzzy score below threshold or too close to runner-up,,,75.86206896551724
beat-that-household-objects-expansion,Beat That! Household Objects Expansion,"LOW_CONFIDENCE_MATCH: exact match is a BGG expansion/non-base entry, out of scope -- refusing to fall back to a fuzzy match against an unrelated base game",,,100.0
piggy-piggy,Piggy Piggy,"QUALITY_GATE: shrunk=6.57, usersrated=264",416850,Piggy Piggy,100.0
shallow-sea-nesting-season-expansion,Shallow Sea Nesting Season Expansion,LOW_CONFIDENCE_MATCH: fuzzy score below threshold or too close to runner-up,,,61.29032258064516
crazy-chefs-game,Crazy Chefs Game,LOW_CONFIDENCE_MATCH: fuzzy score below threshold or too close to runner-up,,,82.35294117647058
iknow-original,Iknow Original,LOW_CONFIDENCE_MATCH: fuzzy score below threshold or too close to runner-up,,,75.0
wonders-of-the-world-top-trumps-classics,Wonders of the World - Top Trumps Classics,LOW_CONFIDENCE_MATCH: fuzzy score below threshold or too close to runner-up,,,64.51612903225806
sprint,Sprint,LOW_CONFIDENCE_MATCH: ambiguous: multiple BGG entries share this normalized title,,,
warfighter-wwii-bastogne-expansion,Warfighter WWII: Bastogne Expansion,LOW_CONFIDENCE_MATCH: fuzzy score below threshold or too close to runner-up,,,71.875
emberleaf-trophies-and-bonuses-expansion,Emberleaf: Trophies and Bonuses Expansion,LOW_CONFIDENCE_MATCH: fuzzy score below threshold or too close to runner-up,,,58.46153846153845
gloom-card-game-2nd-edition-unhappy-homes-expansion,Gloom! Card Game 2nd Edition: Unhappy Homes Expansion,LOW_CONFIDENCE_MATCH: fuzzy score below threshold or too close to runner-up,,,67.9245283018868
tfl-race-the-rails,TFL: Race the Rails!,LOW_CONFIDENCE_MATCH: fuzzy score below threshold or too close to runner-up,,,83.33333333333334
between-two-castles-of-mad-king-ludwig-secrets-soirees-expansion,Between Two Castles of Mad King Ludwig: Secrets & Soirees Expansion,"LOW_CONFIDENCE_MATCH: exact match is a BGG expansion/non-base entry, out of scope -- refusing to fall back to a fuzzy match against an unrelated base game",,,100.0
dreadful-circus,Dreadful Circus,"QUALITY_GATE: shrunk=6.49, usersrated=801",329714,Dreadful Circus,100.0
star-trek-fluxx-porthos-expansion,Star Trek Fluxx: Porthos Expansion,"LOW_CONFIDENCE_MATCH: exact match is a BGG expansion/non-base entry, out of scope -- refusing to fall back to a fuzzy match against an unrelated base game",,,100.0
smart-games-iq-mini-assorted-one-supplied,Smart Games IQ Mini - Assorted (One Supplied),LOW_CONFIDENCE_MATCH: fuzzy score below threshold or too close to runner-up,,,60.24096385542168
heroquest-frozen-horror-expansion,Heroquest Frozen Horror Expansion,LOW_CONFIDENCE_MATCH: fuzzy score below threshold or too close to runner-up,,,59.64912280701755
wheels-vs-doors,Wheels Vs Doors,"QUALITY_GATE: shrunk=6.21, usersrated=151",367619,Wheels vs Doors,100.0
munchkin-druids,Munchkin Druids,"LOW_CONFIDENCE_MATCH: exact match is a BGG expansion/non-base entry, out of scope -- refusing to fall back to a fuzzy match against an unrelated base game",,,100.0
specialists-expansion-circadians-first-light,Specialists Expansion: Circadians First Light,LOW_CONFIDENCE_MATCH: fuzzy score below threshold or too close to runner-up,,,66.66666666666667
robo-rally-chaos-carnage-expansion,Robo Rally: Chaos & Carnage Expansion,LOW_CONFIDENCE_MATCH: fuzzy score below threshold or too close to runner-up,,,59.01639344262295
route-east,Route East,"QUALITY_GATE: shrunk=6.31, usersrated=67",349071,Route East,100.0
nekojima-torii-pack,Nekojima: Torii Pack,"LOW_CONFIDENCE_MATCH: exact match is a BGG expansion/non-base entry, out of scope -- refusing to fall back to a fuzzy match against an unrelated base game",,,100.0
path-of-civilization,Path of Civilization,"QUALITY_GATE: shrunk=7.18, usersrated=2281",385680,Path of Civilization,100.0
one-percent-the-card-game,One Percent: The Card Game,LOW_CONFIDENCE_MATCH: fuzzy score below threshold or too close to runner-up,,,75.0
cat-opoly,Cat-Opoly,"QUALITY_GATE: shrunk=5.44, usersrated=132",9704,Cat-opoly,100.0
donut-shop-deluxe,Donut Shop (Standard Edition),"QUALITY_GATE: shrunk=6.93, usersrated=405",332170,Donut Shop,100.0
disney-chronicles-of-light-darkness-falls-game,Disney Chronicles of Light - Darkness Falls Game,LOW_CONFIDENCE_MATCH: fuzzy score below threshold or too close to runner-up,,,86.31578947368422
everbloom,Everbloom,"QUALITY_GATE: shrunk=6.87, usersrated=100",369897,Everbloom,100.0
heroes-of-timeline-board-game,Heroes of Timeline Board Game,"QUALITY_GATE: shrunk=6.82, usersrated=28",414994,Heroes of Timeline,100.0
how-to-train-your-dragon-top-trumps,How to Train Your Dragon Top Trumps,LOW_CONFIDENCE_MATCH: fuzzy score below threshold or too close to runner-up,,,73.97260273972603
root-ruins-and-rolls-ruins-expeditions-book-kickstarter,Root: Ruins and Rolls Ruins & Expeditions Book - Kickstarter,LOW_CONFIDENCE_MATCH: fuzzy score below threshold or too close to runner-up,,,64.64646464646464
pathfinder-npc-core-pawn-box-p2,Pathfinder NPC Core Pawn Box (P2),LOW_CONFIDENCE_MATCH: fuzzy score below threshold or too close to runner-up,,,74.50980392156863
locus,Locus,LOW_CONFIDENCE_MATCH: ambiguous: multiple BGG entries share this normalized title,,,
lucky-ducks,Lucky Ducks,LOW_CONFIDENCE_MATCH: ambiguous: multiple BGG entries share this normalized title,,,
racing-line-expansion-track-italia,Racing Line Expansion Track - Italia,LOW_CONFIDENCE_MATCH: fuzzy score below threshold or too close to runner-up,,,63.1578947368421
stranger-things-top-trumps-tin,Stranger Things Top Trumps Tin,LOW_CONFIDENCE_MATCH: fuzzy score below threshold or too close to runner-up,,,66.66666666666667
iron-maiden-monopoly,Iron Maiden Monopoly,"QUALITY_GATE: shrunk=6.38, usersrated=10",435822,Monopoly: Iron Maiden,100.0
moogle-bounty-mayhem,Moogle Bounty Mayhem,LOW_CONFIDENCE_MATCH: fuzzy score below threshold or too close to runner-up,,,74.07407407407408
final-girl-guest-stars-miniatures,Final Girl: Guest Stars Miniatures,LOW_CONFIDENCE_MATCH: fuzzy score below threshold or too close to runner-up,,,69.84126984126983
philharmonix-board-game,Philharmonix Board Game,"QUALITY_GATE: shrunk=7.05, usersrated=180",385436,Philharmonix,100.0
cryptic-killers-murder-of-a-millionaire,Cryptic Killers - Murder of a Millionaire,LOW_CONFIDENCE_MATCH: fuzzy score below threshold or too close to runner-up,,,72.41379310344827
everdell-essential-edition-upgrade-pack,Everdell Essential Edition Upgrade Pack,LOW_CONFIDENCE_MATCH: fuzzy score below threshold or too close to runner-up,,,70.76923076923076
backstories-the-emerald-wedding-anniversary,Backstories: The Emerald Wedding Anniversary,"QUALITY_GATE: shrunk=7.04, usersrated=160",425610,Backstories: The Emerald Wedding Anniversary,100.0
magenta-figment,Magenta: Figment,LOW_CONFIDENCE_MATCH: fuzzy score below threshold or too close to runner-up,,,64.51612903225806
squirrel-away-board-game,Squirrel Away Board Game,LOW_CONFIDENCE_MATCH: ambiguous: multiple BGG entries share this normalized title,,,
ego,EGO,LOW_CONFIDENCE_MATCH: ambiguous: multiple BGG entries share this normalized title,,,
bang-card-game-the-duel-the-renegades-expansion,Bang! Card Game: The Duel: The Renegades Expansion,LOW_CONFIDENCE_MATCH: fuzzy score below threshold or too close to runner-up,,,65.71428571428571
kobayakawa,Kobayakawa,"QUALITY_GATE: shrunk=6.35, usersrated=2393",142325,Kobayakawa,100.0
tomb-raider-the-crypt-of-chronos-legendary-bosses-expansion,Tomb Raider: The Crypt of Chronos - Legendary Bosses Expansion,LOW_CONFIDENCE_MATCH: fuzzy score below threshold or too close to runner-up,,,67.46987951807229
fetching-feathers,Fetching Feathers,LOW_CONFIDENCE_MATCH: fuzzy score below threshold or too close to runner-up,,,77.41935483870968
the-isle-of-cats-expansion-boat-pack,The Isle of Cats Expansion Boat Pack,LOW_CONFIDENCE_MATCH: fuzzy score below threshold or too close to runner-up,,,70.58823529411764
cheating-bumblebee-schummel-hummel,Cheating Bumblebee (Schummel Hummel),LOW_CONFIDENCE_MATCH: fuzzy score below threshold or too close to runner-up,,,61.224489795918366
build-a-beetle-mini-game,Build A Beetle Mini Game,LOW_CONFIDENCE_MATCH: fuzzy score below threshold or too close to runner-up,,,66.66666666666667
trolls-2-world-tour-4-in-a-box,Trolls 2 World Tour 4 In A Box,LOW_CONFIDENCE_MATCH: fuzzy score below threshold or too close to runner-up,,,75.55555555555556
warfighter-wwii-tarawa-warfighter-pacific-expansion,Warfighter WWII: Tarawa: Warfighter Pacific Expansion,LOW_CONFIDENCE_MATCH: fuzzy score below threshold or too close to runner-up,,,61.728395061728406
transformers-deck-building-game,Transformers Deck-Building Game,"QUALITY_GATE: shrunk=6.83, usersrated=672",337961,Transformers Deck-Building Game,100.0
decktective-the-will-without-an-heir,Decktective: The Will Without an Heir,"QUALITY_GATE: shrunk=6.71, usersrated=257",343386,Decktective: The Will without an Heir,100.0
polders-flip-write,Polders: Flip & Write,"QUALITY_GATE: shrunk=6.39, usersrated=71",339052,Polders: Flip & Write,100.0
small-samurai-empires-rise-of-tokugawa-expansion,Small Samurai Empires: Rise Of Tokugawa Expansion,LOW_CONFIDENCE_MATCH: fuzzy score below threshold or too close to runner-up,,,60.86956521739131
fateforge-chronicles-of-kaan-kin-of-the-wild-expansion,Fateforge: Chronicles of Kaan - Kin of the Wild Expansion,LOW_CONFIDENCE_MATCH: fuzzy score below threshold or too close to runner-up,,,71.7948717948718
dirt-dust,Dirt & Dust,"QUALITY_GATE: shrunk=6.78, usersrated=336",432715,Dirt & Dust,100.0
crocodile-snap-mini-game,Crocodile Snap Mini Game,LOW_CONFIDENCE_MATCH: fuzzy score below threshold or too close to runner-up,,,73.6842105263158
alpha-chase,Alpha Chase,LOW_CONFIDENCE_MATCH: fuzzy score below threshold or too close to runner-up,,,85.71428571428572
monopoly-sailor-moon,Monopoly: Sailor Moon,"QUALITY_GATE: shrunk=6.43, usersrated=49",265210,Monopoly: Sailor Moon,100.0
kingswood,Kingswood,LOW_CONFIDENCE_MATCH: ambiguous: multiple BGG entries share this normalized title,,,
bill-teds-riff-in-time-rufus-remix-expansion,Bill & Ted's Riff in Time: Rufus' Remix Expansion,LOW_CONFIDENCE_MATCH: fuzzy score below threshold or too close to runner-up,,,71.05263157894737
tiny-epic-dungeons-adventures-the-phantom-voyage-expansion,Tiny Epic Dungeons Adventures: The Phantom Voyage Expansion,LOW_CONFIDENCE_MATCH: fuzzy score below threshold or too close to runner-up,,,69.87951807228916
echoes-game-the-dancer,Echoes Game: The Dancer,LOW_CONFIDENCE_MATCH: fuzzy score below threshold or too close to runner-up,,,83.87096774193549
sticky-cthulhu,Sticky Cthulhu,"QUALITY_GATE: shrunk=6.39, usersrated=227",335131,Sticky Cthulhu,100.0
clinic-deluxe-edition-extension-5,Clinic: Deluxe Edition Extension 5,LOW_CONFIDENCE_MATCH: fuzzy score below threshold or too close to runner-up,,,68.75
city-of-the-great-machine-stand-in-heroes,City of the Great Machine: Stand-In Heroes,"LOW_CONFIDENCE_MATCH: exact match is a BGG expansion/non-base entry, out of scope -- refusing to fall back to a fuzzy match against an unrelated base game",,,100.0
evolution-new-world,Evolution: New World,"QUALITY_GATE: shrunk=6.82, usersrated=503",344992,Evolution: New World,100.0
tiny-epic-crimes-kingpins-expansion,Tiny Epic Crimes Kingpins Expansion,LOW_CONFIDENCE_MATCH: fuzzy score below threshold or too close to runner-up,,,62.745098039215684
disney-labyrinth-100th-anniversary,Disney Labyrinth 100th Anniversary,LOW_CONFIDENCE_MATCH: fuzzy score below threshold or too close to runner-up,,,72.41379310344827
everdell-big-ol-box-of-storage,Everdell Big Ol Box of Storage,LOW_CONFIDENCE_MATCH: fuzzy score below threshold or too close to runner-up,,,59.57446808510638
kobito,Kobito,"QUALITY_GATE: shrunk=6.47, usersrated=50",341425,Kobito,100.0
shoot-the-moon,Shoot The Moon,LOW_CONFIDENCE_MATCH: ambiguous: multiple BGG entries share this normalized title,,,
draft-write-records-all-stars-expansion,Draft & Write Records - All Stars Expansion,LOW_CONFIDENCE_MATCH: fuzzy score below threshold or too close to runner-up,,,69.6969696969697
chess-vintage-bookshelf-uk-edition,Chess Vintage Bookshelf UK Edition,LOW_CONFIDENCE_MATCH: fuzzy score below threshold or too close to runner-up,,,63.49206349206349
quartz-the-dice-game,Quartz: The Dice Game,"QUALITY_GATE: shrunk=6.31, usersrated=209",357989,Quartz: The Dice Game,100.0
do-you-really-know-your-family,Do You Really Know Your Family?,"QUALITY_GATE: shrunk=6.00, usersrated=62",388328,Do You Really Know Your Family,100.0
on-the-underground-board-game-london-and-berlin-underground-challenge-solo-expansion,On The Underground Board Game: London And Berlin: Underground Challenge Solo Expansion,LOW_CONFIDENCE_MATCH: fuzzy score below threshold or too close to runner-up,,,62.745098039215684
catan-traders-barbarians-5-6-player-expansion-6th-edition,CATAN Traders & Barbarians: 5-6 Player Expansion (6th Edition),"LOW_CONFIDENCE_MATCH: exact match is a BGG expansion/non-base entry, out of scope -- refusing to fall back to a fuzzy match against an unrelated base game",,,100.0
one-piece-luffys-bento-panic,One Piece: Luffy's Bento Panic,"QUALITY_GATE: shrunk=6.64, usersrated=95",420855,One Piece: Luffy's Bento Panic,100.0
mastermind-classic,Mastermind Classic,LOW_CONFIDENCE_MATCH: fuzzy score below threshold or too close to runner-up,,,71.42857142857143
northwind-tales-sword-sorcery,Northwind Tales: Sword & Sorcery,LOW_CONFIDENCE_MATCH: fuzzy score below threshold or too close to runner-up,,,73.84615384615385
fathom-retail-edition,Fathom Retail Edition,"QUALITY_GATE: shrunk=6.72, usersrated=79",379039,Fathom,100.0
50-must-see-musicals-bucket-list-1000-piece-puzzle-box,50 Must-See Musicals Bucket List 1000-Piece Puzzle Box,LOW_CONFIDENCE_MATCH: fuzzy score below threshold or too close to runner-up,,,50.0
final-girl-series-3-fated-victim-miniatures,Final Girl: Series 3 Fated Victim Miniatures,LOW_CONFIDENCE_MATCH: fuzzy score below threshold or too close to runner-up,,,61.33333333333333
vegas-strip-board-game,Vegas Strip Board Game,"QUALITY_GATE: shrunk=6.62, usersrated=428",428638,Vegas Strip,100.0
thats-totally-you,That's Totally You,"QUALITY_GATE: shrunk=6.41, usersrated=21",452397,That's Totally You,100.0
one-two-many-rabbits,One Two Many Rabbits,"QUALITY_GATE: shrunk=6.52, usersrated=86",366357,One Two Many Rabbits,100.0
saw-the-jigsaw-trials-standard-edition,SAW: The Jigsaw Trials Standard Edition,"QUALITY_GATE: shrunk=6.54, usersrated=90",402871,SAW: The Jigsaw Trials,100.0
canopy-evergreen,Canopy: Evergreen,"QUALITY_GATE: shrunk=7.14, usersrated=491",391886,Canopy: Evergreen,100.0
ringer,Ringer,"QUALITY_GATE: shrunk=6.26, usersrated=105",447793,Ringer,100.0
spirit-fire,Spirit Fire,"QUALITY_GATE: shrunk=6.45, usersrated=20",351964,Spirit Fire,100.0
prey-card-game,Prey Card Game,"QUALITY_GATE: shrunk=6.68, usersrated=587",415092,Prey,100.0
adventure-calendar-2026-cthulhu,Adventure Calendar 2026: Cthulhu,LOW_CONFIDENCE_MATCH: fuzzy score below threshold or too close to runner-up,,,68.96551724137932
combo,Combo,LOW_CONFIDENCE_MATCH: ambiguous: multiple BGG entries share this normalized title,,,
fighters-of-europe,Fighters of Europe,"QUALITY_GATE: shrunk=6.95, usersrated=54",379995,Fighters of Europe,100.0
go-fish-2,Go Fish,LOW_CONFIDENCE_MATCH: ambiguous: multiple BGG entries share this normalized title,,,
scrabble-retro-edition-tin,Scrabble Retro Edition Tin,LOW_CONFIDENCE_MATCH: fuzzy score below threshold or too close to runner-up,,,76.59574468085107
final-girl-series-3-vehicle-pack-3,Final Girl: Series 3 Vehicle Pack 3,LOW_CONFIDENCE_MATCH: fuzzy score below threshold or too close to runner-up,,,55.55555555555556
the-great-commission,The Great Commission,LOW_CONFIDENCE_MATCH: ambiguous: multiple BGG entries share this title as a prefix,,,80.0
scritch-scratch-call-of-cthulhu-rpg,Scritch Scratch: Call of Cthulhu RPG,LOW_CONFIDENCE_MATCH: fuzzy score below threshold or too close to runner-up,,,69.84126984126983
yu-gi-oh-elemental-hero-9-pocket-duelist-portfolio,Yu-Gi-Oh! - Elemental Hero 9-Pocket Duelist Portfolio,LOW_CONFIDENCE_MATCH: fuzzy score below threshold or too close to runner-up,,,51.21951219512195
tag-team-arthur-s-legacy,Tag Team: Arthur's Legacy,"QUALITY_GATE: shrunk=6.79, usersrated=28",460556,Tag Team: Arthur's Legacy,100.0
courtisans-diplomats-and-confidants,Courtisans: Diplomats and Confidants,LOW_CONFIDENCE_MATCH: fuzzy score below threshold or too close to runner-up,,,63.1578947368421
outsmarted-ultimate,Outsmarted - Ultimate,LOW_CONFIDENCE_MATCH: fuzzy score below threshold or too close to runner-up,,,78.78787878787878
corvids,Corvids,"QUALITY_GATE: shrunk=6.82, usersrated=157",400629,Corvids,100.0
masters-of-crime-vendetta,Masters of Crime: Vendetta,"QUALITY_GATE: shrunk=7.12, usersrated=173",336791,Masters of Crime: Vendetta,100.0
dungeons-and-dragons-rpg-wandering-monster-dungeon-deck,Dungeons & Dragons RPG: Wandering Monster: Dungeon Deck,LOW_CONFIDENCE_MATCH: fuzzy score below threshold or too close to runner-up,,,71.02803738317758
crits-tricks,Crits & Tricks,"QUALITY_GATE: shrunk=7.13, usersrated=212",436907,Crits & Tricks,100.0
fog-of-love-male-couple-cover,Fog of Love (Male Couple Cover),LOW_CONFIDENCE_MATCH: fuzzy score below threshold or too close to runner-up,,,59.25925925925925
munchkin-tails,Munchkin Tails,"QUALITY_GATE: shrunk=6.54, usersrated=37",302244,Munchkin Tails,100.0
brainbox-the-world-refresh-2022,BrainBox The World (Refresh 2022),LOW_CONFIDENCE_MATCH: fuzzy score below threshold or too close to runner-up,,,81.63265306122449
top-trumps-specials-disney-princess-top-trumps-specials,Top Trumps Specials: Disney Princess Top Trumps Specials,LOW_CONFIDENCE_MATCH: fuzzy score below threshold or too close to runner-up,,,57.49999999999999
illiterati-kickstarter-deluxe-edition,Illiterati - Kickstarter Deluxe Edition,LOW_CONFIDENCE_MATCH: fuzzy score below threshold or too close to runner-up,,,68.0
guess-who-refresh,Guess Who Refresh,LOW_CONFIDENCE_MATCH: fuzzy score below threshold or too close to runner-up,,,70.96774193548387
drags-2-riches-the-exclusive-edition,Drags 2 Riches - The Exclusive Edition,LOW_CONFIDENCE_MATCH: fuzzy score below threshold or too close to runner-up,,,70.76923076923076
high-frontier-4-module-3-conflict,High Frontier 4: Module 3 - Conflict,LOW_CONFIDENCE_MATCH: fuzzy score below threshold or too close to runner-up,,,66.66666666666667
transmissions,Transmissions,"QUALITY_GATE: shrunk=7.20, usersrated=1177",313065,Transmissions,100.0
decktective-secrets-in-the-sand,Decktective: Secrets in the Sand,"QUALITY_GATE: shrunk=6.75, usersrated=95",383139,Decktective: Secrets in the Sand,100.0
mozaik,Mozaik,"QUALITY_GATE: shrunk=6.77, usersrated=87",460015,Mozaïk,100.0
echoes-of-time,Echoes Of Time,"QUALITY_GATE: shrunk=7.16, usersrated=1327",441850,Echoes of Time,100.0
perfect-stranger,Perfect Stranger,"QUALITY_GATE: shrunk=6.56, usersrated=19",453747,Perfect Stranger,100.0
attack-titan-last-stand,Attack on Titan: The Last Stand,"QUALITY_GATE: shrunk=6.54, usersrated=931",181254,Attack on Titan: The Last Stand,100.0
american-decals,American Decals,LOW_CONFIDENCE_MATCH: fuzzy score below threshold or too close to runner-up,,,86.66666666666667
sheffield-monopoly,Monopoly: Sheffield,"QUALITY_GATE: shrunk=6.42, usersrated=6",40343,Monopoly: Sheffield,100.0
gamemasters-narrators-screen-kult-divinity-lost-rpg,"Gamemasters (Narrator's) Screen: KULT, Divinity Lost RPG",LOW_CONFIDENCE_MATCH: fuzzy score below threshold or too close to runner-up,,,53.84615384615385
railroad-ink-challenge-arcade-dice-expansion-pack,Railroad Ink Challenge Arcade Dice Expansion Pack,LOW_CONFIDENCE_MATCH: fuzzy score below threshold or too close to runner-up,,,64.44444444444444
ducks-in-tow,Ducks in Tow,"QUALITY_GATE: shrunk=6.86, usersrated=366",283641,Ducks in Tow,100.0
alcove-flip-box-death-dealer-by-frank-frazetta,Ultra PRO - Alcove Flip Box - Death Dealer by Frank Frazetta,LOW_CONFIDENCE_MATCH: fuzzy score below threshold or too close to runner-up,,,50.526315789473685
allies-keet-nitrel-red-dragon-inn,The Red Dragon Inn: Allies - Keet and Nitrel,"LOW_CONFIDENCE_MATCH: exact match is a BGG expansion/non-base entry, out of scope -- refusing to fall back to a fuzzy match against an unrelated base game",,,100.0
subastral,Subastral,"QUALITY_GATE: shrunk=7.08, usersrated=1221",333055,Subastral,100.0
scrabble-cards,Scrabble Cards,"QUALITY_GATE: shrunk=6.26, usersrated=24",143766,Scrabble Cards,100.0
paris-deluxe-big-box-including-letoile-expansion-kickstarter-edition,Paris Deluxe Big Box (Including L'Etoile Expansion) - Kickstarter Edition,LOW_CONFIDENCE_MATCH: fuzzy score below threshold or too close to runner-up,,,63.63636363636363
small-railroad-empires,Small Railroad Empires,"QUALITY_GATE: shrunk=6.57, usersrated=280",299178,Small Railroad Empires,100.0
harry-potter-catch-the-snitch-a-wizards-sport-board-game,Harry Potter: Catch the Snitch: A Wizards Sport Board Game,LOW_CONFIDENCE_MATCH: fuzzy score below threshold or too close to runner-up,,,78.125
deckscape-draculas-castle,Deckscape: Dracula's Castle,"QUALITY_GATE: shrunk=6.33, usersrated=485",343387,Deckscape: Dracula's Castle,100.0
monumental-lost-kingdoms-classic,Monumental: Lost Kingdoms Classic,LOW_CONFIDENCE_MATCH: fuzzy score below threshold or too close to runner-up,,,66.66666666666667
gooal,Gooal!,LOW_CONFIDENCE_MATCH: fuzzy score below threshold or too close to runner-up,,,88.88888888888889
im-a-little-crabby,I'm A Little Crabby,LOW_CONFIDENCE_MATCH: fuzzy score below threshold or too close to runner-up,,,68.75
pictures-x-mas-expansion,Pictures X-mas Expansion,LOW_CONFIDENCE_MATCH: fuzzy score below threshold or too close to runner-up,,,69.23076923076923
mosaic,Mosaic,LOW_CONFIDENCE_MATCH: ambiguous: multiple BGG entries share this normalized title,,,
funko-games-indiana-jones-sands-of-adventure,Funko Games: Indiana Jones - Sands Of Adventure,LOW_CONFIDENCE_MATCH: fuzzy score below threshold or too close to runner-up,,,84.21052631578947
the-shivers,The Shivers,"QUALITY_GATE: shrunk=6.63, usersrated=196",287411,The Shivers,100.0
moonrakers-starfall-micro-expansion,Moonrakers: Starfall Micro Expansion,LOW_CONFIDENCE_MATCH: fuzzy score below threshold or too close to runner-up,,,62.295081967213115
hint-pocket,HINT Pocket,"QUALITY_GATE: shrunk=6.62, usersrated=28",179864,Into the Pocket!,90.9090909090909
roll-to-the-top,Roll to the Top,"QUALITY_GATE: shrunk=6.64, usersrated=1696",240225,Roll to the Top!,100.0
runescape-kingdoms-shadow-of-elvarg-core-game,RuneScape Kingdoms: Shadow of Elvarg Core Game,"QUALITY_GATE: shrunk=7.13, usersrated=180",361503,RuneScape Kingdoms: Shadow of Elvarg,100.0
mind-up,Mind Up,"QUALITY_GATE: shrunk=6.66, usersrated=1348",377515,Mind Up!,100.0
legendary-monsters-the-witcher-path-of-destiny,Legendary Monsters - The Witcher: Path of Destiny,LOW_CONFIDENCE_MATCH: fuzzy score below threshold or too close to runner-up,,,70.76923076923076
checkers-and-backgammon-vintage-bookshelf-uk-edition,Checkers and Backgammon Vintage Bookshelf UK Edition,LOW_CONFIDENCE_MATCH: fuzzy score below threshold or too close to runner-up,,,56.41025641025641
umbrella,Umbrella,LOW_CONFIDENCE_MATCH: ambiguous: multiple BGG entries share this normalized title,,,
keystone-north-america-2nd-edition,Keystone: North America 2nd Edition,"QUALITY_GATE: shrunk=7.14, usersrated=1044",329939,Keystone: North America,100.0
heroes-of-the-shire-fire-ice-edition,Heroes of the Shire Fire & Ice Edition,LOW_CONFIDENCE_MATCH: fuzzy score below threshold or too close to runner-up,,,87.5
sparta-standard-retail-edition,Sparta Standard Retail Edition,LOW_CONFIDENCE_MATCH: fuzzy score below threshold or too close to runner-up,,,73.33333333333334
tabriz-premiere-edition,Tabriz Premiere Edition,LOW_CONFIDENCE_MATCH: fuzzy score below threshold or too close to runner-up,,,74.4186046511628
don-quixote-the-ingenious-hidalgo,Don Quixote: The Ingenious Hidalgo,"QUALITY_GATE: shrunk=6.59, usersrated=142",417317,Don Quixote: The Ingenious Hidalgo,100.0
monopoly-buy-everything,Monopoly Buy Everything,"LOW_CONFIDENCE_MATCH: exact match is a BGG expansion/non-base entry, out of scope -- refusing to fall back to a fuzzy match against an unrelated base game",,,100.0
noxious-weeds-cruel-summers-expansions-vicious-gardens,Noxious Weeds & Cruel Summers Expansions: Vicious Gardens,LOW_CONFIDENCE_MATCH: fuzzy score below threshold or too close to runner-up,,,54.54545454545454
spy-x-family-mission-for-peanuts,Spy x Family: Mission for Peanuts,"QUALITY_GATE: shrunk=6.55, usersrated=156",392694,SPY x FAMILY: Mission for Peanuts,100.0
jenga-vintage-bookshelf-edition,Jenga Vintage Bookshelf Edition,LOW_CONFIDENCE_MATCH: fuzzy score below threshold or too close to runner-up,,,75.0
sierra,Sierra,"QUALITY_GATE: shrunk=6.69, usersrated=102",423690,Sierra,100.0
majestic-marvels-an-aspens-mini-expansion,Majestic Marvels - An Aspens Mini Expansion,LOW_CONFIDENCE_MATCH: fuzzy score below threshold or too close to runner-up,,,61.29032258064516
manatee-sanctuary,Manatee Sanctuary,"QUALITY_GATE: shrunk=7.16, usersrated=194",421316,Manatee Sanctuary,100.0
vampire-the-masquerade-rivals-expandable-card-game-werewolf-fang-talon,Vampire: The Masquerade Rivals Expandable Card Game: Werewolf: Fang & Talon,LOW_CONFIDENCE_MATCH: fuzzy score below threshold or too close to runner-up,,,75.0
sagrada-panorama-expansion,Sagrada: Panorama Expansion,LOW_CONFIDENCE_MATCH: fuzzy score below threshold or too close to runner-up,,,65.11627906976744
cubitos-fowl-play,Cubitos: Fowl Play,"LOW_CONFIDENCE_MATCH: exact match is a BGG expansion/non-base entry, out of scope -- refusing to fall back to a fuzzy match against an unrelated base game",,,100.0
a-familiar-find,A Familiar Find,"QUALITY_GATE: shrunk=6.67, usersrated=51",465239,A Familiar Find,100.0
teburu-led-ring,Teburu: LED Ring,LOW_CONFIDENCE_MATCH: fuzzy score below threshold or too close to runner-up,,,69.23076923076923
valentines-day-2,Valentine's Day,LOW_CONFIDENCE_MATCH: fuzzy score below threshold or too close to runner-up,,,76.92307692307692
tarantula-tango,Tarantula tango,LOW_CONFIDENCE_MATCH: fuzzy score below threshold or too close to runner-up,,,89.65517241379311
masters-of-crime-incognito,Masters of Crime: Incognito,"QUALITY_GATE: shrunk=6.57, usersrated=59",406863,Masters of Crime: Incognito,100.0
drop-it-v2,Drop It (v2),LOW_CONFIDENCE_MATCH: fuzzy score below threshold or too close to runner-up,,,82.35294117647058
dreamescape-dreamquest-part-1,Dreamescape: Dreamquest Part 1,LOW_CONFIDENCE_MATCH: fuzzy score below threshold or too close to runner-up,,,63.33333333333333
decktective-nightmare-in-the-mirror,Decktective: Nightmare in the Mirror,"QUALITY_GATE: shrunk=6.78, usersrated=377",319899,Decktective: Nightmare in the Mirror,100.0
decktective-bloody-red-roses-01-white-ed,Decktective - Bloody-red roses (01 - White Ed.),LOW_CONFIDENCE_MATCH: fuzzy score below threshold or too close to runner-up,,,82.35294117647058
merc-pack-1-heroes-of-land-air-sea-exp,Merc Pack 1 - Heroes of Land Air & Sea Exp,LOW_CONFIDENCE_MATCH: fuzzy score below threshold or too close to runner-up,,,76.47058823529412
dotty-dinosaurs,Dotty Dinosaurs,"QUALITY_GATE: shrunk=6.31, usersrated=15",49443,Dotty Dinosaurs,100.0
pop-up-pirate,Pop Up Pirate,"QUALITY_GATE: shrunk=4.84, usersrated=732",9004,Pop-Up Pirate!,100.0
i-spy-with-my-little-eye,I Spy With My Little Eye,LOW_CONFIDENCE_MATCH: fuzzy score below threshold or too close to runner-up,,,70.0
neuroshima-hex-3-0-board-game-vegas-expansion,Neuroshima Hex 3.0 Board Game: Vegas Expansion,LOW_CONFIDENCE_MATCH: fuzzy score below threshold or too close to runner-up,,,60.37735849056604
steven-rhodes-dont-talk-to-strangers,Steven Rhodes: Don't Talk to Strangers,LOW_CONFIDENCE_MATCH: fuzzy score below threshold or too close to runner-up,,,76.66666666666666
warfighter-multi-era-soldier-action-double-deck,Warfighter Multi-Era: Soldier & Action Double Deck,LOW_CONFIDENCE_MATCH: fuzzy score below threshold or too close to runner-up,,,57.14285714285714
antiques,Antiques,"QUALITY_GATE: shrunk=6.90, usersrated=68",442617,Antiques,100.0
dc-super-heroes-united,DC Super Heroes United,"QUALITY_GATE: shrunk=7.06, usersrated=69",418762,DC Super Heroes United,100.0
munchkin-cthulhu-colour,Munchkin Cthulhu (Colour),LOW_CONFIDENCE_MATCH: fuzzy score below threshold or too close to runner-up,,,82.05128205128204
honeycombs,Honeycombs,"QUALITY_GATE: shrunk=6.27, usersrated=236",199913,Honeycombs,100.0
monopoly-builder,Monopoly Builder,"QUALITY_GATE: shrunk=5.96, usersrated=149",341308,Monopoly:  Builder,100.0
mindtrap,MindTrap,"QUALITY_GATE: shrunk=4.89, usersrated=1979",1923,MindTrap,100.0
gamegenic-life-counters-double-dials-mountain,Gamegenic - Life Counters Double Dials - Mountain,LOW_CONFIDENCE_MATCH: fuzzy score below threshold or too close to runner-up,,,58.33333333333333
last-friday-revised-edition,Last Friday Revised Edition,LOW_CONFIDENCE_MATCH: fuzzy score below threshold or too close to runner-up,,,76.0
crime-zoom-bird-of-ill-omen,Crime Zoom: Bird Of Ill Omen,"QUALITY_GATE: shrunk=6.52, usersrated=336",321305,Crime Zoom: Bird of Ill Omen,100.0
tales-from-the-loop-the-board-game,Tales from the Loop: The Board Game,"QUALITY_GATE: shrunk=6.70, usersrated=410",306676,Tales from the Loop: The Board Game,100.0
10-clues,10 Clues,"QUALITY_GATE: shrunk=6.40, usersrated=6",352413,10 Clues,100.0
niagara,Niagara,LOW_CONFIDENCE_MATCH: ambiguous: multiple BGG entries share this normalized title,,,
bios-origins-2nd-edition,Bios: Origins 2nd Edition,"LOW_CONFIDENCE_MATCH: exact match is a BGG expansion/non-base entry, out of scope -- refusing to fall back to a fuzzy match against an unrelated base game",,,100.0
imperial-settlers-empires-of-the-north-wrath-of-the-lighthouse,Imperial Settlers: Empires of the North: Wrath of the Lighthouse,"LOW_CONFIDENCE_MATCH: exact match is a BGG expansion/non-base entry, out of scope -- refusing to fall back to a fuzzy match against an unrelated base game",,,100.0
blankety-blank-2,Blankety Blank,"QUALITY_GATE: shrunk=6.42, usersrated=9",17184,Blankety Blank,100.0
canvas-reflections-deluxe,Canvas Reflections Deluxe,"LOW_CONFIDENCE_MATCH: exact match is a BGG expansion/non-base entry, out of scope -- refusing to fall back to a fuzzy match against an unrelated base game",,,100.0
tulip-bubble-2022-slim-edition,Tulip Bubble (2022 Slim Edition),LOW_CONFIDENCE_MATCH: fuzzy score below threshold or too close to runner-up,,,61.53846153846154
pax-hispanica,Pax Hispanica,"QUALITY_GATE: shrunk=7.16, usersrated=463",373701,Pax Hispanica,100.0
star-wars-force-and-destiny-rpg-keeping-the-peace,Star Wars Force and Destiny RPG: Keeping the Peace,LOW_CONFIDENCE_MATCH: fuzzy score below threshold or too close to runner-up,,,65.78947368421053
cards-against-humanity-pop-culture-bundle-expansion,Cards Against Humanity Pop Culture Bundle Expansion,LOW_CONFIDENCE_MATCH: fuzzy score below threshold or too close to runner-up,,,73.39449541284404
deckscape-tokyo-blackout,Deckscape: Tokyo Blackout,"QUALITY_GATE: shrunk=6.34, usersrated=220",382609,Deckscape: Tokyo Blackout,100.0
yorkshire-dales-monopoly,Yorkshire Dales Monopoly,LOW_CONFIDENCE_MATCH: fuzzy score below threshold or too close to runner-up,,,85.71428571428572
forests-of-pangaea-standard,Forests of Pangaea Standard,LOW_CONFIDENCE_MATCH: fuzzy score below threshold or too close to runner-up,,,75.55555555555556
adventure-party-the-role-playing-party-game,Adventure Party: The Role-Playing Party Game,"QUALITY_GATE: shrunk=6.89, usersrated=187",380106,Adventure Party: The Role-Playing Party Game,100.0
yaxha,Yaxha,"QUALITY_GATE: shrunk=6.43, usersrated=345",420061,Yaxha,100.0
similo-jurassic-world,Similo: Jurassic World,LOW_CONFIDENCE_MATCH: fuzzy score below threshold or too close to runner-up,,,82.05128205128204
gangs-of-kyoto,Gangs of Kyoto,"QUALITY_GATE: shrunk=6.48, usersrated=242",427464,Gangs of Kyoto,100.0
eldfall-chronicles-two-player-starter-set-coalition-of-thenion-vs-sand-kingdoms,Eldfall Chronicles Two-Player Starter Set: Coalition of Thenion vs Sand Kingdoms,LOW_CONFIDENCE_MATCH: fuzzy score below threshold or too close to runner-up,,,64.66165413533835
guilty-monaco-1955,Guilty: Monaco 1955,"QUALITY_GATE: shrunk=6.81, usersrated=94",415079,Guilty: Monaco 1955,100.0
curses-covens,Curses & Covens,"QUALITY_GATE: shrunk=6.82, usersrated=112",370837,Curses & Covens,100.0
magenta-fives,Magenta: Fives,LOW_CONFIDENCE_MATCH: fuzzy score below threshold or too close to runner-up,,,72.0
the-same-game,The Same Game,LOW_CONFIDENCE_MATCH: ambiguous: multiple BGG entries share this normalized title,,,
squadro-uk-ireland-only,Squadro,"QUALITY_GATE: shrunk=6.41, usersrated=575",245222,Squadro,100.0
pictionary-core-refresh-uk,Pictionary - Core Refresh UK,LOW_CONFIDENCE_MATCH: fuzzy score below threshold or too close to runner-up,,,65.3061224489796
newcastle-gateshead-monopoly,Newcastle & Gateshead Monopoly,"QUALITY_GATE: shrunk=6.39, usersrated=12",28350,Monopoly: Newcastle & Gateshead,100.0
nomads-heroes-of-land-air-sea-exp,Nomads - Heroes of Land Air & Sea Exp,LOW_CONFIDENCE_MATCH: fuzzy score below threshold or too close to runner-up,,,82.53968253968253
star-trek-space-hunt,Star Trek: Space Hunt,"QUALITY_GATE: shrunk=6.70, usersrated=18",470574,Star Trek: Space Hunt,100.0
birds-the-card-game,Birds: The Card Game,LOW_CONFIDENCE_MATCH: ambiguous: multiple BGG entries share this normalized title,,,
scope-stalingrad,SCOPE Card Game: Stalingrad,"QUALITY_GATE: shrunk=6.74, usersrated=299",309297,SCOPE Stalingrad,100.0
masters-of-crime-rapture,Masters of Crime: Rapture,"QUALITY_GATE: shrunk=6.87, usersrated=75",351332,Masters of Crime: Rapture,100.0
caesar-and-cleopatra,Caesar and Cleopatra,"QUALITY_GATE: shrunk=6.41, usersrated=4845",132,Caesar & Cleopatra,100.0
lolly-dogs,Lolly Dogs,LOW_CONFIDENCE_MATCH: fuzzy score below threshold or too close to runner-up,,,73.6842105263158
unlock-15-new-game-adventures,Unlock! 15 New Game Adventures,"QUALITY_GATE: shrunk=6.50, usersrated=0",469385,Unlock!: New Game Adventures,94.54545454545455
dreamescape-ruined-sarkomand-expansion,Dreamescape: Ruined Sarkomand Expansion,LOW_CONFIDENCE_MATCH: fuzzy score below threshold or too close to runner-up,,,62.295081967213115
say-what-you-meme-2nd-edition,Say What You Meme (2nd Edition),"QUALITY_GATE: shrunk=5.83, usersrated=41",140729,Say What You Meme,100.0
penguins-pool-party,Penguins Pool Party,LOW_CONFIDENCE_MATCH: fuzzy score below threshold or too close to runner-up,,,81.25
andor-eternal-frost,Andor - Eternal Frost,LOW_CONFIDENCE_MATCH: fuzzy score below threshold or too close to runner-up,,,77.55102040816327
cards-against-humanity-hot-box-expansion,Cards Against Humanity Hot Box Expansion,LOW_CONFIDENCE_MATCH: fuzzy score below threshold or too close to runner-up,,,76.31578947368422
tipsyland,Tipsyland,LOW_CONFIDENCE_MATCH: fuzzy score below threshold or too close to runner-up,,,80.0
celtea,Celtea,LOW_CONFIDENCE_MATCH: fuzzy score below threshold or too close to runner-up,,,83.33333333333334
the-escape-room-mystery-game-tin,The Escape Room Mystery Game Tin,"QUALITY_GATE: shrunk=6.33, usersrated=6",423943,The Escape Room Mystery Game,92.3076923076923
cryptic-killers-murder-in-market-hill,Cryptic Killers - Murder in Market Hill,LOW_CONFIDENCE_MATCH: fuzzy score below threshold or too close to runner-up,,,72.41379310344827
muster-raise-the-banners,Muster: Raise the Banners,"QUALITY_GATE: shrunk=6.83, usersrated=61",410580,Muster: Raise the Banners,100.0
great-fire-of-london-1666-3rd-edition-2017,Great Fire of London 1666 3rd Edition (2017),"QUALITY_GATE: shrunk=6.47, usersrated=1641",41569,The Great Fire of London 1666,100.0
statecraft-base-game,Statecraft (Base Game),LOW_CONFIDENCE_MATCH: fuzzy score below threshold or too close to runner-up,,,75.0
roleplaying-in-glorantha-quick-start-runequest,Roleplaying in Glorantha Quick Start: RuneQuest,LOW_CONFIDENCE_MATCH: fuzzy score below threshold or too close to runner-up,,,63.829787234042556
mensa-riddles-and-conundrums,Mensa-Riddles And Conundrums,LOW_CONFIDENCE_MATCH: fuzzy score below threshold or too close to runner-up,,,65.21739130434783
yeti-in-my-spaghetti,Yeti in my Spaghetti,"QUALITY_GATE: shrunk=5.20, usersrated=454",198961,Yeti in My Spaghetti,100.0
gloom-of-kilforth-pimp-my-gloom-expansion,Gloom of Kilforth: Pimp My Gloom Expansion,LOW_CONFIDENCE_MATCH: fuzzy score below threshold or too close to runner-up,,,64.93506493506493
railroad-ink-challenge-electricity-dice-expansion-pack,Railroad Ink Challenge Electricity Dice Expansion Pack,LOW_CONFIDENCE_MATCH: fuzzy score below threshold or too close to runner-up,,,65.26315789473685
railroad-ink-challenge-sky-dice-expansion-pack,Railroad Ink Challenge Sky Dice Expansion Pack,LOW_CONFIDENCE_MATCH: fuzzy score below threshold or too close to runner-up,,,68.13186813186813
tiny-epic-pirates-curse-of-amdiak-expansion,Tiny Epic Pirates: Curse of Amdiak Expansion,LOW_CONFIDENCE_MATCH: fuzzy score below threshold or too close to runner-up,,,63.76811594202898
whale-riders-board-game,Whale Riders Board Game,LOW_CONFIDENCE_MATCH: ambiguous: multiple BGG entries share this normalized title,,,
tiny-epic-crimes-deluxe-edition,Tiny Epic Crimes: Deluxe Edition,"QUALITY_GATE: shrunk=6.76, usersrated=63",406281,Tiny Epic Crimes: Deluxe Edition,100.0
snap-classic-card-game,Snap - Classic Card Game,LOW_CONFIDENCE_MATCH: fuzzy score below threshold or too close to runner-up,,,75.0
trapped-escape-room-game-pack-flight-937,Trapped: Escape Room Game Pack - Flight 937,LOW_CONFIDENCE_MATCH: fuzzy score below threshold or too close to runner-up,,,62.857142857142854
monopoly-animal-crossing,Monopoly Animal Crossing,"QUALITY_GATE: shrunk=5.62, usersrated=316",348250,Monopoly: Animal Crossing – New Horizons,95.0
pictures-xl-fotos-english-german,Pictures - XL Fotos (English/German),LOW_CONFIDENCE_MATCH: fuzzy score below threshold or too close to runner-up,,,61.53846153846154
mafia,Mafia,LOW_CONFIDENCE_MATCH: ambiguous: multiple BGG entries share this normalized title,,,
hula-hoo,Hula Hoo,"QUALITY_GATE: shrunk=6.56, usersrated=467",328859,Hula-Hoo!,100.0
iq-xoxo,IQ XoXo,LOW_CONFIDENCE_MATCH: fuzzy score below threshold or too close to runner-up,,,72.72727272727273
delicious,Delicious,"QUALITY_GATE: shrunk=6.75, usersrated=435",347311,Delicious,100.0
marvel-heroclix-spider-man-beyond-amazing-booster-pack,Marvel HeroClix: Spider-Man Beyond Amazing Booster Pack,LOW_CONFIDENCE_MATCH: fuzzy score below threshold or too close to runner-up,,,81.08108108108108
get-on-board-paris-and-rome,Get on Board: Paris and Rome,"QUALITY_GATE: shrunk=6.85, usersrated=676",380105,Get on Board: Paris & Roma,96.2962962962963
pax-hispanica-board-game-deluxe-edition,Pax Hispanica Board Game [Deluxe Edition],"QUALITY_GATE: shrunk=7.16, usersrated=463",373701,Pax Hispanica,100.0
task-team,Task Team,"QUALITY_GATE: shrunk=6.54, usersrated=99",393190,Task Team,100.0
poetry-for-neanderthals-pop-culture-edition,Poetry for Neanderthals Pop Culture Edition,"QUALITY_GATE: shrunk=6.45, usersrated=29",429453,Poetry for Neanderthals: Pop Culture Edition,100.0
bicycle-cinder-playing-cards,Bicycle - Cinder Playing Cards,LOW_CONFIDENCE_MATCH: fuzzy score below threshold or too close to runner-up,,,70.83333333333333
so-youve-been-cursed-standard,"So, You've Been Cursed - Standard",LOW_CONFIDENCE_MATCH: fuzzy score below threshold or too close to runner-up,,,82.35294117647058
bicycle-disney-stitch,Bicycle Disney Stitch,LOW_CONFIDENCE_MATCH: fuzzy score below threshold or too close to runner-up,,,66.66666666666667
the-crooked-crown,The Crooked Crown,"QUALITY_GATE: shrunk=6.48, usersrated=64",422179,The Crooked Crown,100.0
ludos-asia-collection-box,LUDOS Asia Collection Box,LOW_CONFIDENCE_MATCH: fuzzy score below threshold or too close to runner-up,,,68.0
overstocked,Overstocked,"QUALITY_GATE: shrunk=6.67, usersrated=194",297001,Overstocked,100.0
6-suspects-micro-game-edition,6 Suspects: Micro Game Edition,LOW_CONFIDENCE_MATCH: fuzzy score below threshold or too close to runner-up,,,67.79661016949152
world-championship-russian-roulette-board-game,World Championship Russian Roulette Board Game,"QUALITY_GATE: shrunk=6.85, usersrated=1285",179245,World Championship Russian Roulette,100.0
backgammon-3,Backgammon,"QUALITY_GATE: shrunk=6.58, usersrated=15433",2397,Backgammon,100.0
octocube,Octocube,"QUALITY_GATE: shrunk=6.62, usersrated=100",424371,Octocube,100.0
fiction-banned-books,Fiction: Banned Books,"QUALITY_GATE: shrunk=6.53, usersrated=36",453703,Fiction: Banned Books,100.0
moon-bunny,Moon Bunny,"QUALITY_GATE: shrunk=7.02, usersrated=212",377991,Moon Bunny,100.0
age-of-rome-emperor-kickstarter-edition,Age of Rome Emperor Kickstarter Edition,LOW_CONFIDENCE_MATCH: fuzzy score below threshold or too close to runner-up,,,71.64179104477613
llama-llama-card-game,Llama Llama Card Game,"QUALITY_GATE: shrunk=6.59, usersrated=244",444547,Llama Llama,100.0
great-fire-of-london-1666-2-player-expansion,Great Fire of London 1666: 2-Player Expansion,"LOW_CONFIDENCE_MATCH: exact match is a BGG expansion/non-base entry, out of scope -- refusing to fall back to a fuzzy match against an unrelated base game",,,100.0
fortune-hotel,Fortune Hotel,LOW_CONFIDENCE_MATCH: fuzzy score below threshold or too close to runner-up,,,81.4814814814815
map-masters,Map Masters,"QUALITY_GATE: shrunk=6.79, usersrated=376",443297,Map Masters,100.0
disturbed-friends-the-despicable-party-edition-uk,Disturbed Friends: The Despicable Party Edition (UK),LOW_CONFIDENCE_MATCH: fuzzy score below threshold or too close to runner-up,,,62.7906976744186
yu-gi-oh-kuriboh-kollection-game-mat,Yu-Gi-Oh! - Kuriboh Kollection Game Mat,LOW_CONFIDENCE_MATCH: fuzzy score below threshold or too close to runner-up,,,66.66666666666667
heroquest-crypt-of-perpetual-darkness,HeroQuest: Crypt Of Perpetual Darkness,"LOW_CONFIDENCE_MATCH: exact match is a BGG expansion/non-base entry, out of scope -- refusing to fall back to a fuzzy match against an unrelated base game",,,100.0
altay-seafarers,Altay: Seafarers,LOW_CONFIDENCE_MATCH: fuzzy score below threshold or too close to runner-up,,,77.41935483870968
rocking-raft,Rocking Raft,"QUALITY_GATE: shrunk=6.49, usersrated=20",466723,Rocking Raft,100.0
tap-4,Tap 4,"QUALITY_GATE: shrunk=6.50, usersrated=132",404936,Tap 4,100.0
pili-pili,Pili Pili,"QUALITY_GATE: shrunk=6.68, usersrated=716",453584,Pili Pili,100.0
karak-regent,Karak Regent,"LOW_CONFIDENCE_MATCH: exact match is a BGG expansion/non-base entry, out of scope -- refusing to fall back to a fuzzy match against an unrelated base game",,,100.0
dreamescape-plateau-of-leng-expansion,Dreamescape: Plateau of Leng Expansion,LOW_CONFIDENCE_MATCH: fuzzy score below threshold or too close to runner-up,,,63.49206349206349
dreamescape-ooth-nargai-expansion,Dreamescape: Ooth Nargai Expansion,LOW_CONFIDENCE_MATCH: fuzzy score below threshold or too close to runner-up,,,64.40677966101696
outliars,Outliars,"QUALITY_GATE: shrunk=6.50, usersrated=3",461357,Outliars,100.0
lost-lumina,Lost Lumina,"QUALITY_GATE: shrunk=6.60, usersrated=334",289957,Lost Lumina,100.0
resident-evil-2-malformations-of-g-core-game-expansion,Resident Evil 2: The Board Game- Malformations of G B-Files,"LOW_CONFIDENCE_MATCH: exact match is a BGG expansion/non-base entry, out of scope -- refusing to fall back to a fuzzy match against an unrelated base game",,,100.0
warfighter-wwii-castle-frankenstein-expansion,Warfighter WWII: Castle Frankenstein Expansion,LOW_CONFIDENCE_MATCH: fuzzy score below threshold or too close to runner-up,,,67.41573033707866
quartermaster-general-ww2-prelude,Quartermaster General: WW2 Prelude,"LOW_CONFIDENCE_MATCH: exact match is a BGG expansion/non-base entry, out of scope -- refusing to fall back to a fuzzy match against an unrelated base game",,,100.0
toil-troublez,Toil & Troublez,"QUALITY_GATE: shrunk=6.58, usersrated=216",402744,Toil & Troublez,100.0
coffee-rush-grab-go,Coffee Rush : Grab & Go,"QUALITY_GATE: shrunk=6.31, usersrated=38",452335,Coffee Rush: Grab & Go,100.0
go-ahead-punk-deluxe-version,Go Ahead Punk! Deluxe Version,LOW_CONFIDENCE_MATCH: fuzzy score below threshold or too close to runner-up,,,76.47058823529412
trouble-vintage-bookshelf-edition,Trouble Vintage Bookshelf Edition,LOW_CONFIDENCE_MATCH: fuzzy score below threshold or too close to runner-up,,,61.01694915254237
land-vs-sea-uncharted,Land vs Sea Uncharted,"LOW_CONFIDENCE_MATCH: exact match is a BGG expansion/non-base entry, out of scope -- refusing to fall back to a fuzzy match against an unrelated base game",,,100.0
exodus-paris-nouveau,Exodus Paris Nouveau,"QUALITY_GATE: shrunk=6.19, usersrated=149",253074,Exodus: Paris Nouveau,100.0
monolith-arena,Monolith Arena,"QUALITY_GATE: shrunk=7.20, usersrated=1455",238393,Monolith Arena,100.0
doh-nutters,Doh Nutters,"QUALITY_GATE: shrunk=5.93, usersrated=32",10280,Doh Nutters,100.0
spy-connection,Spy Connection,"QUALITY_GATE: shrunk=6.58, usersrated=311",300148,Spy Connection,100.0
warfighter-wwii-rlyeh-expansion,Warfighter WWII: R'lyeh Expansion,LOW_CONFIDENCE_MATCH: fuzzy score below threshold or too close to runner-up,,,64.70588235294117
warfighter-wwii-enigma-machine-expansion,Warfighter WWII: Enigma Machine Expansion,LOW_CONFIDENCE_MATCH: fuzzy score below threshold or too close to runner-up,,,65.71428571428571
marvel-remix-the-cosmos,Marvel: Remix the Cosmos,"QUALITY_GATE: shrunk=6.55, usersrated=4",459101,Marvel: Remix the Cosmos,100.0
shadow-of-the-rift-eclipse-expansion,Shadow Of The Rift: Eclipse Expansion,LOW_CONFIDENCE_MATCH: fuzzy score below threshold or too close to runner-up,,,68.96551724137932
tiger-came-to-tea-board-game,Tiger Came To Tea Board Game,LOW_CONFIDENCE_MATCH: fuzzy score below threshold or too close to runner-up,,,70.96774193548387
poo-bingo,Poo Bingo,LOW_CONFIDENCE_MATCH: fuzzy score below threshold or too close to runner-up,,,94.73684210526316
roald-dahl-1-top-trumps,Roald Dahl 1 - Top Trumps,LOW_CONFIDENCE_MATCH: fuzzy score below threshold or too close to runner-up,,,66.66666666666667
zoo-mania,Zoo Mania,"QUALITY_GATE: shrunk=6.36, usersrated=5",20387,Zoo Mania,100.0
deal-with-the-devil,Deal With The Devil,"QUALITY_GATE: shrunk=7.01, usersrated=1471",367379,Deal with the Devil,100.0
lets-get-deep-uk-edition,Let's Get Deep UK Edition,LOW_CONFIDENCE_MATCH: fuzzy score below threshold or too close to runner-up,,,68.08510638297872
triss-a-grain-of-truth-the-witcher-path-of-destiny,Triss A Grain of Truth - The Witcher: Path of Destiny,LOW_CONFIDENCE_MATCH: fuzzy score below threshold or too close to runner-up,,,71.23287671232876
trailblazers-sasquatch-expansion,Trailblazers Sasquatch Expansion,LOW_CONFIDENCE_MATCH: fuzzy score below threshold or too close to runner-up,,,63.1578947368421
carson-city-the-card-game-2,Carson City - The Card Game,"QUALITY_GATE: shrunk=6.78, usersrated=1033",248117,Carson City: The Card Game,100.0
pusheen-the-stacking-game,Pusheen The Stacking Game,"QUALITY_GATE: shrunk=6.08, usersrated=69",422690,Pusheen: The Stacking Game!,100.0
diluvium,Diluvium,"QUALITY_GATE: shrunk=6.96, usersrated=290",394451,Diluvium,100.0
back-stories-alone-under-the-ice-2,Back Stories: Alone Under the Ice,LOW_CONFIDENCE_MATCH: fuzzy score below threshold or too close to runner-up,,,83.63636363636364
the-elder-scrolls-call-to-arms-chapter-4-card-pack-rise-of-the-dragon-priests,The Elder Scrolls: Call to Arms - Chapter 4 Card Pack - Rise of the Dragon Priests,LOW_CONFIDENCE_MATCH: fuzzy score below threshold or too close to runner-up,,,59.64912280701755
warhammer-age-of-sigmar-slaves-to-darkness-spearhead-darkoath-raiders,Warhammer: Age of Sigmar - Slaves to Darkness - Spearhead - Darkoath Raiders,LOW_CONFIDENCE_MATCH: fuzzy score below threshold or too close to runner-up,,,65.625
stokerverse,Stokerverse,"QUALITY_GATE: shrunk=6.69, usersrated=20",431169,Stokerverse,100.0
battle-of-the-bulge-axis-allies,Battle of the Bulge: Axis & Allies,"QUALITY_GATE: shrunk=6.74, usersrated=880",22457,Axis & Allies: Battle of the Bulge,100.0
call-of-cthulhu-classic-1-inch-second-edition-boxed-set,Call of Cthulhu Classic: 1-Inch Second Edition Boxed Set,LOW_CONFIDENCE_MATCH: fuzzy score below threshold or too close to runner-up,,,59.523809523809526
the-big-five-dice,The Big Five - Dice,LOW_CONFIDENCE_MATCH: fuzzy score below threshold or too close to runner-up,,,80.0
mega-empires-the-special-buildings,Mega Empires: The Special Buildings,"LOW_CONFIDENCE_MATCH: exact match is a BGG expansion/non-base entry, out of scope -- refusing to fall back to a fuzzy match against an unrelated base game",,,100.0
spot-the-intro-1980s-edition,Spot The Intro 1980's Edition,LOW_CONFIDENCE_MATCH: fuzzy score below threshold or too close to runner-up,,,83.72093023255813
mori-board-game,Mori Board Game,"QUALITY_GATE: shrunk=6.64, usersrated=548",383529,Mori,100.0
iq-hexagon,IQ Hexagon,LOW_CONFIDENCE_MATCH: fuzzy score below threshold or too close to runner-up,,,84.21052631578947
sunrise-at-the-studio,Sunrise at the Studio,"QUALITY_GATE: shrunk=6.95, usersrated=144",389345,Sunrise at the Studio,100.0
aspens-mega-box-edition,Aspens - Mega Box Edition,LOW_CONFIDENCE_MATCH: fuzzy score below threshold or too close to runner-up,,,71.7948717948718
think-words-travel-game,Think Words Travel Game,LOW_CONFIDENCE_MATCH: fuzzy score below threshold or too close to runner-up,,,73.46938775510203
iq-pentagon,IQ Pentagon,LOW_CONFIDENCE_MATCH: fuzzy score below threshold or too close to runner-up,,,84.21052631578947
cat-ass-trophy,Cat Ass Trophy,LOW_CONFIDENCE_MATCH: fuzzy score below threshold or too close to runner-up,,,66.66666666666667
cozy-cat-cafe,Cozy Cat Cafe,"QUALITY_GATE: shrunk=6.75, usersrated=51",439361,Cozy Cat Cafe,100.0
vestige-map-region-module,Vestige Map Region Module,"LOW_CONFIDENCE_MATCH: exact match is a BGG expansion/non-base entry, out of scope -- refusing to fall back to a fuzzy match against an unrelated base game",,,100.0
cryptic-killers-peaky-blinders-case-file,Cryptic Killers - Peaky Blinders Case File,LOW_CONFIDENCE_MATCH: fuzzy score below threshold or too close to runner-up,,,63.63636363636363
super-auto-pets-card-battle-the-classic-pack,Super Auto Pets Card Battle: The Classic Pack,"QUALITY_GATE: shrunk=7.11, usersrated=56",450335,Super Auto Pets Card Battle: Classic Pack,100.0
karak-new-heroes,Karak New Heroes,LOW_CONFIDENCE_MATCH: fuzzy score below threshold or too close to runner-up,,,72.72727272727273
detective-charlie,Detective Charlie,"QUALITY_GATE: shrunk=6.83, usersrated=243",304450,Detective Charlie,100.0
dreamescape-the-black-galleys-expansion,Dreamescape: The Black Galleys Expansion,"LOW_CONFIDENCE_MATCH: exact match is a BGG expansion/non-base entry, out of scope -- refusing to fall back to a fuzzy match against an unrelated base game",,,100.0
bugs-top-trumps-classics,Bugs - Top Trumps Classics,LOW_CONFIDENCE_MATCH: fuzzy score below threshold or too close to runner-up,,,65.0
ten,Ten,LOW_CONFIDENCE_MATCH: ambiguous: multiple BGG entries share this normalized title,,,
side-quest-7th-sea,Side Quest: 7th Sea,"QUALITY_GATE: shrunk=6.56, usersrated=183",392372,Side Quest: 7th Sea,100.0
faiyum-privileges,Faiyum Privileges,"LOW_CONFIDENCE_MATCH: exact match is a BGG expansion/non-base entry, out of scope -- refusing to fall back to a fuzzy match against an unrelated base game",,,100.0
operation-cuckoo,Operation Cuckoo,"QUALITY_GATE: shrunk=6.46, usersrated=71",367799,Operation Cuckoo,100.0
bear-raid,Bear Raid,"QUALITY_GATE: shrunk=6.88, usersrated=888",333981,Bear Raid,100.0
eos-island-of-angels-base-games,EOS Island of Angels - Base Games,LOW_CONFIDENCE_MATCH: fuzzy score below threshold or too close to runner-up,,,78.43137254901961
red-carpet,Red Carpet,"QUALITY_GATE: shrunk=6.76, usersrated=263",429849,Red Carpet,100.0
escape-room-deluxe-edition-tin,Escape Room Deluxe Edition Tin,LOW_CONFIDENCE_MATCH: fuzzy score below threshold or too close to runner-up,,,85.71428571428572
cryptic-killers-murder-at-the-movie-theater,Cryptic Killers - Murder at the Movie Theater,LOW_CONFIDENCE_MATCH: fuzzy score below threshold or too close to runner-up,,,74.19354838709677
allies-erin-the-ever-changing-the-red-dragon-inn,The Red Dragon Inn: Allies - Erin the Ever-Changing,"LOW_CONFIDENCE_MATCH: exact match is a BGG expansion/non-base entry, out of scope -- refusing to fall back to a fuzzy match against an unrelated base game",,,100.0
disney-classics-top-trumps-specials,Disney 'Classics' - Top Trumps Specials,LOW_CONFIDENCE_MATCH: fuzzy score below threshold or too close to runner-up,,,66.66666666666667
uno-super-mario-bros,UNO Super Mario Bros,LOW_CONFIDENCE_MATCH: fuzzy score below threshold or too close to runner-up,,,88.88888888888889
street-food-lovers-puzzle-1000-piece,Street Food Lover's Puzzle (1000 Piece),LOW_CONFIDENCE_MATCH: fuzzy score below threshold or too close to runner-up,,,60.273972602739725
top-trumps-james-bond-007-quiz,Top Trumps James Bond 007 Quiz,LOW_CONFIDENCE_MATCH: fuzzy score below threshold or too close to runner-up,,,71.69811320754718
railroad-ink-challenge-underground-dice-expansion-pack,Railroad Ink Challenge Underground Dice Expansion Pack,LOW_CONFIDENCE_MATCH: fuzzy score below threshold or too close to runner-up,,,64.64646464646464
warfighter-modern-fallujah-expansion,Warfighter Modern: Fallujah Expansion,LOW_CONFIDENCE_MATCH: fuzzy score below threshold or too close to runner-up,,,62.5
super-skill-pinball-ramp-it-up,Super-Skill Pinball: Ramp It Up!,"QUALITY_GATE: shrunk=7.08, usersrated=614",328826,Super-Skill Pinball: Ramp it Up!,100.0
stronghold-undead-second-edition,Stronghold: Undead (Second Edition),"QUALITY_GATE: shrunk=6.82, usersrated=179",333144,Stronghold: Undead (Second Edition),100.0
terraforming-mars-small-box,Terraforming Mars Small Box,LOW_CONFIDENCE_MATCH: fuzzy score below threshold or too close to runner-up,,,77.27272727272727
i-saw-it-first-egypt,I Saw It First! Egypt,LOW_CONFIDENCE_MATCH: fuzzy score below threshold or too close to runner-up,,,78.04878048780488
altay-dawn-of-civilization,Altay - Dawn of Civilization,"QUALITY_GATE: shrunk=6.75, usersrated=1039",334537,Altay: Dawn of Civilization,100.0
food-for-thought,Food For Thought,LOW_CONFIDENCE_MATCH: ambiguous: multiple BGG entries share this normalized title,,,
little-dinosaurs,Little Dinosaurs,LOW_CONFIDENCE_MATCH: fuzzy score below threshold or too close to runner-up,,,84.21052631578947
wooden-games-workshop-dominoes,Wooden Games Workshop: Dominoes,LOW_CONFIDENCE_MATCH: fuzzy score below threshold or too close to runner-up,,,70.83333333333333
top-gear-the-board-game,Top Gear: The Board Game,LOW_CONFIDENCE_MATCH: ambiguous: multiple BGG entries share this normalized title,,,
smart-farmer,Smart Farmer,LOW_CONFIDENCE_MATCH: fuzzy score below threshold or too close to runner-up,,,84.61538461538461
savannah-park,Savannah Park,"QUALITY_GATE: shrunk=7.00, usersrated=2297",339484,Savannah Park,100.0
goose-on-the-loose,Goose on the Loose,LOW_CONFIDENCE_MATCH: fuzzy score below threshold or too close to runner-up,,,78.57142857142857
datacards-chaos-space-marine-2022,Datacards: Chaos Space Marine (2022),LOW_CONFIDENCE_MATCH: fuzzy score below threshold or too close to runner-up,,,70.83333333333333
the-great-split,The Great Split,"QUALITY_GATE: shrunk=6.95, usersrated=2469",366752,The Great Split,100.0
foodie-forest,Foodie Forest,"QUALITY_GATE: shrunk=6.39, usersrated=1368",3632,Foodie Forest,100.0
little-town-artisans,Little Town: Artisans,"LOW_CONFIDENCE_MATCH: exact match is a BGG expansion/non-base entry, out of scope -- refusing to fall back to a fuzzy match against an unrelated base game",,,100.0
funko-games-jurassic-world-the-legacy-of-isla-nublar,Funko Games: Jurassic World: The Legacy of Isla Nublar,LOW_CONFIDENCE_MATCH: fuzzy score below threshold or too close to runner-up,,,85.71428571428572
everdell-pearlbrook-expansion-collectors-edition,Everdell Pearlbrook Expansion Collectors Edition,LOW_CONFIDENCE_MATCH: fuzzy score below threshold or too close to runner-up,,,61.81818181818181
gussy-gorillas,Gussy Gorillas,"QUALITY_GATE: shrunk=6.39, usersrated=278",335864,Gussy Gorillas,100.0
zed-plush-key-chain,Zed Plush Key Chain,LOW_CONFIDENCE_MATCH: fuzzy score below threshold or too close to runner-up,,,62.5
railroad-ink-challenge-additional-cards-pack,Railroad Ink Challenge - Additional Cards Pack,LOW_CONFIDENCE_MATCH: fuzzy score below threshold or too close to runner-up,,,66.66666666666667
woodland-wizards,Woodland Wizards,"QUALITY_GATE: shrunk=6.11, usersrated=268",382054,Woodland Wizards,100.0
robo-rally-master-builder-expansion,Robo Rally Master Builder Expansion,LOW_CONFIDENCE_MATCH: fuzzy score below threshold or too close to runner-up,,,62.295081967213115
robo-rally-thrills-spills-expansion,Robo Rally Thrills & Spills Expansion,LOW_CONFIDENCE_MATCH: fuzzy score below threshold or too close to runner-up,,,67.64705882352942
munchkin-rats,Munchkin Rats,"LOW_CONFIDENCE_MATCH: exact match is a BGG expansion/non-base entry, out of scope -- refusing to fall back to a fuzzy match against an unrelated base game",,,100.0
ecosfera,Ecosfera,"QUALITY_GATE: shrunk=6.86, usersrated=282",363695,Ecosfera,100.0
hoppy-salmon,Hoppy Salmon,"QUALITY_GATE: shrunk=6.37, usersrated=15",411347,Hoppy Salmon,100.0
get-wavey,Get Wavey,"QUALITY_GATE: shrunk=6.51, usersrated=3",402214,Get Wavey: The Hilariously Weird Party Game,95.0
dungeon-saga-origins-glimmer-of-greed,Dungeon Saga Origins: Glimmer of Greed,LOW_CONFIDENCE_MATCH: fuzzy score below threshold or too close to runner-up,,,71.64179104477613
dachshund-opoly,Dachshund-Opoly,"QUALITY_GATE: shrunk=6.33, usersrated=9",92288,Dachshund-opoly,100.0
battle-for-greyport-deck-building-game-chaos-in-copperforge-expansion,Battle For Greyport Deck Building Game: Chaos In Copperforge Expansion,LOW_CONFIDENCE_MATCH: fuzzy score below threshold or too close to runner-up,,,58.82352941176471
sonic-monopoly,Sonic Monopoly,LOW_CONFIDENCE_MATCH: fuzzy score below threshold or too close to runner-up,,,88.88888888888889
eve-war-for-new-eden-succession-expansion,EVE War for New Eden - Succession Expansion,"LOW_CONFIDENCE_MATCH: exact match is a BGG expansion/non-base entry, out of scope -- refusing to fall back to a fuzzy match against an unrelated base game",,,100.0
battle-for-the-deep-axis-allies,Battle for the Deep - Axis & Allies,LOW_CONFIDENCE_MATCH: fuzzy score below threshold or too close to runner-up,,,84.93150684931507
ra-and-write,RA and Write,"QUALITY_GATE: shrunk=7.08, usersrated=461",422796,RA and Write,100.0
the-shivers-board-game-expansion-2-its-all-fun-and-games-until,The Shivers Board Game: Expansion 2 - Its All Fun And Games Until,LOW_CONFIDENCE_MATCH: fuzzy score below threshold or too close to runner-up,,,61.224489795918366
the-shivers-board-game-expansion-1-fangs,The Shivers Board Game: Expansion 1 - Fangs,LOW_CONFIDENCE_MATCH: fuzzy score below threshold or too close to runner-up,,,66.66666666666667
la-petite-fleur,La Petite Fleur,"QUALITY_GATE: shrunk=6.85, usersrated=37",413940,La Petite Fleur,100.0
bluey-labyrinth-junior,Bluey Labyrinth Junior,LOW_CONFIDENCE_MATCH: fuzzy score below threshold or too close to runner-up,,,84.21052631578947
humblewood-rpg-humblewood-tales-box-set,Humblewood RPG: Humblewood Tales Box Set,LOW_CONFIDENCE_MATCH: fuzzy score below threshold or too close to runner-up,,,57.89473684210527
peak-district-monopoly,Peak District Monopoly,LOW_CONFIDENCE_MATCH: fuzzy score below threshold or too close to runner-up,,,74.4186046511628
legions,Legions: Estran,LOW_CONFIDENCE_MATCH: fuzzy score below threshold or too close to runner-up,,,78.57142857142857
the-witcher-monopoly,The Witcher Monopoly,"QUALITY_GATE: shrunk=6.49, usersrated=13",407406,Monopoly: The Witcher,100.0
ancient-artifacts-an-aspens-expansion,Ancient Artifacts - An Aspens Expansion,LOW_CONFIDENCE_MATCH: fuzzy score below threshold or too close to runner-up,,,66.66666666666667
ichor-board-game-reinforcements-and-gates-expansion,Ichor Board Game: Reinforcements And Gates Expansion,"LOW_CONFIDENCE_MATCH: exact match is a BGG expansion/non-base entry, out of scope -- refusing to fall back to a fuzzy match against an unrelated base game",,,100.0
smug-owls-smut-owls,Smug Owls: Smut Owls,"LOW_CONFIDENCE_MATCH: exact match is a BGG expansion/non-base entry, out of scope -- refusing to fall back to a fuzzy match against an unrelated base game",,,100.0
red-dragon-inn-card-game-adventure-is-nigh-expansion-extras-pack,Red Dragon Inn Card Game: Adventure Is Nigh Expansion - Extras Pack,LOW_CONFIDENCE_MATCH: fuzzy score below threshold or too close to runner-up,,,74.4186046511628
peacemakers-horrors-of-war-shared-nightmares,Peacemakers: Horrors of War - Shared Nightmares,"LOW_CONFIDENCE_MATCH: exact match is a BGG expansion/non-base entry, out of scope -- refusing to fall back to a fuzzy match against an unrelated base game",,,100.0
celestia-duo,Celestia Duo,"QUALITY_GATE: shrunk=6.32, usersrated=108",434422,Celestia Duo,100.0
worlds-most-difficult-dalmatian-puzzle,World's Most Difficult Dalmatian Puzzle,LOW_CONFIDENCE_MATCH: fuzzy score below threshold or too close to runner-up,,,57.14285714285714
merc-pack-2-heroes-of-land-air-sea-exp,Merc Pack 2 - Heroes of Land Air & Sea Exp,LOW_CONFIDENCE_MATCH: fuzzy score below threshold or too close to runner-up,,,76.47058823529412
neuroshima-hex-3-0-the-year-of-moloch,Neuroshima Hex 3.0: The Year of Moloch,LOW_CONFIDENCE_MATCH: fuzzy score below threshold or too close to runner-up,,,59.57446808510638
yu-gi-oh-elemental-hero-game-mat,Yu-Gi-Oh! - Elemental Hero Game Mat,LOW_CONFIDENCE_MATCH: fuzzy score below threshold or too close to runner-up,,,66.66666666666667
yu-gi-oh-kuriboh-kollection-9-pocket-duelist-portfolio,Yu-Gi-Oh! - Kuriboh Kollection 9-Pocket Duelist Portfolio,LOW_CONFIDENCE_MATCH: fuzzy score below threshold or too close to runner-up,,,51.764705882352935
uno-kpop-demon-hunters,Uno KPOP Demon Hunters,"QUALITY_GATE: shrunk=6.53, usersrated=3",473717,UNO: KPop Demon Hunters,100.0
great-heights,Great Heights,"QUALITY_GATE: shrunk=6.54, usersrated=5",472006,Great Heights,100.0
pounce,Pounce,LOW_CONFIDENCE_MATCH: ambiguous: multiple BGG entries share this normalized title,,,
mindbug-tag-team-2-vs-2-mode,Mindbug Tag Team 2 Vs 2 Mode,LOW_CONFIDENCE_MATCH: fuzzy score below threshold or too close to runner-up,,,57.6271186440678
citadels-duel,Citadels Duel,"QUALITY_GATE: shrunk=6.58, usersrated=24",462402,Citadels Duel,100.0
cosmo,Cosmo,"QUALITY_GATE: shrunk=6.51, usersrated=30",454177,Cosmo,100.0
skip-bo-card-game-refresh,Skip-Bo Card Game (Refresh),LOW_CONFIDENCE_MATCH: fuzzy score below threshold or too close to runner-up,,,80.0
spooky-goose-travel,Spooky Goose - Travel,LOW_CONFIDENCE_MATCH: fuzzy score below threshold or too close to runner-up,,,70.58823529411764
timeline-celebrities-clutch-box,Timeline: Celebrities - Clutch Box,LOW_CONFIDENCE_MATCH: fuzzy score below threshold or too close to runner-up,,,78.43137254901961
squishmallows-guess-who,Squishmallows Guess Who,LOW_CONFIDENCE_MATCH: fuzzy score below threshold or too close to runner-up,,,78.04878048780488
spitting-image-puzzle,Spitting Image Puzzle,LOW_CONFIDENCE_MATCH: fuzzy score below threshold or too close to runner-up,,,80.0
random-fun-generator,Random Fun Generator,"QUALITY_GATE: shrunk=6.53, usersrated=30",336962,Random Fun Generator,100.0
mind-meld,Mind Meld,LOW_CONFIDENCE_MATCH: fuzzy score below threshold or too close to runner-up,,,87.5
smart-dog,Smart Dog,LOW_CONFIDENCE_MATCH: fuzzy score below threshold or too close to runner-up,,,77.77777777777779
bicycle-guns-n-roses,Bicycle: Guns N Roses,LOW_CONFIDENCE_MATCH: fuzzy score below threshold or too close to runner-up,,,66.66666666666667
fame-and-fable-standard,Fame and Fable Standard,LOW_CONFIDENCE_MATCH: fuzzy score below threshold or too close to runner-up,,,75.67567567567568
ghostbumpers,Ghostbumpers,"QUALITY_GATE: shrunk=6.41, usersrated=246",449297,Ghostbumpers,100.0
cryptic-killers-murder-at-the-magic-mirror-casino,Cryptic Killers - Murder at the Magic Mirror Casino,LOW_CONFIDENCE_MATCH: fuzzy score below threshold or too close to runner-up,,,78.37837837837837
arkham-travel-guide,Arkham Travel Guide,"QUALITY_GATE: shrunk=6.56, usersrated=90",439409,Arkham Travel Guide,100.0
desert-rats-decals,Desert Rats Decals,LOW_CONFIDENCE_MATCH: fuzzy score below threshold or too close to runner-up,,,75.86206896551724
brainbox-people-at-work,Brainbox People At Work,"QUALITY_GATE: shrunk=6.48, usersrated=1",289965,Brainbox: People at Work,100.0
bygone-games-old-maid,Bygone Games - Old Maid,LOW_CONFIDENCE_MATCH: fuzzy score below threshold or too close to runner-up,,,66.66666666666667
national-geographic-st-pauls-puzzle-107-pieces,National Geographic - St Paul's Puzzle (107 Pieces),LOW_CONFIDENCE_MATCH: fuzzy score below threshold or too close to runner-up,,,66.66666666666667
railroad-ink-challenge-future-dice-expansion-pack,Railroad Ink Challenge Future Dice Expansion Pack,LOW_CONFIDENCE_MATCH: fuzzy score below threshold or too close to runner-up,,,71.11111111111111
brainbox-harry-potter,BrainBox: Harry Potter,"QUALITY_GATE: shrunk=6.27, usersrated=28",349165,BrainBox: Harry Potter,100.0
warfighter-wwii-iwo-jima-warfighter-pacific-expansion,Warfighter WWII: Iwo Jima - Warfighter Pacific Expansion,LOW_CONFIDENCE_MATCH: fuzzy score below threshold or too close to runner-up,,,65.06024096385542
high-rise-fancy-bits,High Rise: Fancy Bits,LOW_CONFIDENCE_MATCH: fuzzy score below threshold or too close to runner-up,,,64.86486486486487
subbuteo-light-blue-and-white-player-set,Subbuteo Light Blue and White Player Set,LOW_CONFIDENCE_MATCH: fuzzy score below threshold or too close to runner-up,,,63.49206349206349
gamegenic-life-counters-double-dials-island,Gamegenic - Life Counters Double Dials - Island,LOW_CONFIDENCE_MATCH: fuzzy score below threshold or too close to runner-up,,,58.22784810126582
paladins-of-the-west-kingdom-city-of-crowns-expansion,Paladins of the West Kingdom: City of Crowns Expansion,LOW_CONFIDENCE_MATCH: fuzzy score below threshold or too close to runner-up,,,65.75342465753424
philharmonix-board-game-galactic-festival-expansion,Philharmonix Board Game: Galactic Festival Expansion,LOW_CONFIDENCE_MATCH: fuzzy score below threshold or too close to runner-up,,,62.06896551724138
bridge-of-lies,Bridge of Lies,LOW_CONFIDENCE_MATCH: fuzzy score below threshold or too close to runner-up,,,78.57142857142857
jumpin,Jump'in,"QUALITY_GATE: shrunk=6.31, usersrated=8",235070,Jump In,100.0
picture-perfect-5-6-player-expansion,Picture Perfect: 5-6 Player Expansion,LOW_CONFIDENCE_MATCH: fuzzy score below threshold or too close to runner-up,,,63.1578947368421
shuffle-retro-game-knight-rider,Shuffle Retro Game: Knight Rider,LOW_CONFIDENCE_MATCH: fuzzy score below threshold or too close to runner-up,,,62.5
at-the-museum,At the Museum,"QUALITY_GATE: shrunk=6.47, usersrated=1",470195,Art Museum,94.73684210526316
imagidice,Imagidice,"QUALITY_GATE: shrunk=6.39, usersrated=74",166648,Imagidice!,100.0
top-trumps-limited-edition-star-wars-the-mandalorian,Top Trumps Limited Edition: Star Wars - The Mandalorian,LOW_CONFIDENCE_MATCH: fuzzy score below threshold or too close to runner-up,,,65.85365853658536
brainbox-english-refresh-2022,BrainBox English (Refresh 2022),LOW_CONFIDENCE_MATCH: fuzzy score below threshold or too close to runner-up,,,70.27027027027026
pampero-nature-expansion,Pampero - Nature Expansion,LOW_CONFIDENCE_MATCH: fuzzy score below threshold or too close to runner-up,,,63.41463414634146
fluxx-the-board-game-compact-edition,Fluxx: The Board Game (Compact Edition),LOW_CONFIDENCE_MATCH: fuzzy score below threshold or too close to runner-up,,,73.91304347826086
munchkin-squids,Munchkin Squids,"LOW_CONFIDENCE_MATCH: exact match is a BGG expansion/non-base entry, out of scope -- refusing to fall back to a fuzzy match against an unrelated base game",,,100.0
gap,GAP,"QUALITY_GATE: shrunk=6.29, usersrated=779",370130,GAP,100.0
sheep-in-disguise,Sheep in Disguise,"QUALITY_GATE: shrunk=6.71, usersrated=144",339592,Sheep in Disguise,100.0
ecosfera-expansion-rewilding-the-world,Ecosfera Expansion - Rewilding the World,LOW_CONFIDENCE_MATCH: fuzzy score below threshold or too close to runner-up,,,64.70588235294117
tga-family-edition,TGA: Family Edition,LOW_CONFIDENCE_MATCH: fuzzy score below threshold or too close to runner-up,,,82.05128205128204
5-little-birds,5 Little Birds,LOW_CONFIDENCE_MATCH: fuzzy score below threshold or too close to runner-up,,,81.4814814814815
scenario-kit-grasp-of-the-mind-flayer-dungeons-dragons-onslaught,Scenario Kit - Grasp of the Mind Flayer: Dungeons & Dragons Onslaught,LOW_CONFIDENCE_MATCH: fuzzy score below threshold or too close to runner-up,,,69.23076923076923
bicycle-stargazer-new-moon,Bicycle Stargazer New Moon,LOW_CONFIDENCE_MATCH: fuzzy score below threshold or too close to runner-up,,,64.28571428571428
a-midsummer-nights-fayre,A Midsummer Nights Fayre,"QUALITY_GATE: shrunk=6.38, usersrated=70",422329,A Midsummer Night's Fayre,97.77777777777777
nocturne,Nocturne,"QUALITY_GATE: shrunk=6.85, usersrated=1039",393175,Nocturne,100.0
message-in-a-bottle,Message in a Bottle,LOW_CONFIDENCE_MATCH: ambiguous: multiple BGG entries share this normalized title,,,
bacon,Bacon,"QUALITY_GATE: shrunk=6.80, usersrated=993",365742,Bacon,100.0
star-trek-strange-new-worlds-mary-celeste-escape-room-game,Star Trek: Strange New Worlds Mary Celeste Escape Room Game,LOW_CONFIDENCE_MATCH: fuzzy score below threshold or too close to runner-up,,,82.82828282828282
dc-forever,DC Forever,"QUALITY_GATE: shrunk=6.80, usersrated=63",425036,DC Forever,100.0
sonic-strike-car-wars-sixth-edition,Sonic Strike: Car Wars Sixth Edition,LOW_CONFIDENCE_MATCH: fuzzy score below threshold or too close to runner-up,,,77.19298245614034
green-team-wins-holiday-party,Green Team Wins: Holiday Party,"LOW_CONFIDENCE_MATCH: exact match is a BGG expansion/non-base entry, out of scope -- refusing to fall back to a fuzzy match against an unrelated base game",,,100.0
cranium-classic,Cranium Classic,LOW_CONFIDENCE_MATCH: fuzzy score below threshold or too close to runner-up,,,78.78787878787878
lunar-board-game,Lunar Board Game,LOW_CONFIDENCE_MATCH: ambiguous: multiple BGG entries share this normalized title,,,
smug-owls-poser-owls,Smug Owls: Poser Owls,"LOW_CONFIDENCE_MATCH: exact match is a BGG expansion/non-base entry, out of scope -- refusing to fall back to a fuzzy match against an unrelated base game",,,100.0
smug-owls-pompous-owls,Smug Owls: Pompous Owls,"LOW_CONFIDENCE_MATCH: exact match is a BGG expansion/non-base entry, out of scope -- refusing to fall back to a fuzzy match against an unrelated base game",,,100.0
iq-square,IQ Square,"QUALITY_GATE: shrunk=6.50, usersrated=0",16120,IQ Squared,94.73684210526316
top-trumps-star-wars-starships,Top Trumps: Star Wars Starships,LOW_CONFIDENCE_MATCH: fuzzy score below threshold or too close to runner-up,,,76.36363636363637
the-dwarves-big-box,The Dwarves Big Box,"QUALITY_GATE: shrunk=7.16, usersrated=362",302882,The Dwarves: Big Box,100.0
ascension-tactics-inferno-base-game-with-kickstarter-minis,Ascension Tactics Inferno Base Game with Kickstarter Minis,LOW_CONFIDENCE_MATCH: fuzzy score below threshold or too close to runner-up,,,61.53846153846154
deciduous-duos-an-aspens-expansion,Deciduous Duos - An Aspens Expansion,LOW_CONFIDENCE_MATCH: fuzzy score below threshold or too close to runner-up,,,60.71428571428572
iq-noodles,IQ Noodles,LOW_CONFIDENCE_MATCH: fuzzy score below threshold or too close to runner-up,,,82.35294117647058
rwby-combat-ready-team-jnpr-expansion,RWBY: Combat Ready - Team JNPR Expansion,"LOW_CONFIDENCE_MATCH: exact match is a BGG expansion/non-base entry, out of scope -- refusing to fall back to a fuzzy match against an unrelated base game",,,100.0
vestige-chop-box-module,Vestige Chop Box Module,"LOW_CONFIDENCE_MATCH: exact match is a BGG expansion/non-base entry, out of scope -- refusing to fall back to a fuzzy match against an unrelated base game",,,100.0
gruntz-supplies-expansion,Gruntz: Supplies Expansion,LOW_CONFIDENCE_MATCH: fuzzy score below threshold or too close to runner-up,,,62.295081967213115
zenith-secret-agents,Zenith: Secret Agents,"LOW_CONFIDENCE_MATCH: exact match is a BGG expansion/non-base entry, out of scope -- refusing to fall back to a fuzzy match against an unrelated base game",,,100.0
war-chest-shock-tactics,War Chest: Shock Tactics,"LOW_CONFIDENCE_MATCH: exact match is a BGG expansion/non-base entry, out of scope -- refusing to fall back to a fuzzy match against an unrelated base game",,,100.0
codenames-cute-critters-expansion,Codenames: Cute Critters Expansion,LOW_CONFIDENCE_MATCH: fuzzy score below threshold or too close to runner-up,,,58.82352941176471
window-bingo,Window Bingo,LOW_CONFIDENCE_MATCH: fuzzy score below threshold or too close to runner-up,,,81.81818181818181
super-auto-pets-card-battle-the-golden-pack,Super Auto Pets Card Battle: The Golden Pack,"QUALITY_GATE: shrunk=6.68, usersrated=10",472278,Super Auto Pets Card Battle: Golden Pack,100.0
wake-up-and-win-travel-tin,Wake Up and Win (Travel Tin),LOW_CONFIDENCE_MATCH: fuzzy score below threshold or too close to runner-up,,,61.53846153846154
cuba-libre-calixto-bot-update-pack,Cuba Libre Calixto Bot Update Pack,"LOW_CONFIDENCE_MATCH: exact match is a BGG expansion/non-base entry, out of scope -- refusing to fall back to a fuzzy match against an unrelated base game",,,100.0
brazil-imperial-automa,Brazil: Imperial - Automa,LOW_CONFIDENCE_MATCH: fuzzy score below threshold or too close to runner-up,,,81.08108108108108
ghost-blitz-mini,Ghost Blitz mini,"QUALITY_GATE: shrunk=6.76, usersrated=66",430985,Ghost Blitz Mini,100.0
thing-thing,Thing Thing,"QUALITY_GATE: shrunk=6.55, usersrated=43",426162,Thing Thing,100.0
klepto-cats,Klepto Cats,"QUALITY_GATE: shrunk=6.50, usersrated=1",469571,Klepto Cats,100.0
sauros-deluxe-edition,Sauros Deluxe Edition,"QUALITY_GATE: shrunk=6.97, usersrated=176",438733,Sauros,100.0
snort-funny,Snort Funny,LOW_CONFIDENCE_MATCH: fuzzy score below threshold or too close to runner-up,,,72.0
picture-slam,Picture Slam,LOW_CONFIDENCE_MATCH: fuzzy score below threshold or too close to runner-up,,,80.0
scrabble-wood-refresh,Scrabble (Wood Refresh),LOW_CONFIDENCE_MATCH: fuzzy score below threshold or too close to runner-up,,,70.27027027027026
europa-universalis-the-price-of-power-extended-edition,Europa Universalis: The Price of Power (Extended Edition),LOW_CONFIDENCE_MATCH: fuzzy score below threshold or too close to runner-up,,,79.51807228915662
burst,Burst,LOW_CONFIDENCE_MATCH: ambiguous: multiple BGG entries share this normalized title,,,
crumbs-2,Crumbs! The Sandwich Filler Game,"QUALITY_GATE: shrunk=6.77, usersrated=73",376583,Crumbs!: The Sandwich Filler Game,100.0
grimsby-monopoly,Monopoly: Grimsby,LOW_CONFIDENCE_MATCH: fuzzy score below threshold or too close to runner-up,,,78.57142857142857
nine-to-five,Nine-To-Five,LOW_CONFIDENCE_MATCH: fuzzy score below threshold or too close to runner-up,,,83.33333333333334
newbury-monopoly,Newbury Monopoly,LOW_CONFIDENCE_MATCH: fuzzy score below threshold or too close to runner-up,,,81.25
total-domination,Total Domination,"QUALITY_GATE: shrunk=6.86, usersrated=217",309427,Total Domination,100.0
cryptic-killers-murder-in-miami,Cryptic Killers - Murder in Miami,LOW_CONFIDENCE_MATCH: fuzzy score below threshold or too close to runner-up,,,65.51724137931035
tricky-traders,Tricky Traders,"QUALITY_GATE: shrunk=6.29, usersrated=38",449978,Tricky Traders,100.0
cryptic-killers-murder-of-a-musician,Cryptic Killers - Murder of a Musician,LOW_CONFIDENCE_MATCH: fuzzy score below threshold or too close to runner-up,,,69.23076923076923
disappointing-affirmations,Disappointing Affirmations,"QUALITY_GATE: shrunk=6.50, usersrated=7",448630,Disappointing Affirmations: The Game,100.0
alien-frontiers-5th-edition,Alien Frontiers (5th Edition),LOW_CONFIDENCE_MATCH: ambiguous: multiple BGG entries share this normalized title,,,
heer-panzer-decals-mid-late,Heer Panzer Decals (Mid &amp; Late),LOW_CONFIDENCE_MATCH: fuzzy score below threshold or too close to runner-up,,,61.53846153846154
size-up,Size Up,"QUALITY_GATE: shrunk=6.35, usersrated=66",271037,SizeUp,92.3076923076923
hyperspace,Hyperspace,"QUALITY_GATE: shrunk=6.03, usersrated=168",254632,Hyperspace,100.0
railroad-ink-challenge-cthulhu-dice-expansion-pack,Railroad Ink Challenge Cthulhu Dice Expansion Pack,LOW_CONFIDENCE_MATCH: fuzzy score below threshold or too close to runner-up,,,63.73626373626373
warfighter-modern-modern-daytime-shadow-war-medals-expansion,Warfighter Modern: Modern Daytime/Shadow War Medals Expansion,LOW_CONFIDENCE_MATCH: fuzzy score below threshold or too close to runner-up,,,67.32673267326732
high-rise-extra-tenants,High Rise: Extra Tenants,"LOW_CONFIDENCE_MATCH: exact match is a BGG expansion/non-base entry, out of scope -- refusing to fall back to a fuzzy match against an unrelated base game",,,100.0
ohio-bob,Ohio Bob,"QUALITY_GATE: shrunk=6.71, usersrated=58",440014,Ohio Bob,100.0
mud,Mud,"QUALITY_GATE: shrunk=6.39, usersrated=64",320002,MUD,100.0
viva-topo,Viva Topo,LOW_CONFIDENCE_MATCH: fuzzy score below threshold or too close to runner-up,,,73.6842105263158
rulebenders,Rulebenders,"QUALITY_GATE: shrunk=6.10, usersrated=204",275061,Rulebenders,100.0
deep-space-d-6-armada,Deep Space D-6: Armada,"QUALITY_GATE: shrunk=6.34, usersrated=271",225274,Deep Space D-6: Armada,100.0
number-street,Number Street,LOW_CONFIDENCE_MATCH: fuzzy score below threshold or too close to runner-up,,,84.61538461538461
the-queens-gambit-the-board-game,The Queen's Gambit: The Board Game,"QUALITY_GATE: shrunk=5.92, usersrated=164",346101,The Queen's Gambit: The Board Game,100.0
naruto-yahtzee,Naruto Yahtzee,LOW_CONFIDENCE_MATCH: fuzzy score below threshold or too close to runner-up,,,75.0
unit-house-of-petro-lineage-pack-sorcerer,(Unit) House of Petro Lineage Pack: Sorcerer,LOW_CONFIDENCE_MATCH: fuzzy score below threshold or too close to runner-up,,,55.88235294117647
sellswords-card-game-olympus-2nd-edition,Sellswords Card Game: Olympus 2nd Edition,"QUALITY_GATE: shrunk=6.66, usersrated=144",199907,Sellswords: Olympus,100.0
mythic-mischief-appendix-a,Mythic Mischief: Appendix A,"LOW_CONFIDENCE_MATCH: exact match is a BGG expansion/non-base entry, out of scope -- refusing to fall back to a fuzzy match against an unrelated base game",,,100.0
that-sound-game-x-tension-pack-18,That Sound Game X-Tension Pack (18+),LOW_CONFIDENCE_MATCH: fuzzy score below threshold or too close to runner-up,,,61.53846153846154
2gm-tactics-board-game-united-kingdom-expansion,2GM Tactics Board Game: United Kingdom Expansion,"LOW_CONFIDENCE_MATCH: exact match is a BGG expansion/non-base entry, out of scope -- refusing to fall back to a fuzzy match against an unrelated base game",,,100.0
horses-ponies-and-unicorns-top-trumps,Horses Ponies and Unicorns - Top Trumps,LOW_CONFIDENCE_MATCH: fuzzy score below threshold or too close to runner-up,,,63.49206349206349
iq-arrows,IQ Arrows,LOW_CONFIDENCE_MATCH: fuzzy score below threshold or too close to runner-up,,,80.0
iq-digits-2021,IQ Digits,LOW_CONFIDENCE_MATCH: fuzzy score below threshold or too close to runner-up,,,75.0
asteroid-escape,Asteroid Escape,"QUALITY_GATE: shrunk=6.42, usersrated=20",123107,Asteroid Escape,100.0
rush-to-recycle,Rush to Recycle,"QUALITY_GATE: shrunk=6.52, usersrated=1",447382,Rush to Recycle,100.0
mimiq,MimiQ,"QUALITY_GATE: shrunk=5.75, usersrated=127",133687,MimiQ,100.0
penguins-on-icecelebration-edition,Penguins On Ice'Celebration Edition',LOW_CONFIDENCE_MATCH: fuzzy score below threshold or too close to runner-up,,,66.66666666666667
garden-nation,Garden Nation,"QUALITY_GATE: shrunk=6.70, usersrated=1003",341245,Garden Nation,100.0
double-9-dominoes-x-55-tiles-in-tin,Double 9 Dominoes X 55 Tiles In Tin,LOW_CONFIDENCE_MATCH: fuzzy score below threshold or too close to runner-up,,,70.58823529411764
riftforce-beyond-exp,Riftforce: Beyond Exp,LOW_CONFIDENCE_MATCH: fuzzy score below threshold or too close to runner-up,,,70.27027027027026
spaceship-unity-season-1-1,Spaceship Unity - Season 1.1,"QUALITY_GATE: shrunk=6.98, usersrated=254",367361,Spaceship Unity: Season 1.1,100.0
basilica,Basilica,LOW_CONFIDENCE_MATCH: ambiguous: multiple BGG entries share this normalized title,,,
disney-christmas-top-trumps-specials,Disney Christmas Top Trumps Specials,LOW_CONFIDENCE_MATCH: fuzzy score below threshold or too close to runner-up,,,65.51724137931035
almost-innocent,Almost Innocent,"QUALITY_GATE: shrunk=7.09, usersrated=575",359838,Almost Innocent,100.0
mystery-date-vintage-bookshelf-edition,Mystery Date Vintage Bookshelf Edition,LOW_CONFIDENCE_MATCH: fuzzy score below threshold or too close to runner-up,,,65.67164179104478
dungeon-crawl-classics-dark-tower-3-volume-slipcased-set,Dungeon Crawl Classics: Dark Tower (3 -Volume Slipcased Set),LOW_CONFIDENCE_MATCH: fuzzy score below threshold or too close to runner-up,,,56.25
captain-obvious,Captain Obvious,"QUALITY_GATE: shrunk=6.22, usersrated=113",423533,Captain Obvious,100.0
keystone-north-america-coastal-expansion,Keystone: North America Coastal Expansion,"LOW_CONFIDENCE_MATCH: exact match is a BGG expansion/non-base entry, out of scope -- refusing to fall back to a fuzzy match against an unrelated base game",,,100.0
return-to-dark-tower-base-game-1st-printing,Return to Dark Tower - Base Game 1st Printing,LOW_CONFIDENCE_MATCH: fuzzy score below threshold or too close to runner-up,,,63.49206349206349
star-trek-adventures-rpg-the-federation-klingon-war-tactical-campaign,Star Trek Adventures RPG: The Federation-Klingon War Tactical Campaign,LOW_CONFIDENCE_MATCH: fuzzy score below threshold or too close to runner-up,,,64.46280991735537
teenage-mutant-ninja-turtles-top-trumps,Teenage Mutant Ninja Turtles Top Trumps,LOW_CONFIDENCE_MATCH: fuzzy score below threshold or too close to runner-up,,,83.5820895522388
popstars-top-trumps-specials,Popstars Top Trumps Specials,LOW_CONFIDENCE_MATCH: fuzzy score below threshold or too close to runner-up,,,62.745098039215684
trailblazer-the-arizona-trail-standard-version,Trailblazer: The Arizona Trail Standard Version,LOW_CONFIDENCE_MATCH: fuzzy score below threshold or too close to runner-up,,,74.62686567164178
masters-of-the-universe-fields-of-eternia-rise-of-the-snake-men,Masters of the Universe Fields of Eternia - Rise of the Snake Men,"LOW_CONFIDENCE_MATCH: exact match is a BGG expansion/non-base entry, out of scope -- refusing to fall back to a fuzzy match against an unrelated base game",,,100.0
super-kawaii-pets,Super Kawaii Pets,"QUALITY_GATE: shrunk=6.65, usersrated=440",346951,Super Kawaii Pets,100.0
pigeon-explosion,Pigeon Explosion,"QUALITY_GATE: shrunk=6.60, usersrated=116",434443,Pigeon Explosion,100.0
gingham,Gingham,"QUALITY_GATE: shrunk=7.04, usersrated=272",440024,Gingham,100.0
catan-cities-knights-replacement-cards-pack-6th-edition,CATAN Cities & Knights Replacement Cards Pack 6th Edition,LOW_CONFIDENCE_MATCH: fuzzy score below threshold or too close to runner-up,,,57.14285714285714
heart-quickstart-edition-softcover,Heart The City Beneath RPG: Quickstart - Paperback,LOW_CONFIDENCE_MATCH: fuzzy score below threshold or too close to runner-up,,,57.14285714285714
tearable-quest-board-game,Tearable Quest Board Game,"QUALITY_GATE: shrunk=6.36, usersrated=203",444551,Tearable Quest,100.0
paper-world,Paper World,"QUALITY_GATE: shrunk=6.23, usersrated=382",429020,Paper World,100.0
survival-of-the-fattest-deluxe-kickstarter-edition,Survival of the Fattest - Deluxe Kickstarter Edition,LOW_CONFIDENCE_MATCH: fuzzy score below threshold or too close to runner-up,,,71.23287671232876
jack-the-beanstalk,Jack & The Beanstalk,LOW_CONFIDENCE_MATCH: ambiguous: multiple BGG entries share this normalized title,,,
marvel-universe-2-top-trumps-specials,Marvel Universe 2 Top Trumps Specials,LOW_CONFIDENCE_MATCH: fuzzy score below threshold or too close to runner-up,,,64.40677966101696
battletech-force-manual-mercenaries,BattleTech: Force Manual: Mercenaries,"LOW_CONFIDENCE_MATCH: exact match is a BGG expansion/non-base entry, out of scope -- refusing to fall back to a fuzzy match against an unrelated base game",,,100.0
pirate-king,Pirate King,LOW_CONFIDENCE_MATCH: ambiguous: multiple BGG entries share this normalized title,,,
boop-shuffle,Boop Shuffle,"QUALITY_GATE: shrunk=6.59, usersrated=30",465041,Boop Shuffle,100.0
codenames-critical-role-adventures-vox-machina-expansion,Codenames Critical Role Adventures Vox Machina Expansion,LOW_CONFIDENCE_MATCH: fuzzy score below threshold or too close to runner-up,,,75.55555555555556
jackpot-set-the-reel,Jackpot: Set the Reel,"QUALITY_GATE: shrunk=6.30, usersrated=158",447589,Jackpot: Set the Reel,100.0
mini-rogue-the-council,Mini Rogue: The Council,"QUALITY_GATE: shrunk=7.16, usersrated=64",417020,Mini Rogue: The Council,100.0
adventurers-required,Adventurers Required,"QUALITY_GATE: shrunk=6.76, usersrated=23",463215,Adventurers Required,100.0
mr-president-the-american-presidency-2001-2020-2nd-edition-update-kit,Mr. President: The American Presidency: 2001-2020 2nd Edition Update Kit,LOW_CONFIDENCE_MATCH: fuzzy score below threshold or too close to runner-up,,,88.42105263157895
james-o-brien-mystery-hour-travel-tin,James O'Brien Mystery Hour (Travel Tin),LOW_CONFIDENCE_MATCH: fuzzy score below threshold or too close to runner-up,,,76.47058823529412
elixirus,Elixirus,"QUALITY_GATE: shrunk=6.54, usersrated=27",443848,Elixirus,100.0
mindbug-battlefruits-add-on-pack,Mindbug: Battlefruits (Add-on Pack),"LOW_CONFIDENCE_MATCH: exact match is a BGG expansion/non-base entry, out of scope -- refusing to fall back to a fuzzy match against an unrelated base game",,,100.0
making-monsters,Making Monsters,"QUALITY_GATE: shrunk=7.05, usersrated=74",374238,Making Monsters,100.0
gunsen-the-battle-for-toshi-ranbo,Gunsen: The Battle for Toshi Ranbo,"QUALITY_GATE: shrunk=6.66, usersrated=50",449018,Gunsen: The Battle for Toshi Ranbo,100.0
ministry-of-lost-things-finders-keypers,Ministry of Lost Things: Finders Keypers,"QUALITY_GATE: shrunk=6.99, usersrated=31",453357,Ministry of Lost Things: Case 2 – Finders Keypers,91.76470588235294
emerald-echoes,Emerald Echoes,"QUALITY_GATE: shrunk=6.93, usersrated=39",442415,Emerald Echoes,100.0
high-frontier-4-all-economy-expansion,High Frontier 4 All: Economy Expansion,LOW_CONFIDENCE_MATCH: fuzzy score below threshold or too close to runner-up,,,67.85714285714286
nottingham-monopoly,Nottingham Monopoly,LOW_CONFIDENCE_MATCH: fuzzy score below threshold or too close to runner-up,,,82.6086956521739
combat-commander-battle-pack-8-minor-nations,Combat Commander Battle Pack 8: Minor Nations,"LOW_CONFIDENCE_MATCH: exact match is a BGG expansion/non-base entry, out of scope -- refusing to fall back to a fuzzy match against an unrelated base game",,,100.0
pacific-rails-inc-upgraded-edition,Pacific Rails Inc. Upgraded Edition,LOW_CONFIDENCE_MATCH: fuzzy score below threshold or too close to runner-up,,,69.84126984126983
cartographers-heroes-map-pack-2-affril-cartographers-expansion,Cartographers Heroes Map Pack 2 Affril: Cartographers Expansion,LOW_CONFIDENCE_MATCH: fuzzy score below threshold or too close to runner-up,,,53.46534653465347
timescape-shakespeare,Timescape: Shakespeare,LOW_CONFIDENCE_MATCH: fuzzy score below threshold or too close to runner-up,,,85.71428571428572
little-explorers,Little Explorers,LOW_CONFIDENCE_MATCH: fuzzy score below threshold or too close to runner-up,,,80.0
age-gap-kids-vs-adults-trivia-game,Age Gap - Kids Vs Adults Trivia Game,"QUALITY_GATE: shrunk=6.50, usersrated=0",475696,Age Gap: The Kids vs Adults Trivia Game,100.0
star-tycoon,Star Tycoon,"QUALITY_GATE: shrunk=7.09, usersrated=391",364393,Star Tycoon,100.0
under-the-surface-among-cultists-expansion,Under the Surface: Among Cultists Expansion,LOW_CONFIDENCE_MATCH: fuzzy score below threshold or too close to runner-up,,,64.1025641025641
fifty-fruity-2,Fifty Fruity,"QUALITY_GATE: shrunk=6.48, usersrated=23",431284,Fifty Fruity,100.0
darker-dungeons-card-expansion,Darker Dungeons Card Expansion,LOW_CONFIDENCE_MATCH: fuzzy score below threshold or too close to runner-up,,,66.66666666666667
aethermon-collect-bundle,Aethermon: Collect Bundle,LOW_CONFIDENCE_MATCH: fuzzy score below threshold or too close to runner-up,,,82.92682926829268
heroes-of-land-air-sea-pestilience-booster-pack,Heroes of Land Air & Sea: Pestilience Booster Pack,LOW_CONFIDENCE_MATCH: fuzzy score below threshold or too close to runner-up,,,67.53246753246754
cactus-town-deluxe-kickstarter-edition,Cactus Town Sheriff Pledge (Deluxe Edition) - Kickstarter Edition,LOW_CONFIDENCE_MATCH: fuzzy score below threshold or too close to runner-up,,,72.0
animals-of-the-world,Animals of the World,LOW_CONFIDENCE_MATCH: ambiguous: multiple BGG entries share this normalized title,,,
bang-4th-edition-gold-rush-expansion,Bang! 4th Edition: Gold Rush Expansion,LOW_CONFIDENCE_MATCH: fuzzy score below threshold or too close to runner-up,,,68.29268292682926
detective-a-modern-crime-board-game-dig-deeper-expansion,Detective: A Modern Crime Board Game - Dig Deeper Expansion,LOW_CONFIDENCE_MATCH: fuzzy score below threshold or too close to runner-up,,,67.6923076923077
bagration-german-command-cards,Bagration: German Command Cards,LOW_CONFIDENCE_MATCH: fuzzy score below threshold or too close to runner-up,,,66.66666666666667
quicksand-2,Quicksand,LOW_CONFIDENCE_MATCH: ambiguous: multiple BGG entries share this normalized title,,,
riftforce,Riftforce,"QUALITY_GATE: shrunk=7.13, usersrated=3601",291859,Riftforce,100.0
peaky-blinders-risk,Peaky Blinders - Risk,"QUALITY_GATE: shrunk=6.36, usersrated=7",388331,Risk: Peaky Blinders,100.0
aldebaran-duel,Aldebaran Duel,"QUALITY_GATE: shrunk=6.82, usersrated=266",383175,Aldebaran Duel,100.0
philharmonix-board-game-patron-pack-expansion,Philharmonix Board Game: Patron Pack Expansion,LOW_CONFIDENCE_MATCH: fuzzy score below threshold or too close to runner-up,,,60.273972602739725
karaoke-duets,Karaoke Duets,LOW_CONFIDENCE_MATCH: fuzzy score below threshold or too close to runner-up,,,70.0
veiled-fate-providence-micro-expansion,Veiled Fate: Providence Micro-expansion,"LOW_CONFIDENCE_MATCH: exact match is a BGG expansion/non-base entry, out of scope -- refusing to fall back to a fuzzy match against an unrelated base game",,,100.0
100-pics-dog-breeds,100 PICS Dog Breeds,LOW_CONFIDENCE_MATCH: fuzzy score below threshold or too close to runner-up,,,62.22222222222222
shinkansen-zero-kei,Shinkansen Zero-Kei,"QUALITY_GATE: shrunk=6.95, usersrated=1212",339614,Shinkansen: Zero-Kei,100.0
walls-warriors,Walls & Warriors,LOW_CONFIDENCE_MATCH: fuzzy score below threshold or too close to runner-up,,,87.17948717948718
abstract-academy,Abstract Academy,"QUALITY_GATE: shrunk=6.59, usersrated=185",319095,Abstract Academy,100.0
brainbox-maths-refresh-2022,BrainBox Maths (Refresh 2022),LOW_CONFIDENCE_MATCH: fuzzy score below threshold or too close to runner-up,,,65.3061224489796
difference-jr,Difference Jr,LOW_CONFIDENCE_MATCH: fuzzy score below threshold or too close to runner-up,,,86.95652173913044
roadblock,Roadblock,LOW_CONFIDENCE_MATCH: fuzzy score below threshold or too close to runner-up,,,77.77777777777779
batman-everybody-lies,Batman: Everybody Lies,"QUALITY_GATE: shrunk=6.47, usersrated=378",355276,Batman: Everybody Lies,100.0
leaf-deluxe,Leaf Deluxe,LOW_CONFIDENCE_MATCH: ambiguous: multiple BGG entries share this normalized title,,,
merchants-cove-master-craft,Merchants Cove: Master Craft,"LOW_CONFIDENCE_MATCH: exact match is a BGG expansion/non-base entry, out of scope -- refusing to fall back to a fuzzy match against an unrelated base game",,,100.0
pantheum-monsters-mandates-expansion,Pantheum: Monsters & Mandates Expansion,LOW_CONFIDENCE_MATCH: fuzzy score below threshold or too close to runner-up,,,65.625
fried-potatoes-original,Fried Potatoes Original,LOW_CONFIDENCE_MATCH: fuzzy score below threshold or too close to runner-up,,,75.67567567567568
brigands,Brigands,"QUALITY_GATE: shrunk=6.78, usersrated=147",368230,Brigands,100.0
all-roads,All Roads,"QUALITY_GATE: shrunk=6.34, usersrated=137",369549,All Roads,100.0
my-puzzle-adventure,My Puzzle Adventure,LOW_CONFIDENCE_MATCH: ambiguous: multiple BGG entries share this title as a prefix,,,84.44444444444444
gold-hunting-japanese-box-english-instructions,Gold Hunting (Japanese Box - English Instructions),LOW_CONFIDENCE_MATCH: fuzzy score below threshold or too close to runner-up,,,56.25
monopoly-go,Monopoly Go,LOW_CONFIDENCE_MATCH: ambiguous: multiple BGG entries share this normalized title,,,
divide-conker-deluxe-edition,Divide & Conker Deluxe Edition,"QUALITY_GATE: shrunk=6.55, usersrated=33",417980,Divide & Conker,100.0
city-of-myrkesh-the-city-traversal-deckbuilding-game,City of Myrkesh: The City Traversal Deckbuilding Game,LOW_CONFIDENCE_MATCH: fuzzy score below threshold or too close to runner-up,,,65.06024096385542
hunter-x-hunter-monopoly,Hunter x Hunter Monopoly,LOW_CONFIDENCE_MATCH: fuzzy score below threshold or too close to runner-up,,,71.7948717948718
harry-potter-whot-2,Harry Potter WHOT!,LOW_CONFIDENCE_MATCH: fuzzy score below threshold or too close to runner-up,,,84.84848484848484
queen-of-the-black-coast-and-nemedian-chronices-expansions,Queen Of The Black Coast and Nemedian Chronices Expansions,LOW_CONFIDENCE_MATCH: fuzzy score below threshold or too close to runner-up,,,55.55555555555556
how-many-what,How Many What?!,"QUALITY_GATE: shrunk=6.29, usersrated=80",440458,How Many What?!,100.0
mindtrap-cards-left-brain-right-brain,MindTrap Cards Left Brain Right Brain,"QUALITY_GATE: shrunk=6.42, usersrated=11",138223,MindTrap Left Brain Right Brain,91.17647058823529
primates-an-evolutionary-board-game,Primates: An Evolutionary Board Game,LOW_CONFIDENCE_MATCH: fuzzy score below threshold or too close to runner-up,,,73.17073170731707
campsite,Campsite,"QUALITY_GATE: shrunk=6.52, usersrated=33",375370,Campsite,100.0
shoal,Shoal,"QUALITY_GATE: shrunk=6.62, usersrated=54",419277,Shoal,100.0
1793-patriots-traitors-the-french-revolution-year-ii-english-version,"1793: Patriots & Traitors, The French Revolution Year II - English version",LOW_CONFIDENCE_MATCH: fuzzy score below threshold or too close to runner-up,,,63.06306306306306
temple-code-2,Temple Code,"QUALITY_GATE: shrunk=6.59, usersrated=255",410378,Temple Code,100.0
hello-kitty-waddingtons-number-1-playing-cards,Hello Kitty Waddingtons Number 1 Playing Cards,LOW_CONFIDENCE_MATCH: fuzzy score below threshold or too close to runner-up,,,58.22784810126582
spot-the-intro-1990s-edition,Spot The Intro 1990's Edition,LOW_CONFIDENCE_MATCH: fuzzy score below threshold or too close to runner-up,,,83.72093023255813
flower-fields,Flower Fields,"QUALITY_GATE: shrunk=7.07, usersrated=517",424577,Flower Fields,100.0
le-roy-des-ribauds-micro-game-edition,Le Roy des Ribauds: Micro Game Edition,LOW_CONFIDENCE_MATCH: fuzzy score below threshold or too close to runner-up,,,65.45454545454545
splendor-duel-the-counterfeiters,Splendor Duel - The Counterfeiters,"LOW_CONFIDENCE_MATCH: exact match is a BGG expansion/non-base entry, out of scope -- refusing to fall back to a fuzzy match against an unrelated base game",,,100.0
piatnik-rummy,Piatnik Rummy,LOW_CONFIDENCE_MATCH: fuzzy score below threshold or too close to runner-up,,,83.33333333333334
tenpenny-parks-collector-edition,Tenpenny Parks: Collector Edition,LOW_CONFIDENCE_MATCH: fuzzy score below threshold or too close to runner-up,,,71.1864406779661
1-a-m-jailbreak,1 A.M Jailbreak,"QUALITY_GATE: shrunk=6.44, usersrated=415",428224,1 A.M. Jailbreak,100.0
vntypl8s-aka-vanity-plates,VNTYPL8S aka Vanity Plates,LOW_CONFIDENCE_MATCH: fuzzy score below threshold or too close to runner-up,,,61.224489795918366
war-chest-nightfall,War Chest: Nightfall,"LOW_CONFIDENCE_MATCH: exact match is a BGG expansion/non-base entry, out of scope -- refusing to fall back to a fuzzy match against an unrelated base game",,,100.0
smash-up-half-the-battle,Smash Up: Half the Battle,"QUALITY_GATE: shrunk=6.59, usersrated=6",452855,Smash Up: Half the Battle,100.0
forage-card-game,Forage - Card Game,LOW_CONFIDENCE_MATCH: ambiguous: multiple BGG entries share this normalized title,,,
la-1-when-laws-fail-expansion,LA-1 When Laws Fail Expansion,LOW_CONFIDENCE_MATCH: fuzzy score below threshold or too close to runner-up,,,61.224489795918366
honeypot,Honeypot,LOW_CONFIDENCE_MATCH: ambiguous: multiple BGG entries share this normalized title,,,
mini-rogue-the-mountains-of-torment,Mini Rogue: The Mountains of Torment,LOW_CONFIDENCE_MATCH: fuzzy score below threshold or too close to runner-up,,,66.66666666666667
jackpot-set-the-reel-expansions,Jackpot: Set the Reel - Expansions,"LOW_CONFIDENCE_MATCH: exact match is a BGG expansion/non-base entry, out of scope -- refusing to fall back to a fuzzy match against an unrelated base game",,,100.0
infernal-machine-dawn-of-submarine-warfare,Infernal Machine: Dawn of Submarine Warfare,"QUALITY_GATE: shrunk=7.03, usersrated=47",353724,Infernal Machine: Dawn of Submarine Warfare,100.0
ascension-dreams-nightmares-7th-collector-s-edition,Ascension: Dreams & Nightmares 7th Collector's Edition,LOW_CONFIDENCE_MATCH: fuzzy score below threshold or too close to runner-up,,,69.6969696969697
ascension-15th-anniversary-collector-s-edition,Ascension 15th Anniversary Collector's Edition,"QUALITY_GATE: shrunk=6.60, usersrated=5",452493,Ascension: 15th Anniversary Collector's Edition,100.0
mindbug-beyond-add-on-pack,Mindbug: Beyond (Add-on Pack),"LOW_CONFIDENCE_MATCH: exact match is a BGG expansion/non-base entry, out of scope -- refusing to fall back to a fuzzy match against an unrelated base game",,,100.0
the-lord-of-the-rings-circle-of-conflict,The Lord of the Rings: Circle of Conflict,"QUALITY_GATE: shrunk=6.73, usersrated=27",462620,The Lord of the Rings: Circle of Conflict,100.0
karnak,Karnak,LOW_CONFIDENCE_MATCH: ambiguous: multiple BGG entries share this normalized title,,,
yokai-sketch-2,Yokai Sketch,"QUALITY_GATE: shrunk=6.69, usersrated=570",371981,Yokai Sketch,100.0
atlantic-sentinels-north-atlantic-convoy-escort-1942-43,"Atlantic Sentinels: North Atlantic Convoy Escort, 1942-43","QUALITY_GATE: shrunk=7.02, usersrated=86",347879,"Atlantic Sentinels: North Atlantic Convoy Escort, 1942-43",100.0
gretchen-s-garden,Gretchen's Garden,"QUALITY_GATE: shrunk=6.46, usersrated=40",462605,Gretchen's Garden,100.0
smallfolk,Smallfolk,"QUALITY_GATE: shrunk=6.67, usersrated=25",424615,Smallfolk,100.0
super-boss-monster-2,Super Boss Monster 2,"QUALITY_GATE: shrunk=7.16, usersrated=526",415524,Super Boss Monster,94.73684210526316
dumb-questions-to-ask-your-partner-travel,Dumb Questions To Ask Your Partner Travel,LOW_CONFIDENCE_MATCH: fuzzy score below threshold or too close to runner-up,,,77.33333333333333
merchants-cove-the-game-maker,Merchants Cove: The Game Maker,LOW_CONFIDENCE_MATCH: fuzzy score below threshold or too close to runner-up,,,82.35294117647058
merchants-cove-loot-pack,Merchants Cove: Loot Pack,"LOW_CONFIDENCE_MATCH: exact match is a BGG expansion/non-base entry, out of scope -- refusing to fall back to a fuzzy match against an unrelated base game",,,100.0
secrets-castles-of-mad-king-ludwig-exp,Secrets: Castles of Mad King Ludwig Exp,LOW_CONFIDENCE_MATCH: fuzzy score below threshold or too close to runner-up,,,81.25
draw-out-junior,Draw Out Junior Refreshed,LOW_CONFIDENCE_MATCH: fuzzy score below threshold or too close to runner-up,,,76.59574468085107
dungeonology-the-expedition,Dungeonology - The Expedition,"QUALITY_GATE: shrunk=6.64, usersrated=889",267652,Dungeonology: The Expedition,100.0
magnetic-backgammon,Magnetic Backgammon,LOW_CONFIDENCE_MATCH: fuzzy score below threshold or too close to runner-up,,,82.35294117647058
top-trumps-snakes,Top Trumps - Snakes,LOW_CONFIDENCE_MATCH: fuzzy score below threshold or too close to runner-up,,,74.07407407407408
squishmallows-top-trumps-match,Squishmallows Top Trumps Match,LOW_CONFIDENCE_MATCH: fuzzy score below threshold or too close to runner-up,,,69.56521739130434
among-cultists-mountains-of-chaos,Among Cultists: Mountains of Chaos,"LOW_CONFIDENCE_MATCH: exact match is a BGG expansion/non-base entry, out of scope -- refusing to fall back to a fuzzy match against an unrelated base game",,,100.0
among-cultists-down-into-the-abyss,Among Cultists: Down Into the Abyss,"LOW_CONFIDENCE_MATCH: exact match is a BGG expansion/non-base entry, out of scope -- refusing to fall back to a fuzzy match against an unrelated base game",,,100.0
a-song-of-ice-fire-battle-of-the-trident,A Song of Ice & Fire: Battle of the Trident,"QUALITY_GATE: shrunk=6.30, usersrated=10",413911,A Song of Ice & Fire: Tactics – Battle of the Trident,90.47619047619048
final-girl-series-3-bonus-features-box,Final Girl: Series 3 Bonus Features Box,"LOW_CONFIDENCE_MATCH: exact match is a BGG expansion/non-base entry, out of scope -- refusing to fall back to a fuzzy match against an unrelated base game",,,100.0
ice-and-idols,Ice and Idols,"QUALITY_GATE: shrunk=6.78, usersrated=195",423013,Ice and Idols,100.0
dc-deck-building-game-party-starter-edition,DC Deck-Building Game (Party/Starter Edition),LOW_CONFIDENCE_MATCH: fuzzy score below threshold or too close to runner-up,,,73.11827956989248
air-tallarn-sand,Air: Tallarn Sand,LOW_CONFIDENCE_MATCH: fuzzy score below threshold or too close to runner-up,,,68.96551724137932
vault-assault,Vault Assault,"QUALITY_GATE: shrunk=6.28, usersrated=68",226757,Vault Assault,100.0
cthulhu-wars-shaggai-map-expansion,Cthulhu Wars: Shaggai Map Expansion,"LOW_CONFIDENCE_MATCH: exact match is a BGG expansion/non-base entry, out of scope -- refusing to fall back to a fuzzy match against an unrelated base game",,,100.0
warfighter-multi-era-exp-2-gear-and-skills,Warfighter Multi-Era: Exp 2 Gear and Skills,LOW_CONFIDENCE_MATCH: fuzzy score below threshold or too close to runner-up,,,55.55555555555556
high-rise-wooden-bases,High Rise: Wooden Bases,LOW_CONFIDENCE_MATCH: fuzzy score below threshold or too close to runner-up,,,62.857142857142854
oddities-a-peculiar-card-game,Oddities: A Peculiar Card Game,LOW_CONFIDENCE_MATCH: fuzzy score below threshold or too close to runner-up,,,64.0
british-tin-x20-tokens-x2-objectives-x16-dice-2,"British Tin (x20 Tokens, x2 Objectives, x16 Dice)",LOW_CONFIDENCE_MATCH: fuzzy score below threshold or too close to runner-up,,,49.27536231884058
3-minute-origami,3 Minute Origami,LOW_CONFIDENCE_MATCH: fuzzy score below threshold or too close to runner-up,,,68.96551724137932
tortilla-slap-game,Tortilla Slap Game,LOW_CONFIDENCE_MATCH: fuzzy score below threshold or too close to runner-up,,,83.87096774193549
2gm-tactics-board-game-ussr-expansion,2GM Tactics Board Game: USSR Expansion,LOW_CONFIDENCE_MATCH: fuzzy score below threshold or too close to runner-up,,,68.18181818181819
100-pics-christmas-jokes,100 PICS Christmas Jokes,LOW_CONFIDENCE_MATCH: fuzzy score below threshold or too close to runner-up,,,68.18181818181819
james-bond-cluedo,James Bond - Cluedo,LOW_CONFIDENCE_MATCH: fuzzy score below threshold or too close to runner-up,,,74.07407407407408
monopoly-love-actually,Monopoly: Love Actually,LOW_CONFIDENCE_MATCH: fuzzy score below threshold or too close to runner-up,,,72.22222222222221
bamboo-bash,Bamboo Bash,"QUALITY_GATE: shrunk=5.69, usersrated=84",304665,Bamboo Bash,100.0
drink-is-the-answer,Drink is the Answer,LOW_CONFIDENCE_MATCH: fuzzy score below threshold or too close to runner-up,,,76.47058823529412
harry-potter-heroes-of-hogwarts-top-trumps-specials,Harry Potter Heroes of Hogwarts Top Trumps Specials,LOW_CONFIDENCE_MATCH: fuzzy score below threshold or too close to runner-up,,,63.29113924050633
push-popper-mat-game,Push Popper Mat Game,LOW_CONFIDENCE_MATCH: fuzzy score below threshold or too close to runner-up,,,76.92307692307692
zed-plush,Zed Plush,LOW_CONFIDENCE_MATCH: fuzzy score below threshold or too close to runner-up,,,66.66666666666667
koi-garden,Koi Garden,"QUALITY_GATE: shrunk=6.33, usersrated=90",330668,Koi Garden,100.0
the-expanse-rpg-beyond-the-ring,The Expanse RPG: Beyond The Ring,LOW_CONFIDENCE_MATCH: fuzzy score below threshold or too close to runner-up,,,65.0
traveller-mercenary-box-set,Traveller: Mercenary Box Set,LOW_CONFIDENCE_MATCH: fuzzy score below threshold or too close to runner-up,,,64.0
farm-club,Farm Club,"QUALITY_GATE: shrunk=6.22, usersrated=386",358790,Farm Club,100.0
dimension-the-brain-game,Dimension - The Brain Game To Go,LOW_CONFIDENCE_MATCH: fuzzy score below threshold or too close to runner-up,,,68.85245901639344
dune-agent-asset-deck,Dune: Agent Asset Deck,LOW_CONFIDENCE_MATCH: fuzzy score below threshold or too close to runner-up,,,66.66666666666667
i-want-my-mtv,I Want My MTV,"QUALITY_GATE: shrunk=6.50, usersrated=0",466255,I Want My MTV,100.0
ant-and-decs-limitless-win-card-game,Ant and Dec's Limitless Win Card Game,"QUALITY_GATE: shrunk=6.40, usersrated=5",416997,Ant & Dec's Limitless Win,100.0
host-your-own-pub-quiz,Host Your Own Pub Quiz,"QUALITY_GATE: shrunk=6.44, usersrated=3",378899,Host Your Own Pub Quiz,100.0
tickle-toes,Grandad Tickle Toes,LOW_CONFIDENCE_MATCH: fuzzy score below threshold or too close to runner-up,,,78.78787878787878
sprites-sprouts,Sprites & Sprouts,"QUALITY_GATE: shrunk=6.50, usersrated=1",438438,Sprites & Sprouts,100.0
invasion,Invasion,LOW_CONFIDENCE_MATCH: ambiguous: multiple BGG entries share this normalized title,,,
blume-kickstarter-edition,Blume (Kickstarter Edition),LOW_CONFIDENCE_MATCH: fuzzy score below threshold or too close to runner-up,,,79.24528301886792
riftlands-shadow-kingdoms-of-valeria,Riftlands: Shadow Kingdoms of Valeria,LOW_CONFIDENCE_MATCH: fuzzy score below threshold or too close to runner-up,,,83.87096774193549
outrun-the-bear-2,Outrun The Bear,"QUALITY_GATE: shrunk=6.65, usersrated=141",369114,Outrun the Bear,100.0
accomplices,Accomplices,"QUALITY_GATE: shrunk=6.63, usersrated=208",364266,Complices,90.0
tiger-banana-pancake,Tiger Banana Pancake,"QUALITY_GATE: shrunk=6.79, usersrated=19",400855,Tiger Banana Pancake,100.0
minions-pokapon,Minions Pokapon,LOW_CONFIDENCE_MATCH: fuzzy score below threshold or too close to runner-up,,,69.23076923076923
bicycle-world-of-warcraft-the-burning-crusade-playing-cards,Bicycle - World Of Warcraft: The Burning Crusade Playing Cards,LOW_CONFIDENCE_MATCH: fuzzy score below threshold or too close to runner-up,,,58.53658536585367
dungeon-saga-origins-the-dice-game,Dungeon Saga Origins: The Dice Game,"QUALITY_GATE: shrunk=6.46, usersrated=17",426765,Dungeon Saga Origins: The Dice Game,100.0
signature-series-expansion-adventure-party-the-role-playing-party-game,Signature Series Expansion: Adventure Party: The Role-Playing Party Game,LOW_CONFIDENCE_MATCH: fuzzy score below threshold or too close to runner-up,,,74.28571428571429
storm-raiders,Storm Raiders,"QUALITY_GATE: shrunk=7.12, usersrated=338",386447,Storm Raiders,100.0
eve-war-for-new-eden-structures-set,EVE War for New Eden - Structures Set,LOW_CONFIDENCE_MATCH: fuzzy score below threshold or too close to runner-up,,,72.72727272727273
imperial-miners-aztecs-vs-weirdlings,Imperial Miners: Aztecs vs Weirdlings,"LOW_CONFIDENCE_MATCH: exact match is a BGG expansion/non-base entry, out of scope -- refusing to fall back to a fuzzy match against an unrelated base game",,,100.0
gods-of-rome-solo,Gods of Rome Solo,LOW_CONFIDENCE_MATCH: fuzzy score below threshold or too close to runner-up,,,82.75862068965517
starlight-of-iridescia-mini-expansion,Starlight of Iridescia Mini Expansion,LOW_CONFIDENCE_MATCH: fuzzy score below threshold or too close to runner-up,,,60.273972602739725
manhattan-project-war-machine-board-game,Manhattan Project: War Machine Board Game,"QUALITY_GATE: shrunk=6.52, usersrated=194",375573,Manhattan Project: War Machine,100.0
read-em-and-weep-playing-card-set,Read Em and Weep Playing Card Set,LOW_CONFIDENCE_MATCH: fuzzy score below threshold or too close to runner-up,,,61.53846153846154
urban-operations-2nd-edition,Urban Operations 2nd Edition,"QUALITY_GATE: shrunk=6.91, usersrated=126",179251,Urban Operations,100.0
dancing-queen-board-game-micro-game-edition,Dancing Queen Board Game: Micro Game Edition,LOW_CONFIDENCE_MATCH: fuzzy score below threshold or too close to runner-up,,,66.66666666666667
scope-card-game-u-boot,SCOPE Card Game: U-Boot,"QUALITY_GATE: shrunk=6.96, usersrated=132",372243,SCOPE U-boot,100.0
dc-super-skill-pinball-harley-quinn-ball,DC Super-Skill Pinball: Harley Quinn Ball,"QUALITY_GATE: shrunk=6.78, usersrated=53",422339,DC Super-Skill Pinball: Harley Quinn Ball,100.0
deadlands-the-weird-west-rpg-night-train-25th-anniversary-boxed-set-swade,Deadlands The Weird West RPG: Night Train 25th Anniversary Boxed Set (SWADE),LOW_CONFIDENCE_MATCH: fuzzy score below threshold or too close to runner-up,,,60.0
done-i-am,Done I Am,"QUALITY_GATE: shrunk=6.71, usersrated=215",449916,DONE I AM,100.0
monopoly-riverdale,Monopoly: Riverdale,"QUALITY_GATE: shrunk=6.52, usersrated=4",321027,Monopoly: Riverdale,100.0
for-the-girls-first-expansion,For The Girls First Expansion,"LOW_CONFIDENCE_MATCH: exact match is a BGG expansion/non-base entry, out of scope -- refusing to fall back to a fuzzy match against an unrelated base game",,,100.0
rajas-of-the-ganges-cards-karma,Rajas of the Ganges Cards & Karma,"QUALITY_GATE: shrunk=6.90, usersrated=570",410625,Rajas of the Ganges: Cards & Karma,100.0
snaffle-board-game,Snaffle Board Game,"QUALITY_GATE: shrunk=6.53, usersrated=5",426148,Snaffle: Original Edition,95.0
mm-case-files-murder-noir,MM Case Files: Murder Noir,LOW_CONFIDENCE_MATCH: fuzzy score below threshold or too close to runner-up,,,70.58823529411764
space-base-genesis,Space Base: Genesis,"LOW_CONFIDENCE_MATCH: exact match is a BGG expansion/non-base entry, out of scope -- refusing to fall back to a fuzzy match against an unrelated base game",,,100.0
nemesis-retaliation-core-box,Nemesis Retaliation Core Box,LOW_CONFIDENCE_MATCH: fuzzy score below threshold or too close to runner-up,,,80.85106382978724
forest-shuffle-smoky-mountains,Forest Shuffle - Smoky Mountains,"QUALITY_GATE: shrunk=7.00, usersrated=61",463296,Forest Shuffle: Smoky Mountains,100.0
liars-dice,Liars Dice,LOW_CONFIDENCE_MATCH: fuzzy score below threshold or too close to runner-up,,,84.21052631578947
cortex-plus-mlv,Cortex Plus MLV,LOW_CONFIDENCE_MATCH: fuzzy score below threshold or too close to runner-up,,,68.57142857142857
sonic-the-hedgehog-whot,Sonic the Hedgehog WHOT!,LOW_CONFIDENCE_MATCH: fuzzy score below threshold or too close to runner-up,,,86.48648648648648
naruto-ninja-arena-sensei-pack,Naruto Ninja Arena: Sensei Pack,"LOW_CONFIDENCE_MATCH: exact match is a BGG expansion/non-base entry, out of scope -- refusing to fall back to a fuzzy match against an unrelated base game",,,100.0
munchkin-vox-machina-a-critical-role-game,Munchkin Vox Machina: A Critical Role Game,"QUALITY_GATE: shrunk=6.50, usersrated=1",454650,Munchkin: Vox Machina – A Critical Role Game,100.0
last-week-of-summer,Last Week of Summer,"QUALITY_GATE: shrunk=7.10, usersrated=60",419784,Last Week of Summer,100.0
shall-we-dance,Shall We Dance,"QUALITY_GATE: shrunk=6.62, usersrated=229",454150,Shall We Dance,100.0
xscape-the-evolving-game-of-survival,XSCAPE: The Evolving Game of Survival,LOW_CONFIDENCE_MATCH: fuzzy score below threshold or too close to runner-up,,,69.0909090909091
death-in-the-alps-murder-mystery,Death in the Alps: Murder Mystery,LOW_CONFIDENCE_MATCH: fuzzy score below threshold or too close to runner-up,,,77.19298245614034
triangulation,Triangulation,"QUALITY_GATE: shrunk=6.85, usersrated=172",453704,Triangulation,100.0
aquatica-duellum,Aquatica Duellum,"QUALITY_GATE: shrunk=6.83, usersrated=135",422041,Aquatica: Duellum,100.0
pathfinder-quest-board-game,Pathfinder Quest Board Game,"QUALITY_GATE: shrunk=7.18, usersrated=57",430794,Pathfinder Quest,100.0
cat-trick,Cat Trick,"QUALITY_GATE: shrunk=6.49, usersrated=22",460428,Cat Trick,100.0
insurrection,Insurrection,"QUALITY_GATE: shrunk=6.95, usersrated=190",450281,Insurrection,100.0
compress,Compress,"QUALITY_GATE: shrunk=6.45, usersrated=25",448646,Compress,100.0
unrest-uprising-expansion,Unrest: Uprising Expansion,"LOW_CONFIDENCE_MATCH: exact match is a BGG expansion/non-base entry, out of scope -- refusing to fall back to a fuzzy match against an unrelated base game",,,100.0
coalitions-realpolitik,Coalitions: Realpolitik,"QUALITY_GATE: shrunk=6.67, usersrated=23",345106,Coalitions: Realpolitik,100.0
super-auto-pets-card-battle-the-magic-pack,Super Auto Pets Card Battle: The Magic Pack,"QUALITY_GATE: shrunk=6.69, usersrated=10",472279,Super Auto Pets Card Battle: Magic Pack,100.0
purgatorio-men-of-iron-volume-6,Purgatorio: Men of Iron Volume 6,"QUALITY_GATE: shrunk=7.03, usersrated=47",423938,Purgatorio: Men of Iron Volume VI,100.0
wolfmoon,Wolfmoon,"QUALITY_GATE: shrunk=6.45, usersrated=5",470634,Wolfmoon,100.0
a-grade-river-dragons,*A Grade* River Dragons,LOW_CONFIDENCE_MATCH: fuzzy score below threshold or too close to runner-up,,,81.25
escape-the-dark-castle-second-edition,Escape the Dark Castle (Second Edition),"QUALITY_GATE: shrunk=6.62, usersrated=5",457260,Escape the Dark Castle: Second Edition,100.0
alice-s-garden,Alice's Garden,"QUALITY_GATE: shrunk=7.07, usersrated=1626",298635,Alice's Garden,100.0
fliptown-the-outskirts,Fliptown: The Outskirts,LOW_CONFIDENCE_MATCH: fuzzy score below threshold or too close to runner-up,,,62.06896551724138
kezao,Kezao,"QUALITY_GATE: shrunk=6.44, usersrated=135",340744,Kezao,100.0
bicycle-disney-toy-story,Bicycle Disney Toy Story,LOW_CONFIDENCE_MATCH: fuzzy score below threshold or too close to runner-up,,,64.15094339622642
d-o-t,D.O.T,"QUALITY_GATE: shrunk=6.62, usersrated=32",451061,D.O.T,100.0
yokai-carnival,Yokai Carnival,"QUALITY_GATE: shrunk=6.49, usersrated=48",420764,Yokai Carnival,100.0
thieves-of-eldris,Thieves of Eldris,"QUALITY_GATE: shrunk=6.54, usersrated=41",436908,Thieves of Eldris,100.0
synchro-horizon-core-box,Synchro Horizon Core Box,LOW_CONFIDENCE_MATCH: fuzzy score below threshold or too close to runner-up,,,76.92307692307692
dingbats-to-go-purple,Dingbats To Go - Purple,LOW_CONFIDENCE_MATCH: fuzzy score below threshold or too close to runner-up,,,71.42857142857143
aliens-attack,Aliens Attack,"QUALITY_GATE: shrunk=6.43, usersrated=28",440022,Aliens Attack!,100.0
blood-rage-end-times-expansion,Blood Rage End Times Expansion,LOW_CONFIDENCE_MATCH: fuzzy score below threshold or too close to runner-up,,,65.45454545454545
red-panda,Red Panda,"QUALITY_GATE: shrunk=6.47, usersrated=197",244203,Red Panda,100.0
unicorn-fever-royal-hooves-expansion,Unicorn Fever: Royal Hooves Expansion,LOW_CONFIDENCE_MATCH: fuzzy score below threshold or too close to runner-up,,,63.01369863013699
subbuteo-claret-blue,Subbuteo Claret/Blue,LOW_CONFIDENCE_MATCH: fuzzy score below threshold or too close to runner-up,,,72.22222222222221
vita-mors,Vita Mors,"QUALITY_GATE: shrunk=6.69, usersrated=133",240175,VITA MORS,100.0
reviving-kathmandu,Reviving Kathmandu Deluxe,"QUALITY_GATE: shrunk=6.83, usersrated=211",374573,Reviving Kathmandu,100.0
farm-opoly,Farm-Opoly,"QUALITY_GATE: shrunk=6.44, usersrated=12",28643,Farm-opoly,100.0
betty-two-bricks,Betty Two Bricks,"QUALITY_GATE: shrunk=6.52, usersrated=5",423076,Betty Two Bricks,100.0
elevenses-pocket-line-edition,Elevenses: Pocket Line Edition,LOW_CONFIDENCE_MATCH: fuzzy score below threshold or too close to runner-up,,,69.0909090909091
question-of-sport-mystery-guest,Question Of Sport - Mystery Guest,LOW_CONFIDENCE_MATCH: fuzzy score below threshold or too close to runner-up,,,72.72727272727273
moonrise-life-in-reterra-expansion,Moonrise: Life in Reterra Expansion,LOW_CONFIDENCE_MATCH: fuzzy score below threshold or too close to runner-up,,,62.857142857142854
bidibirdy,Bidibirdy,"QUALITY_GATE: shrunk=6.44, usersrated=2",450817,Bidibirdy,100.0
cosmolancer,Cosmolancer,"QUALITY_GATE: shrunk=6.70, usersrated=5490",119,Cosmolancer,100.0
double-6-dominoes,Double 6 Dominoes,LOW_CONFIDENCE_MATCH: fuzzy score below threshold or too close to runner-up,,,76.92307692307692
dog-ate-my-homework,Dog Ate My Homework,"QUALITY_GATE: shrunk=6.44, usersrated=4",445003,The Dog Ate My Homework,100.0
escape-from-projekt-riese-box-set,Escape from Projekt Riese: BOX Set,LOW_CONFIDENCE_MATCH: fuzzy score below threshold or too close to runner-up,,,86.20689655172413
bouba-kiki,Bouba/Kiki,"QUALITY_GATE: shrunk=6.70, usersrated=65",408945,Bouba/Kiki,100.0
buckaroo,Buckaroo,"QUALITY_GATE: shrunk=4.83, usersrated=675",8392,Buckaroo!,100.0
critical-hits-bag-black-sword-sorcery-acc,Sword & Sorcery: Critical Hits Bag (black),LOW_CONFIDENCE_MATCH: fuzzy score below threshold or too close to runner-up,,,67.6923076923077
football-game,Football Game,LOW_CONFIDENCE_MATCH: ambiguous: multiple BGG entries share this normalized title,,,
watch-ya-mouth-nsfw-expansion-pack-1,Watch Ya Mouth NSFW Expansion Pack 1,LOW_CONFIDENCE_MATCH: fuzzy score below threshold or too close to runner-up,,,62.68656716417911
snap-and-pairs-farmyard,Snap and Pairs Farmyard,LOW_CONFIDENCE_MATCH: fuzzy score below threshold or too close to runner-up,,,63.1578947368421
sexy-charades,Sexy Charades,LOW_CONFIDENCE_MATCH: fuzzy score below threshold or too close to runner-up,,,85.71428571428572
lizard-wizard-kickstarter-edition,Lizard Wizard - Kickstarter Edition,LOW_CONFIDENCE_MATCH: fuzzy score below threshold or too close to runner-up,,,82.75862068965517
star-wars-the-mandalorian-waddingtons-no-1-playing-cards,Star Wars The Mandalorian Waddingtons No. 1 Playing Cards,LOW_CONFIDENCE_MATCH: fuzzy score below threshold or too close to runner-up,,,65.85365853658536
dinosaur-opposites,Dinosaur Opposites,LOW_CONFIDENCE_MATCH: fuzzy score below threshold or too close to runner-up,,,73.6842105263158
sacrifice-666,Sacrifice 666,"QUALITY_GATE: shrunk=6.51, usersrated=42",347564,Sacrifice 666,100.0
legions-necrocampe,Legions: Necrocampe,LOW_CONFIDENCE_MATCH: fuzzy score below threshold or too close to runner-up,,,62.5
haunted-woods-of-malthorin-dungeoneer,Haunted Woods of Malthorin: Dungeoneer,"QUALITY_GATE: shrunk=6.34, usersrated=567",11159,Dungeoneer: Haunted Woods of Malthorin,100.0
german-dice-x6-decal-x1,German Dice (x6) & Decal (x1),LOW_CONFIDENCE_MATCH: fuzzy score below threshold or too close to runner-up,,,61.904761904761905
u-s-s-r-dice-x6-decal-x1,U.S.S.R. Dice (x6) & Decal (x1),LOW_CONFIDENCE_MATCH: fuzzy score below threshold or too close to runner-up,,,57.77777777777777
froggit,Froggit,"QUALITY_GATE: shrunk=6.47, usersrated=68",301442,Froggit,100.0
2gm-tactics-board-game-germany-reinforcements-expansion,2GM Tactics Board Game: Germany Reinforcements Expansion,LOW_CONFIDENCE_MATCH: fuzzy score below threshold or too close to runner-up,,,57.971014492753625
2gm-tactics-board-game-italy-expansion,2GM Tactics Board Game: Italy Expansion,LOW_CONFIDENCE_MATCH: fuzzy score below threshold or too close to runner-up,,,75.55555555555556
polaroid-the-game,Polaroid: The Game,"QUALITY_GATE: shrunk=6.50, usersrated=3",460765,The Polaroid Game,100.0
dog-jokes,Dog Jokes,LOW_CONFIDENCE_MATCH: fuzzy score below threshold or too close to runner-up,,,77.77777777777779
quadrillion,Quadrillion,LOW_CONFIDENCE_MATCH: fuzzy score below threshold or too close to runner-up,,,80.0
grabbit-2021,Grabbit,LOW_CONFIDENCE_MATCH: ambiguous: multiple BGG entries share this normalized title,,,
the-original-sherlock-holmes-and-his-baker-street-irregulars,The Original Sherlock Holmes and His Baker Street Irregulars,"QUALITY_GATE: shrunk=6.59, usersrated=52",310196,The Original Sherlock Holmes and His Baker Street Irregulars,100.0
kiwi-chow-down-kickstarter-edition,Kiwi Chow Down,"QUALITY_GATE: shrunk=7.19, usersrated=232",329546,Kiwi Chow Down,100.0
lock-up-breakout-a-roll-player-tale-expansion,Lock Up: Breakout A Roll Player Tale Expansion,LOW_CONFIDENCE_MATCH: fuzzy score below threshold or too close to runner-up,,,63.63636363636363
doctor-who-the-roleplaying-game-starter-set-second-edition,Doctor Who: The Roleplaying Game Starter Set (Second Edition),LOW_CONFIDENCE_MATCH: fuzzy score below threshold or too close to runner-up,,,74.0
five-nights-at-freddys-survive-til-6am-game,Five Nights at Freddy's - Survive 'Til 6AM Game,"QUALITY_GATE: shrunk=6.32, usersrated=236",319288,Five Nights at Freddy's: Survive 'Til 6AM,93.5064935064935
minions-2-the-rise-of-gru-top-trumps-specials,Minions 2: The Rise of Gru Top Trumps Specials,LOW_CONFIDENCE_MATCH: fuzzy score below threshold or too close to runner-up,,,65.625
hunter-the-reckoning-5th-edition-roleplaying-game-character-journal,Hunter: The Reckoning 5th Edition Roleplaying Game Character Journal,LOW_CONFIDENCE_MATCH: fuzzy score below threshold or too close to runner-up,,,62.06896551724138
the-spill,The Spill,"QUALITY_GATE: shrunk=6.83, usersrated=633",338479,The Spill,100.0
aquanauts,Aquanauts,LOW_CONFIDENCE_MATCH: ambiguous: multiple BGG entries share this normalized title,,,
disney-top-trumps-quiz-2023-refresh,Disney Top Trumps Quiz (2023 Refresh),LOW_CONFIDENCE_MATCH: fuzzy score below threshold or too close to runner-up,,,77.19298245614034
tutankhamun-pharoah-edition,Tutankhamun - Pharoah Edition,LOW_CONFIDENCE_MATCH: fuzzy score below threshold or too close to runner-up,,,63.829787234042556
stitch-top-trumps-specials,Stitch Top Trumps Specials,LOW_CONFIDENCE_MATCH: fuzzy score below threshold or too close to runner-up,,,71.42857142857143
hostile-hoarders,Hostile Hoarders,"QUALITY_GATE: shrunk=6.55, usersrated=7",352260,Hostile Hoarders,100.0
the-great-air-races-magnificent-flying-machines-expansion,The Great Air Races: Magnificent Flying Machines Expansion,LOW_CONFIDENCE_MATCH: fuzzy score below threshold or too close to runner-up,,,68.23529411764706
small-city-winter-edition,Small City Winter Edition,LOW_CONFIDENCE_MATCH: fuzzy score below threshold or too close to runner-up,,,74.4186046511628
tiny-turbo-cars-collectors-edition,Tiny Turbo Cars - Collectors Edition,LOW_CONFIDENCE_MATCH: ambiguous: multiple BGG entries share this normalized title,,,
umbrella-academy-the-board-game-deluxe-edition,Umbrella Academy: The Board Game (Deluxe Edition),"QUALITY_GATE: shrunk=6.61, usersrated=44",357257,The Umbrella Academy: The Board Game,100.0
iq-waves,IQ Waves,LOW_CONFIDENCE_MATCH: fuzzy score below threshold or too close to runner-up,,,77.77777777777779
battle-royale-last-man-standing,Battle Royale: Last One Standing,LOW_CONFIDENCE_MATCH: fuzzy score below threshold or too close to runner-up,,,100.0
dragonbond-lords-of-vaala,Dragonbond: Lords of Vaala,"QUALITY_GATE: shrunk=6.93, usersrated=295",337098,Dragonbond: Lords of Vaala,100.0
sherwood-bandits-core-box,Sherwood Bandits Core Box,LOW_CONFIDENCE_MATCH: fuzzy score below threshold or too close to runner-up,,,78.04878048780488
on-tour-board-game-paris-and-new-york,On Tour Board Game: Paris And New York,"QUALITY_GATE: shrunk=6.81, usersrated=376",360706,On Tour: Paris and New York,100.0
50-must-read-books-of-the-world-bucket-list-1000-piece-puzzle,50 Must-Read Books of the World Bucket List 1000-Piece Puzzle,LOW_CONFIDENCE_MATCH: fuzzy score below threshold or too close to runner-up,,,54.385964912280706
tiny-t-rex-magnetic-play-set,Tiny T.Rex Magnetic Play Set,LOW_CONFIDENCE_MATCH: fuzzy score below threshold or too close to runner-up,,,66.66666666666667
read-my-mind-2,Read My Mind,"QUALITY_GATE: shrunk=6.38, usersrated=9",279175,Read My Mind,100.0
cribbage-in-a-box-cribbage-game-set,Cribbage In A Box Cribbage Game Set,LOW_CONFIDENCE_MATCH: fuzzy score below threshold or too close to runner-up,,,60.37735849056604
root-ruins-and-rolls-fanroll-dice-megapack-kickstarter,Root: Ruins and Rolls FanRoll Dice: Megapack - Kickstarter,LOW_CONFIDENCE_MATCH: fuzzy score below threshold or too close to runner-up,,,63.829787234042556
marvel-cinematic-universe-volume-1-top-trumps,Marvel Cinematic Universe Volume 1 Top Trumps,LOW_CONFIDENCE_MATCH: fuzzy score below threshold or too close to runner-up,,,74.66666666666666
moving-day-3,Moving Day,"QUALITY_GATE: shrunk=6.70, usersrated=86",400276,Moving Day,100.0
roll-to-the-top-journeys-board-game-adventures-expansion,Roll To The Top Journeys Board Game: Adventures Expansion,LOW_CONFIDENCE_MATCH: fuzzy score below threshold or too close to runner-up,,,67.5
get-wet-categories,Get Wet Categories,"QUALITY_GATE: shrunk=6.51, usersrated=2",421937,Get Wet Categories,100.0
bicycle-stargazer-falling-star-playing-cards,Bicycle - Stargazer Falling Star Playing Cards,LOW_CONFIDENCE_MATCH: fuzzy score below threshold or too close to runner-up,,,57.14285714285714
jalape-no,Jalape-NO!,"QUALITY_GATE: shrunk=6.42, usersrated=511",206,Jalape-NO!,100.0
wild-weather-an-aspens-expansion,Wild Weather - An Aspens Expansion,LOW_CONFIDENCE_MATCH: fuzzy score below threshold or too close to runner-up,,,62.96296296296296
bear-mountain-camping-pets-mini-expansion,Bear Mountain Camping Pets Mini Expansion,LOW_CONFIDENCE_MATCH: fuzzy score below threshold or too close to runner-up,,,58.33333333333333
person-do-thing,Person Do Thing,"QUALITY_GATE: shrunk=6.85, usersrated=24",456114,Person Do Thing,100.0
elden-ring-stormveil-castle,Elden Ring: Stormveil Castle,"QUALITY_GATE: shrunk=6.93, usersrated=32",439612,Elden Ring: Stormveil Castle,100.0
stroganov-turukhan,Stroganov: Turukhan,"LOW_CONFIDENCE_MATCH: exact match is a BGG expansion/non-base entry, out of scope -- refusing to fall back to a fuzzy match against an unrelated base game",,,100.0
raccoon-tycoon-premium-edition,Raccoon Tycoon - Premium Edition,LOW_CONFIDENCE_MATCH: fuzzy score below threshold or too close to runner-up,,,63.63636363636363
harry-potter-wizard-challenge,Harry Potter: Wizard Challenge,LOW_CONFIDENCE_MATCH: fuzzy score below threshold or too close to runner-up,,,72.72727272727273
take-time-mirage-expansion,Take Time: Mirage - Expansion,LOW_CONFIDENCE_MATCH: fuzzy score below threshold or too close to runner-up,,,65.3061224489796
sharks-top-trumps,Sharks Top Trumps,LOW_CONFIDENCE_MATCH: fuzzy score below threshold or too close to runner-up,,,74.07407407407408
tenpenny-parks-winter-lights-spooky-nights,Tenpenny Parks Winter Lights & Spooky Nights,LOW_CONFIDENCE_MATCH: fuzzy score below threshold or too close to runner-up,,,56.33802816901409
shark-bite-board-game,Shark Bite Board Game,"QUALITY_GATE: shrunk=5.51, usersrated=116",244216,Shark Bite,100.0
labyrinth-kpop-demon-hunters,Labyrinth KPop Demon Hunters,LOW_CONFIDENCE_MATCH: fuzzy score below threshold or too close to runner-up,,,80.0
space-off-the-milky-way-s-most-ridiculous-party-game,Space-Off - The Milky Way's Most Ridiculous Party Game,LOW_CONFIDENCE_MATCH: fuzzy score below threshold or too close to runner-up,,,58.22784810126582
rollie,Rollie,"QUALITY_GATE: shrunk=6.56, usersrated=114",453861,Rollie,100.0
escape-through-time,Escape Through Time,"QUALITY_GATE: shrunk=6.51, usersrated=2",473504,Escape Through Time,100.0
big-2,Big 2,"QUALITY_GATE: shrunk=6.47, usersrated=487",13597,Big Two,100.0
zombie-dot,Zombie Dot,"QUALITY_GATE: shrunk=6.46, usersrated=66",393359,Zombie Dot!,100.0
secret-societies,Secret Societies,LOW_CONFIDENCE_MATCH: ambiguous: multiple BGG entries share this normalized title,,,
amoebunnies,Amoebunnies,"QUALITY_GATE: shrunk=6.82, usersrated=67",386219,Amoebunnies,100.0
ipso,Ipso,"QUALITY_GATE: shrunk=5.79, usersrated=256",460955,Ipso,100.0
frozen-passage,Frozen Passage,"QUALITY_GATE: shrunk=6.60, usersrated=43",468616,The Frozen Passage,100.0
food-truck-race,Food Truck Race,LOW_CONFIDENCE_MATCH: ambiguous: multiple BGG entries share this normalized title,,,
viking-route,Viking Route,"QUALITY_GATE: shrunk=6.59, usersrated=19",411265,Viking Route,100.0
kado,Kado,LOW_CONFIDENCE_MATCH: ambiguous: multiple BGG entries share this normalized title,,,
blancat,Blancat,"QUALITY_GATE: shrunk=6.75, usersrated=17",462649,Blancat,100.0
wizerds-warriors-and-werewolves,Wizerds Warriors and Werewolves,"QUALITY_GATE: shrunk=6.53, usersrated=1",468574,"Wizerds, Warriors, and Werewolves",100.0
coalitions-ancien-regime,Coalitions: Ancien Regime,LOW_CONFIDENCE_MATCH: fuzzy score below threshold or too close to runner-up,,,70.0
coalitions-raison-d-etat,Coalitions: Raison d`Etat,"QUALITY_GATE: shrunk=6.55, usersrated=16",341714,Coalitions: Raison d'Etat,100.0
mystic-lands-oran-mor-edition,Mystic Lands Oran Mor Edition,LOW_CONFIDENCE_MATCH: fuzzy score below threshold or too close to runner-up,,,68.0
the-secrets-of-warden-keene,The Secrets of Warden Keene,"QUALITY_GATE: shrunk=7.02, usersrated=156",453913,The Secrets of Warden Keene,100.0
dobble-kpop-demon-hunters,Dobble KPOP Demon Hunters,LOW_CONFIDENCE_MATCH: fuzzy score below threshold or too close to runner-up,,,76.59574468085107
b-grade-go-f-k-yourself,*B Grade* Go F**k Yourself,LOW_CONFIDENCE_MATCH: fuzzy score below threshold or too close to runner-up,,,78.94736842105263
picture-slam-travel-tin,Picture Slam (Travel Tin),LOW_CONFIDENCE_MATCH: fuzzy score below threshold or too close to runner-up,,,68.18181818181819
cosmere-rpg-mistborn-starter-set,Cosmere RPG: Mistborn Starter Set,LOW_CONFIDENCE_MATCH: fuzzy score below threshold or too close to runner-up,,,64.51612903225806
mini-rogue-beyond-the-portal,Mini Rogue: Beyond the Portal,"LOW_CONFIDENCE_MATCH: exact match is a BGG expansion/non-base entry, out of scope -- refusing to fall back to a fuzzy match against an unrelated base game",,,100.0
super-auto-pets-card-battle-coin-trophy-upgrade-set,Super Auto Pets Card Battle: Coin & Trophy Upgrade Set,LOW_CONFIDENCE_MATCH: fuzzy score below threshold or too close to runner-up,,,63.829787234042556
the-trial-of-the-forest,The Trial of the Forest,"QUALITY_GATE: shrunk=6.81, usersrated=14",449725,The Trial of the Forest,100.0
a-grade-pirate-fluxx,*A Grade* Pirate Fluxx,LOW_CONFIDENCE_MATCH: fuzzy score below threshold or too close to runner-up,,,80.0
cultivo,Cultivo,"QUALITY_GATE: shrunk=6.64, usersrated=58",451246,Cultivo,100.0
uno-masters-of-the-universe-movie,UNO Masters of the Universe Movie,LOW_CONFIDENCE_MATCH: fuzzy score below threshold or too close to runner-up,,,88.46153846153845
the-game-natureline,The Game - Natureline,LOW_CONFIDENCE_MATCH: fuzzy score below threshold or too close to runner-up,,,77.77777777777779
monopoly-deal-fifa-world-cup-2026,Monopoly Deal Fifa World Cup 2026,LOW_CONFIDENCE_MATCH: fuzzy score below threshold or too close to runner-up,,,78.26086956521739
family-card-games-memory-game,Family Card Games - Memory Game,LOW_CONFIDENCE_MATCH: fuzzy score below threshold or too close to runner-up,,,71.42857142857143
bicycle-140,Bicycle 140,LOW_CONFIDENCE_MATCH: fuzzy score below threshold or too close to runner-up,,,66.66666666666667
trickerion-arcane-arts,Trickerion: Arcane Arts,"LOW_CONFIDENCE_MATCH: exact match is a BGG expansion/non-base entry, out of scope -- refusing to fall back to a fuzzy match against an unrelated base game",,,100.0
magenta-i-m-out,Magenta: I'm Out,LOW_CONFIDENCE_MATCH: fuzzy score below threshold or too close to runner-up,,,66.66666666666667
maze-game-dx,Super Mario Maze Game DX,LOW_CONFIDENCE_MATCH: fuzzy score below threshold or too close to runner-up,,,72.72727272727273
skor,Skor,"QUALITY_GATE: shrunk=6.48, usersrated=11",397462,Skor: A Stacking Strategy Game,95.0
50th-anniversary-book-cover-dd,50th Anniversary Book Cover: D&D,LOW_CONFIDENCE_MATCH: fuzzy score below threshold or too close to runner-up,,,65.67164179104478
timescape-charles-dickens-dilemma,Timescape: Charles Dickens' Dilemma,"QUALITY_GATE: shrunk=6.50, usersrated=0",470327,Timescape: Charles Dickens’ Dilemma,100.0
pepper,Pepper,LOW_CONFIDENCE_MATCH: ambiguous: multiple BGG entries share this normalized title,,,
pock,Pock,LOW_CONFIDENCE_MATCH: fuzzy score below threshold or too close to runner-up,,,85.71428571428572
tug-of-roar,Tug of Roar,"QUALITY_GATE: shrunk=6.75, usersrated=37",436909,Tug of Roar,100.0
cursed-tides,Cursed Tides,"QUALITY_GATE: shrunk=6.57, usersrated=11",438283,Cursed Tides,100.0
synchro-horizon-stretch-goal-box,Synchro Horizon: Stretch Goal Box,LOW_CONFIDENCE_MATCH: fuzzy score below threshold or too close to runner-up,,,63.829787234042556
crab-rage,CRAB RAGE!,"QUALITY_GATE: shrunk=6.55, usersrated=10",464931,CRAB RAGE!,100.0
minecraft-cave-adventure,Minecraft Cave Adventure,LOW_CONFIDENCE_MATCH: fuzzy score below threshold or too close to runner-up,,,74.4186046511628
unicorn-academy-labyrinth-junior,Unicorn Academy Labyrinth Junior,LOW_CONFIDENCE_MATCH: fuzzy score below threshold or too close to runner-up,,,66.66666666666667
breadcrumbs,Breadcrumbs,LOW_CONFIDENCE_MATCH: ambiguous: multiple BGG entries share this normalized title,,,
blood-rage-valhalla,Blood Rage Valhalla,"QUALITY_GATE: shrunk=5.05, usersrated=106",449472,Blood Rage: Valhalla,100.0
pig-10,Pig 10,"QUALITY_GATE: shrunk=6.37, usersrated=295",83196,Pig 10,100.0
evolution-butterfly-effect,Evolution: Butterfly Effect,LOW_CONFIDENCE_MATCH: fuzzy score below threshold or too close to runner-up,,,76.19047619047619
greedquest,GreedQuest,"QUALITY_GATE: shrunk=5.17, usersrated=244",9666,Greed Quest,95.23809523809523
puke-the-game,Puke - The Game,"QUALITY_GATE: shrunk=6.48, usersrated=1",450666,Puke: The Totally Sick Card Game,95.0
eos-island-of-angels-deluxe-upgrade-expansion,EOS Island of Angels - Deluxe Upgrade Expansion,LOW_CONFIDENCE_MATCH: fuzzy score below threshold or too close to runner-up,,,68.96551724137932
gems-of-iridescia-standard-edition,Gems of Iridescia Standard Edition,"QUALITY_GATE: shrunk=6.87, usersrated=393",396375,Gems of Iridescia,100.0
world-football-stars-battle-mat-2,World Football Stars Battle Mat,LOW_CONFIDENCE_MATCH: fuzzy score below threshold or too close to runner-up,,,73.33333333333334
animal-bingo-magnetic-travel-game,Animal Bingo Magnetic Travel Game,LOW_CONFIDENCE_MATCH: fuzzy score below threshold or too close to runner-up,,,77.41935483870968
coaster-park,Coaster Park,"QUALITY_GATE: shrunk=4.24, usersrated=351",232895,Coaster Park,100.0
pandoria-artifacts-expansion,Pandoria: Artifacts Expansion,LOW_CONFIDENCE_MATCH: fuzzy score below threshold or too close to runner-up,,,65.21739130434783
frozen-2-4-in-a-box,Frozen 2 - 4 in a Box,LOW_CONFIDENCE_MATCH: fuzzy score below threshold or too close to runner-up,,,63.1578947368421
stroop-3rd-edition,Stroop (3rd Edition),"QUALITY_GATE: shrunk=6.34, usersrated=337",212376,Stroop,100.0
wordsearch-junior-board-game,Wordsearch Junior Board Game,"QUALITY_GATE: shrunk=6.50, usersrated=1",284857,Wordsearch Junior,100.0
legend-academy-base-edition,Legend Academy Base Edition,LOW_CONFIDENCE_MATCH: fuzzy score below threshold or too close to runner-up,,,75.47169811320755
welcome-to-everdell-upgrade-pack,Welcome to Everdell: Upgrade Pack,LOW_CONFIDENCE_MATCH: fuzzy score below threshold or too close to runner-up,,,74.50980392156863
duel-a-drinking-game,Duel - A Drinking Game,LOW_CONFIDENCE_MATCH: fuzzy score below threshold or too close to runner-up,,,74.28571428571429
mini-food-drink-trivia,Mini Food & Drink Trivia,LOW_CONFIDENCE_MATCH: fuzzy score below threshold or too close to runner-up,,,88.46153846153845
founders-of-teotihuacan,Founders Of Teotihuacan,"QUALITY_GATE: shrunk=6.78, usersrated=876",345088,Founders of Teotihuacan,100.0
zatu-large-reusable-bag,Zatu Small Reusable Bag,LOW_CONFIDENCE_MATCH: fuzzy score below threshold or too close to runner-up,,,57.77777777777777
picture-perfect-pickpocket-expansion,Picture Perfect Pickpocket Expansion,"LOW_CONFIDENCE_MATCH: exact match is a BGG expansion/non-base entry, out of scope -- refusing to fall back to a fuzzy match against an unrelated base game",,,100.0
prehistories-evolutions,Prehistories: Evolutions,"LOW_CONFIDENCE_MATCH: exact match is a BGG expansion/non-base entry, out of scope -- refusing to fall back to a fuzzy match against an unrelated base game",,,100.0
everyday-heroes-total-recall-cinematic-adventure,Everyday Heroes: Total Recall Cinematic Adventure,LOW_CONFIDENCE_MATCH: fuzzy score below threshold or too close to runner-up,,,62.92134831460674
the-one-hundred-torii-diverging-paths,The One Hundred Torii: Diverging Paths,"LOW_CONFIDENCE_MATCH: exact match is a BGG expansion/non-base entry, out of scope -- refusing to fall back to a fuzzy match against an unrelated base game",,,100.0
hidden-games,Hidden Games,LOW_CONFIDENCE_MATCH: ambiguous: multiple BGG entries share this title as a prefix,,,86.95652173913044
takamachi,Takamachi,"QUALITY_GATE: shrunk=6.13, usersrated=51",173157,Takamachi!,100.0
bloomchasers-a-delightfully-3d-game-of-flowers-and-wits,Bloomchasers: A Delightfully 3D Game of Flowers and Wits,"QUALITY_GATE: shrunk=6.72, usersrated=287",419230,Bloomchasers: A Delightful 3D Tree Game of Flowers and Wits,93.57798165137613
clash-of-the-combiners-transformers-deck-building-game-expansion,Clash of the Combiners: Transformers Deck Building Game Expansion,LOW_CONFIDENCE_MATCH: fuzzy score below threshold or too close to runner-up,,,70.37037037037037
quatermain-a-deck-building-game,Quatermain: A Deck-Building Game,LOW_CONFIDENCE_MATCH: fuzzy score below threshold or too close to runner-up,,,80.76923076923077
wastes-of-chaos,Wastes of Chaos,LOW_CONFIDENCE_MATCH: fuzzy score below threshold or too close to runner-up,,,85.71428571428572
amygdala,Amygdala,"QUALITY_GATE: shrunk=6.61, usersrated=286",360879,Amygdala,100.0
paleovet,PaleoVet,"QUALITY_GATE: shrunk=6.86, usersrated=143",328643,Paleovet,100.0
uncoated,Uncoated,LOW_CONFIDENCE_MATCH: fuzzy score below threshold or too close to runner-up,,,82.35294117647058
adventure-game-junior,Adventure Game Junior,LOW_CONFIDENCE_MATCH: fuzzy score below threshold or too close to runner-up,,,83.72093023255813
americana,Trail Story: America,"QUALITY_GATE: shrunk=6.75, usersrated=74",382834,Trail Story: America,100.0
top-secret-briefs-2,Top Secret Briefs,"QUALITY_GATE: shrunk=6.45, usersrated=6",427799,Top Secret: Briefs,100.0
high-noon-hiest,High Noon Heist,"QUALITY_GATE: shrunk=6.63, usersrated=35",381700,High Noon Heist,100.0
eve-war-for-new-eden-azariel-expansion,EVE War for New Eden - Azariel Expansion,LOW_CONFIDENCE_MATCH: fuzzy score below threshold or too close to runner-up,,,68.96551724137932
better-letters,Better Letters,"QUALITY_GATE: shrunk=6.65, usersrated=34",361562,Better Letters,100.0
bicycle-moana,Bicycle: Moana,LOW_CONFIDENCE_MATCH: fuzzy score below threshold or too close to runner-up,,,72.0
wexler-studios-roll-out-blowout,Wexler Studios Roll Out Blowout,LOW_CONFIDENCE_MATCH: fuzzy score below threshold or too close to runner-up,,,54.23728813559322
maki-master-board-game,Maki Master Board Game,"QUALITY_GATE: shrunk=6.96, usersrated=497",392455,Maki Master,100.0
baladino,Baladino,"QUALITY_GATE: shrunk=6.49, usersrated=10",440399,BalaDino,100.0
isla-board-game,Isla Board Game,"QUALITY_GATE: shrunk=6.70, usersrated=44",363683,Isla,100.0
fixer,Fixer,"QUALITY_GATE: shrunk=6.52, usersrated=143",425604,FIXER,100.0
oware-deluxe,Oware Deluxe,"QUALITY_GATE: shrunk=6.57, usersrated=538",28302,Oware,100.0
triovision,Triovision,"QUALITY_GATE: shrunk=6.38, usersrated=284",35472,Triovision,100.0
house-of-novelties-chess,House of Novelties Chess,LOW_CONFIDENCE_MATCH: fuzzy score below threshold or too close to runner-up,,,63.41463414634146
deadpool-waddingtons-number-1,Deadpool Waddingtons Number 1,LOW_CONFIDENCE_MATCH: fuzzy score below threshold or too close to runner-up,,,60.37735849056604
yote-deluxe,Yote Deluxe,"QUALITY_GATE: shrunk=6.23, usersrated=75",9385,Yoté,100.0
history-of-the-ancients-seas-expansion-1-new-markets-2nd-edition,History of the Ancients Seas Expansion 1: NEW MARKETS 2nd edition,LOW_CONFIDENCE_MATCH: fuzzy score below threshold or too close to runner-up,,,72.5
red-letter-yellow-letter,Red Letter Yellow Letter,"QUALITY_GATE: shrunk=6.37, usersrated=45",423991,"Red Letter, Yellow Letter.",100.0
murder-mystery-tube-murder-at-the-tower-of-london,Murder Mystery Tube - Murder at the Tower of London,LOW_CONFIDENCE_MATCH: fuzzy score below threshold or too close to runner-up,,,85.1063829787234
kazoo-that-party-tune,Kazoo That Party Tune,LOW_CONFIDENCE_MATCH: fuzzy score below threshold or too close to runner-up,,,83.33333333333334
flamecraft-minis-s2,Flamecraft Minis S2,LOW_CONFIDENCE_MATCH: fuzzy score below threshold or too close to runner-up,,,68.96551724137932
guess-that-noise-volume-2,Guess That Noise Volume 2,LOW_CONFIDENCE_MATCH: fuzzy score below threshold or too close to runner-up,,,78.04878048780488
guess-that-action,Guess That Action,"QUALITY_GATE: shrunk=6.50, usersrated=0",452274,Guess That Action,100.0
peanuts-talent-show,Peanuts Talent Show!,"QUALITY_GATE: shrunk=6.64, usersrated=74",454523,Peanuts Talent Show!,100.0
yotei-deluxe-edition,Yotei Deluxe Edition,"QUALITY_GATE: shrunk=6.95, usersrated=95",456860,Yotei,100.0
kronologic-babylon-2500,Kronologic: Babylon 2500,"QUALITY_GATE: shrunk=6.95, usersrated=31",406618,Kronologic: Babylon 2500,100.0
one-piece-pirate-fight,One Piece: Pirate Fight,LOW_CONFIDENCE_MATCH: fuzzy score below threshold or too close to runner-up,,,78.04878048780488
exploding-kittens-9-lives,Exploding Kittens - 9 Lives,LOW_CONFIDENCE_MATCH: fuzzy score below threshold or too close to runner-up,,,80.95238095238095
a-grade-lumicora,*A Grade* Lumicora,LOW_CONFIDENCE_MATCH: fuzzy score below threshold or too close to runner-up,,,72.72727272727273
poketto-collection,Poketto Collection,LOW_CONFIDENCE_MATCH: fuzzy score below threshold or too close to runner-up,,,87.5
quickstop-kids,Quickstop Kids,LOW_CONFIDENCE_MATCH: fuzzy score below threshold or too close to runner-up,,,75.0
guess-the-mess,Guess The Mess,"QUALITY_GATE: shrunk=6.65, usersrated=173",155258,Guess the Mess!,100.0
murdle-alibi-the-card-game,Murdle Alibi The Card Game,LOW_CONFIDENCE_MATCH: fuzzy score below threshold or too close to runner-up,,,75.0
axe-max,Axe Max,LOW_CONFIDENCE_MATCH: fuzzy score below threshold or too close to runner-up,,,71.42857142857143
grand-guignol,Grand Guignol,LOW_CONFIDENCE_MATCH: fuzzy score below threshold or too close to runner-up,,,69.56521739130434
space-off-ship-shape-expansion-left-booster,Space-Off - Ship Shape Expansion - Left Booster,LOW_CONFIDENCE_MATCH: fuzzy score below threshold or too close to runner-up,,,57.831325301204814
space-off-ship-shape-expansion-right-booster,Space-Off - Ship Shape Expansion - Right Booster,LOW_CONFIDENCE_MATCH: fuzzy score below threshold or too close to runner-up,,,59.25925925925925
space-off-ship-shape-expansion-nose-cone,Space-Off - Ship Shape Expansion - Nose Cone,LOW_CONFIDENCE_MATCH: fuzzy score below threshold or too close to runner-up,,,62.33766233766234
hero-slam-expansion-pack-curse-of-the-cat-demon,Hero Slam Expansion Pack: Curse of the Cat Demon,LOW_CONFIDENCE_MATCH: fuzzy score below threshold or too close to runner-up,,,63.76811594202898
shat-on-a-cat,Shat on a Cat,"QUALITY_GATE: shrunk=6.66, usersrated=12",424977,Shat on a Cat,100.0
maestro,Maestro,LOW_CONFIDENCE_MATCH: ambiguous: multiple BGG entries share this normalized title,,,
new-york-new-york,New York New York,"QUALITY_GATE: shrunk=6.11, usersrated=136",856,"New York, New York",100.0
finger-pirates,Finger Pirates,"QUALITY_GATE: shrunk=6.54, usersrated=10",468368,Finger Pirates,100.0
diver-go,Diver Go!,"QUALITY_GATE: shrunk=6.39, usersrated=39",450521,Diver Go!,100.0
tokyo-highway-rainbow-city-solo,Tokyo Highway: Rainbow City - Solo,"LOW_CONFIDENCE_MATCH: exact match is a BGG expansion/non-base entry, out of scope -- refusing to fall back to a fuzzy match against an unrelated base game",,,100.0
betty-botter-bought-some-butter,Betty Botter Bought Some Butter,"QUALITY_GATE: shrunk=6.40, usersrated=40",426314,Betty Botter Bought Some Butter,100.0
plotters-inc-old,"Plotters, Inc (Old)",LOW_CONFIDENCE_MATCH: fuzzy score below threshold or too close to runner-up,,,85.71428571428572
silver-mine,Silver Mine,"QUALITY_GATE: shrunk=6.27, usersrated=100",1120,Silver Mine,100.0
nasty-neighbors,Nasty Neighbors,"QUALITY_GATE: shrunk=6.34, usersrated=36",332399,Nasty Neighbors,100.0
circadia,Circadia,"QUALITY_GATE: shrunk=6.78, usersrated=103",454399,Circadia,100.0
driving-me-crazy-route-66-anniversary-edition,Driving Me Crazy Route 66 Anniversary Edition,LOW_CONFIDENCE_MATCH: fuzzy score below threshold or too close to runner-up,,,78.04878048780488
doodle-puzzle,Doodle Puzzle,"QUALITY_GATE: shrunk=7.14, usersrated=98",428029,Doodle Puzzle,100.0
categories-the-card-game,Categories the Card Game,"QUALITY_GATE: shrunk=6.50, usersrated=1",473655,Categories,100.0
take-cat,Take Cat,LOW_CONFIDENCE_MATCH: fuzzy score below threshold or too close to runner-up,,,82.35294117647058
stack-o-cats-calico-expansion-pack,Stack O' Cats Calico Expansion Pack,LOW_CONFIDENCE_MATCH: fuzzy score below threshold or too close to runner-up,,,66.66666666666667
stack-o-cats-tabby-expansion-pack,Stack O' Cats Tabby Expansion Pack,LOW_CONFIDENCE_MATCH: fuzzy score below threshold or too close to runner-up,,,64.40677966101696
stack-o-cats-siamese-expansion-pack,Stack O' Cats Siamese Expansion Pack,LOW_CONFIDENCE_MATCH: fuzzy score below threshold or too close to runner-up,,,65.57377049180329
salamandra,Salamandra,"QUALITY_GATE: shrunk=7.11, usersrated=118",451994,Salamandra,100.0
smores-galore-roast-and-write,Smores Galore Roast and Write,LOW_CONFIDENCE_MATCH: fuzzy score below threshold or too close to runner-up,,,81.35593220338984
red-notice-le-million-ou-la-prison,Red Notice: Le million ou la prison,LOW_CONFIDENCE_MATCH: fuzzy score below threshold or too close to runner-up,,,87.09677419354838
pirates-of-the-high-teas-a-bottle-of-rum,Pirates of the High Teas A Bottle of Rum,LOW_CONFIDENCE_MATCH: fuzzy score below threshold or too close to runner-up,,,74.07407407407408
munchkin-warhammer-40000-grudges-and-gore,Munchkin Warhammer 40000: Grudges and Gore,"LOW_CONFIDENCE_MATCH: exact match is a BGG expansion/non-base entry, out of scope -- refusing to fall back to a fuzzy match against an unrelated base game",,,100.0
match-my-freak,Match my Freak,"QUALITY_GATE: shrunk=6.50, usersrated=1",474204,Match My Freak,100.0
corps-of-discovery-2nd-edition,Corps of Discovery 2nd Edition,LOW_CONFIDENCE_MATCH: ambiguous: multiple BGG entries share this normalized title,,,
assassin-s-creed-black-flag-resynced-nine-men-s-morris,Assassin's Creed Black Flag Resynced: Nine Men's Morris,LOW_CONFIDENCE_MATCH: fuzzy score below threshold or too close to runner-up,,,59.09090909090908
colt-express-card-game,Colt Express Card Game,"QUALITY_GATE: shrunk=6.50, usersrated=0",462063,Colt Express Card Game,100.0
kano,Kano,"QUALITY_GATE: shrunk=6.95, usersrated=54",470343,Kano,100.0
judging-strangers-is-fun,Judging Strangers is Fun,LOW_CONFIDENCE_MATCH: fuzzy score below threshold or too close to runner-up,,,66.66666666666667
rising-cultures,Rising Cultures,"QUALITY_GATE: shrunk=7.14, usersrated=214",437073,Rising Cultures,100.0
they-made-me-do-it-17,They Made Me Do It 17+,LOW_CONFIDENCE_MATCH: fuzzy score below threshold or too close to runner-up,,,65.21739130434783
wunder-waffen,Wunder Waffen,LOW_CONFIDENCE_MATCH: fuzzy score below threshold or too close to runner-up,,,76.92307692307692
the-mind-soulmates-xl,The Mind: Soulmates XL,"QUALITY_GATE: shrunk=6.74, usersrated=294",378851,The Mind: Soulmates,90.32258064516128
spell,Spell,LOW_CONFIDENCE_MATCH: ambiguous: multiple BGG entries share this normalized title,,,
beasts,Beasts,"QUALITY_GATE: shrunk=6.84, usersrated=267",448416,Beasts,100.0
fighters-of-the-pacific-theatre-expansions-battle-of-midway-coral-sea,Fighters of the Pacific: Theatre Expansions: Battle of Midway & Coral Sea,LOW_CONFIDENCE_MATCH: fuzzy score below threshold or too close to runner-up,,,60.431654676258994
escape-the-dark-forest,Escape the Dark Forest,"QUALITY_GATE: shrunk=6.57, usersrated=2",457262,Escape the Dark Forest,100.0
tea-rum,Tea & Rum,"QUALITY_GATE: shrunk=6.69, usersrated=8",462017,Tea & Rum,100.0
monopoly-super-mario-galaxy-movie,Monopoly Super Mario Galaxy Movie,LOW_CONFIDENCE_MATCH: fuzzy score below threshold or too close to runner-up,,,75.0
the-last-hundred-yards-volume-5-for-king-country,The Last Hundred Yards Volume 5: For King & Country,"LOW_CONFIDENCE_MATCH: exact match is a BGG expansion/non-base entry, out of scope -- refusing to fall back to a fuzzy match against an unrelated base game",,,100.0
uno-one-piece,UNO One Piece,"QUALITY_GATE: shrunk=6.40, usersrated=35",36735,UNO: One Piece,100.0
coalitions-fortresses-expansion,Coalitions Fortresses Expansion,LOW_CONFIDENCE_MATCH: fuzzy score below threshold or too close to runner-up,,,66.66666666666667
coalitions-la-patrie-en-danger,Coalitions La Patrie en Danger,"LOW_CONFIDENCE_MATCH: exact match is a BGG expansion/non-base entry, out of scope -- refusing to fall back to a fuzzy match against an unrelated base game",,,100.0
taco-vs-burrito,Taco vs Burrito,"QUALITY_GATE: shrunk=5.21, usersrated=741",249816,Taco vs Burrito,100.0
a-grade-katamino-family,*A Grade* Katamino Family,LOW_CONFIDENCE_MATCH: fuzzy score below threshold or too close to runner-up,,,70.27027027027026
stalingrad-42-2nd-edition-little-saturn,Stalingrad '42 2nd Edition & Little Saturn,LOW_CONFIDENCE_MATCH: fuzzy score below threshold or too close to runner-up,,,72.0
kloak-undercover-strategy-game,Kloak Undercover Strategy Game,"QUALITY_GATE: shrunk=6.29, usersrated=27",366190,KLOAK: The Undercover Strategy Game,100.0
unicorn-stables-game,Unicorn Stables Game,LOW_CONFIDENCE_MATCH: fuzzy score below threshold or too close to runner-up,,,68.75
formidable-farm,Formidable Farm,"QUALITY_GATE: shrunk=6.96, usersrated=646",448500,Formidable Farm,100.0
clue-grab-go,Clue: Grab & Go,LOW_CONFIDENCE_MATCH: fuzzy score below threshold or too close to runner-up,,,75.86206896551724
sea-stax,Sea Stax,LOW_CONFIDENCE_MATCH: fuzzy score below threshold or too close to runner-up,,,76.92307692307692
mykerinos-the-nile,Mykerinos: The Nile,"LOW_CONFIDENCE_MATCH: exact match is a BGG expansion/non-base entry, out of scope -- refusing to fall back to a fuzzy match against an unrelated base game",,,100.0
night-market,Night Market,"QUALITY_GATE: shrunk=6.65, usersrated=89",310619,Night Market,100.0
flip4,Flip4,LOW_CONFIDENCE_MATCH: fuzzy score below threshold or too close to runner-up,,,88.88888888888889
bicycle-stargazer-203,Bicycle Stargazer 203,LOW_CONFIDENCE_MATCH: fuzzy score below threshold or too close to runner-up,,,66.66666666666667
bicycle-spellbound,Bicycle Spellbound,LOW_CONFIDENCE_MATCH: fuzzy score below threshold or too close to runner-up,,,71.42857142857143
bicycle-jujutsu-kaisen,Bicycle Jujutsu Kaisen,LOW_CONFIDENCE_MATCH: fuzzy score below threshold or too close to runner-up,,,60.86956521739131
bicycle-spy-x-family,Bicycle Spy x Family,LOW_CONFIDENCE_MATCH: fuzzy score below threshold or too close to runner-up,,,82.92682926829268
bicycle-disney-classic-goofy,Bicycle Disney Classic Goofy,LOW_CONFIDENCE_MATCH: fuzzy score below threshold or too close to runner-up,,,65.11627906976744
bicycle-disney-coco,Bicycle Disney Coco,LOW_CONFIDENCE_MATCH: fuzzy score below threshold or too close to runner-up,,,64.51612903225806
chicago-cribbage,Chicago Cribbage,"QUALITY_GATE: shrunk=6.28, usersrated=35",33620,Chicago Cribbage,100.0
witty-witches,Witty Witches,"QUALITY_GATE: shrunk=6.67, usersrated=77",423070,Witty Witches,100.0
3-things,3 Things,"QUALITY_GATE: shrunk=6.31, usersrated=59",285599,3 Things,100.0
professor-noggin-reptiles-and-amphibians,Professor Noggin: Reptiles and Amphibians,"QUALITY_GATE: shrunk=6.47, usersrated=9",23795,Professor Noggin's Reptiles & Amphibians,97.5609756097561
professor-noggin-earth-science,Professor Noggin: Earth Science,"QUALITY_GATE: shrunk=6.46, usersrated=9",23786,Professor Noggin's Earth Science,96.7741935483871
iq-busters-brain-trainers,IQ Busters Brain Trainers,LOW_CONFIDENCE_MATCH: fuzzy score below threshold or too close to runner-up,,,68.42105263157895
cribbage-board,Cribbage Board,LOW_CONFIDENCE_MATCH: fuzzy score below threshold or too close to runner-up,,,75.0
chess-checkers-wooden,Chess & Checkers Wooden,LOW_CONFIDENCE_MATCH: fuzzy score below threshold or too close to runner-up,,,84.0
soul-raiders-standard,Soul Raiders Standard,LOW_CONFIDENCE_MATCH: fuzzy score below threshold or too close to runner-up,,,72.72727272727273
spooky-goose,Spooky Goose,LOW_CONFIDENCE_MATCH: fuzzy score below threshold or too close to runner-up,,,81.81818181818181
rising-sun-celestial-influence-expansion-1st-edition,Rising Sun: Celestial Influence Expansion 1st Edition,LOW_CONFIDENCE_MATCH: fuzzy score below threshold or too close to runner-up,,,60.75949367088608
employee-disposal-program,Employee Disposal Program,"QUALITY_GATE: shrunk=6.46, usersrated=4",459944,Employee Disposal Program,100.0
synchro-horizon-the-secret-expedition-box,Synchro Horizon: The Secret Expedition Box,LOW_CONFIDENCE_MATCH: fuzzy score below threshold or too close to runner-up,,,62.5
guess-that-noise,Guess That Noise,"QUALITY_GATE: shrunk=6.49, usersrated=1",467156,Guess That Noise,100.0
assassins-creed-animus-collectors-edition,Assassins Creed: Animus - Collectors Edition,"QUALITY_GATE: shrunk=6.52, usersrated=1",445690,Assassin's Creed: Animus,93.33333333333333
stellar-ventures,Stellar Ventures,"QUALITY_GATE: shrunk=6.83, usersrated=49",359963,Stellar Ventures,100.0
avatar-journey-of-aang-deluxe-edition,Avatar: Journey of Aang - Deluxe Edition,"QUALITY_GATE: shrunk=6.56, usersrated=12",414825,Avatar: Journey of Aang,100.0
chainlink,Chainlink,"QUALITY_GATE: shrunk=6.50, usersrated=3",464909,Chainlink,100.0
robo-rescue-origins-yellow-deck,Robo Rescue: Origins Yellow Deck,LOW_CONFIDENCE_MATCH: fuzzy score below threshold or too close to runner-up,,,76.0
robo-rescue-origins-purple-deck,Robo Rescue: Origins Purple Deck,LOW_CONFIDENCE_MATCH: fuzzy score below threshold or too close to runner-up,,,76.0
robo-rescue-origins-red-deck,Robo Rescue: Origins Red Deck,LOW_CONFIDENCE_MATCH: fuzzy score below threshold or too close to runner-up,,,80.85106382978724
dingbats-to-go-green,Dingbats To Go - Green,LOW_CONFIDENCE_MATCH: fuzzy score below threshold or too close to runner-up,,,66.66666666666667
too-much-party-game,Too Much Party Game,LOW_CONFIDENCE_MATCH: fuzzy score below threshold or too close to runner-up,,,75.0
dingbats-to-go-orange,Dingbats To Go - Orange,LOW_CONFIDENCE_MATCH: fuzzy score below threshold or too close to runner-up,,,64.86486486486487
sinister-institute,Sinister Institute,"QUALITY_GATE: shrunk=6.57, usersrated=31",413913,Sinister Institute,100.0
the-weakest-link,The Weakest Link,"QUALITY_GATE: shrunk=5.93, usersrated=57",10094,Weakest Link,100.0
sins-gloom-of-greed,SINS: Gloom of Greed,"QUALITY_GATE: shrunk=6.46, usersrated=9",302301,SINS: Gloom of Greed – Battle Pack,95.0
lets-learn-nature,Let's Learn Nature,LOW_CONFIDENCE_MATCH: fuzzy score below threshold or too close to runner-up,,,72.22222222222221
dungeonology-the-expedition-leonardos-workshop,Dungeonology - The Expedition: Leonardo's Workshop,LOW_CONFIDENCE_MATCH: fuzzy score below threshold or too close to runner-up,,,69.6969696969697
ice-palace,Ice Palace,"QUALITY_GATE: shrunk=6.51, usersrated=4",61898,Ice Palace,100.0
solar-snap-card-game,Solar Snap! Card Game,LOW_CONFIDENCE_MATCH: fuzzy score below threshold or too close to runner-up,,,81.81818181818181
100-board-games-bucket-list,100 Board Games Bucket List,LOW_CONFIDENCE_MATCH: fuzzy score below threshold or too close to runner-up,,,66.66666666666667
sorcerer-endbringer,Sorcerer: Endbringer,"LOW_CONFIDENCE_MATCH: exact match is a BGG expansion/non-base entry, out of scope -- refusing to fall back to a fuzzy match against an unrelated base game",,,100.0
reload-team-sponsor-pack,Reload: Team Sponsor Pack,LOW_CONFIDENCE_MATCH: fuzzy score below threshold or too close to runner-up,,,68.29268292682926
your-party-in-the-game-among-cultists-exp,Your Party in the Game!: Among Cultists Exp,LOW_CONFIDENCE_MATCH: fuzzy score below threshold or too close to runner-up,,,75.40983606557377
battles-of-napoleon-volume-ii-quatre-bras-1815-wartenburg-1813-ltd-edition-in-wooden-box,Battles Of Napoleon Volume II: Quatre Bras 1815 / Wartenburg 1813 - Ltd Edition in Wooden Box,LOW_CONFIDENCE_MATCH: fuzzy score below threshold or too close to runner-up,,,68.18181818181819
dungeons-and-dragons-rpg-fools-gold-into-the-bellowing-wilds-box-set,Dungeons and Dragons RPG: Fools Gold Into The Bellowing Wilds: Box Set,LOW_CONFIDENCE_MATCH: fuzzy score below threshold or too close to runner-up,,,60.17699115044248
fled,Fled,"QUALITY_GATE: shrunk=5.94, usersrated=160",382444,Fled,100.0
the-rookies,The Rookies,"QUALITY_GATE: shrunk=6.62, usersrated=8",448207,The Rookies,100.0
satanimals,Satanimals,"QUALITY_GATE: shrunk=6.59, usersrated=47",261244,Satanimals,100.0
5-second-rule-board-game,5 Second Rule Board Game,"QUALITY_GATE: shrunk=5.52, usersrated=2982",86073,5 Second Rule,100.0
deadly-doodles-2,Deadly Doodles 2,"LOW_CONFIDENCE_MATCH: exact match is a BGG expansion/non-base entry, out of scope -- refusing to fall back to a fuzzy match against an unrelated base game",,,100.0
hm-queen-elizabeth-ii-single-image-puzzle-1000-pieces,"HM Queen Elizabeth II Single Image Puzzle (1,000 pieces)",LOW_CONFIDENCE_MATCH: fuzzy score below threshold or too close to runner-up,,,52.63157894736843
claim-reinforcements-mercenaries,Claim: Reinforcements - Mercenaries,"LOW_CONFIDENCE_MATCH: exact match is a BGG expansion/non-base entry, out of scope -- refusing to fall back to a fuzzy match against an unrelated base game",,,100.0
mario-kart-racing-dx,Mario Kart Racing DX,"QUALITY_GATE: shrunk=6.53, usersrated=1",408991,Mario Kart Racing Deluxe,91.89189189189189
naruto-ninja-arena-genin-pack-expansion,Naruto Ninja Arena + Genin Pack Expansion,"QUALITY_GATE: shrunk=6.57, usersrated=15",338573,Naruto: Ninja Arena – Core Game + Genin Pack Expansion,100.0
whitstable-and-herne-bay-monopoly,Whitstable and Herne Bay Monopoly,LOW_CONFIDENCE_MATCH: fuzzy score below threshold or too close to runner-up,,,70.37037037037037
history-of-the-ancients-seas-i-hellas-2nd-edition,History of the Ancients Seas I: HELLAS 2nd edition,"QUALITY_GATE: shrunk=6.87, usersrated=68",342090,History of the Ancient Seas I: HELLAS,98.46153846153847
subbuteo-red-white-black-player-set,Subbuteo Red/White/Black Player Set,LOW_CONFIDENCE_MATCH: fuzzy score below threshold or too close to runner-up,,,63.33333333333333
turbo-sleuth,Turbo Sleuth,"QUALITY_GATE: shrunk=6.44, usersrated=20",334206,Turbo Sleuth,100.0
warfighter-support-expansion-3,Warfighter - Support Expansion 3,LOW_CONFIDENCE_MATCH: fuzzy score below threshold or too close to runner-up,,,65.51724137931035
genius-music-genius-playing-cards,Genius Music (Genius Playing Cards),LOW_CONFIDENCE_MATCH: fuzzy score below threshold or too close to runner-up,,,65.38461538461539
cats-kittens,Cats & Kittens,LOW_CONFIDENCE_MATCH: fuzzy score below threshold or too close to runner-up,,,80.0
precognition,Precognition,"QUALITY_GATE: shrunk=6.49, usersrated=329",364556,Precognition,100.0
do-or-drink-act-out-or-blackout,Do or Drink Act Out Or Blackout,LOW_CONFIDENCE_MATCH: fuzzy score below threshold or too close to runner-up,,,59.70149253731343
paw-patrol-mini-memory,Paw Patrol Mini Memory,LOW_CONFIDENCE_MATCH: fuzzy score below threshold or too close to runner-up,,,66.66666666666667
monopoly-gremlins,Monopoly: Gremlins,LOW_CONFIDENCE_MATCH: fuzzy score below threshold or too close to runner-up,,,81.25
joggles,Joggles,"QUALITY_GATE: shrunk=6.50, usersrated=0",466868,Joggles,100.0
dungeonology-the-expedition-triple-threat,Dungeonology - The Expedition: Triple Threat,LOW_CONFIDENCE_MATCH: fuzzy score below threshold or too close to runner-up,,,76.66666666666666
the-cube-area-51,The Cube: Area 51,"QUALITY_GATE: shrunk=6.18, usersrated=18",358460,The Cube: Area 51,100.0
shape-aliens,Shape Aliens,LOW_CONFIDENCE_MATCH: fuzzy score below threshold or too close to runner-up,,,76.19047619047619
remember,reMEmber,LOW_CONFIDENCE_MATCH: ambiguous: multiple BGG entries share this normalized title,,,
pocket-detective,Pocket Detective,"QUALITY_GATE: shrunk=6.61, usersrated=659",275589,Pocket Detective,100.0
wolfenstein-board-game-old-blood-expansion,Wolfenstein Board Game: Old Blood Expansion,LOW_CONFIDENCE_MATCH: fuzzy score below threshold or too close to runner-up,,,62.96296296296296
picture-perfect-movie-star-expansion,Picture Perfect Movie Star Expansion,"LOW_CONFIDENCE_MATCH: exact match is a BGG expansion/non-base entry, out of scope -- refusing to fall back to a fuzzy match against an unrelated base game",,,100.0
deck-chairs-on-the-titanic,Deck Chairs On The Titanic,LOW_CONFIDENCE_MATCH: fuzzy score below threshold or too close to runner-up,,,79.06976744186046
pixies,Pixies,"QUALITY_GATE: shrunk=7.08, usersrated=4632",411875,Pixies,100.0
speed,Speed,LOW_CONFIDENCE_MATCH: ambiguous: multiple BGG entries share this normalized title,,,
traveller-specialist-forces,Traveller: Specialist Forces,LOW_CONFIDENCE_MATCH: fuzzy score below threshold or too close to runner-up,,,68.29268292682926
whack-slash-hack-slash-2,Whack & Slash: Hack & Slash 2,LOW_CONFIDENCE_MATCH: fuzzy score below threshold or too close to runner-up,,,60.86956521739131
waffle-topple,Waffle Topple,"QUALITY_GATE: shrunk=6.49, usersrated=2",381530,Waffle Topple,100.0
aves,Aves,LOW_CONFIDENCE_MATCH: ambiguous: multiple BGG entries share this normalized title,,,
history-of-the-ancient-seas-heroes-and-events-bonus-cards,History of the Ancient Seas: Heroes and Events Bonus Cards,LOW_CONFIDENCE_MATCH: fuzzy score below threshold or too close to runner-up,,,68.08510638297872
sound-box-kickstarter-edition,Sound Box - Kickstarter Edition,LOW_CONFIDENCE_MATCH: fuzzy score below threshold or too close to runner-up,,,80.0
pathfinder-arena-core-set,Pathfinder Arena: Core Set,LOW_CONFIDENCE_MATCH: fuzzy score below threshold or too close to runner-up,,,85.18518518518519
word-traveler,Word Traveler,"QUALITY_GATE: shrunk=6.39, usersrated=341",400508,Word Traveler,100.0
flapjacks-sasquatches-dice-game,Flapjacks & Sasquatches Dice Game,"QUALITY_GATE: shrunk=6.55, usersrated=52",400143,Flapjacks & Sasquatches Dice Game,100.0
the-baby-shower-game,The Baby Shower Game,LOW_CONFIDENCE_MATCH: fuzzy score below threshold or too close to runner-up,,,81.4814814814815
zookeepers,ZooKeepers,"QUALITY_GATE: shrunk=5.82, usersrated=138",283482,Zookeepers,100.0
what,What?,LOW_CONFIDENCE_MATCH: ambiguous: multiple BGG entries share this normalized title,,,
quiz-cube-foodies-quiz,Quiz Cube - Foodies Quiz,LOW_CONFIDENCE_MATCH: fuzzy score below threshold or too close to runner-up,,,64.86486486486487
girls-night-drinking-game,Girls Night Drinking Game,LOW_CONFIDENCE_MATCH: fuzzy score below threshold or too close to runner-up,,,76.19047619047619
21-inches,21 Inches,"QUALITY_GATE: shrunk=6.51, usersrated=2",431046,21 Inches,100.0
rumblebots,Rumblebots,"QUALITY_GATE: shrunk=6.59, usersrated=192",426045,Rumblebots,100.0
flow,Flow Untamed Rivers,"QUALITY_GATE: shrunk=6.46, usersrated=38",400274,Flow: Untamed Rivers,100.0
the-grinch-waddingtons-number-1-playing-cards,The Grinch Waddingtons Number 1 Playing Cards,LOW_CONFIDENCE_MATCH: fuzzy score below threshold or too close to runner-up,,,63.76811594202898
shark-stack-up-wooden-balancing-game,Shark Stack-up! Wooden Balancing Game,LOW_CONFIDENCE_MATCH: fuzzy score below threshold or too close to runner-up,,,73.41772151898735
bugs-buddy,Bugs Buddy,"QUALITY_GATE: shrunk=6.46, usersrated=16",438466,Bugs Buddy,100.0
letter-grab,Letter Grab,"QUALITY_GATE: shrunk=6.50, usersrated=0",446460,Letter grab,100.0
everything-all-in-bundle-kickstarter,Everything All-In Bundle (Kickstarter),LOW_CONFIDENCE_MATCH: fuzzy score below threshold or too close to runner-up,,,65.625
dara-deluxe,Dara Deluxe,"QUALITY_GATE: shrunk=6.39, usersrated=30",34319,Dara,100.0
komikan,Komikan,"QUALITY_GATE: shrunk=6.39, usersrated=18",64831,Komikan,100.0
dinosaurs-matching-game,Dinosaurs! Matching Game,LOW_CONFIDENCE_MATCH: fuzzy score below threshold or too close to runner-up,,,76.19047619047619
history-of-the-ancients-seas-expansion-2-pirates-barbarians-2nd-edition,History of the Ancients Seas Expansion 2: PIRATES & BARBARIANS 2nd edition,LOW_CONFIDENCE_MATCH: fuzzy score below threshold or too close to runner-up,,,68.08510638297872
bear-mountain-camping-rough-terrain-expansion,Bear Mountain Camping Rough Terrain Expansion,LOW_CONFIDENCE_MATCH: fuzzy score below threshold or too close to runner-up,,,60.0
dragon-clans,Dragon Clans,"QUALITY_GATE: shrunk=6.41, usersrated=32",417796,Dragon Clans,100.0
turnip,Turnip,"QUALITY_GATE: shrunk=6.45, usersrated=40",421314,Turnip,100.0
go-slow,Go Slow,"QUALITY_GATE: shrunk=6.60, usersrated=89",291549,Go Slow!,100.0
savage-worlds-rpg-adventure-edition-players-box,Savage Worlds RPG: Adventure Edition Player's Box,LOW_CONFIDENCE_MATCH: fuzzy score below threshold or too close to runner-up,,,63.29113924050633
zoology,Zoology,LOW_CONFIDENCE_MATCH: ambiguous: multiple BGG entries share this normalized title,,,
picante,Picante,LOW_CONFIDENCE_MATCH: fuzzy score below threshold or too close to runner-up,,,76.92307692307692
collector-s-memory-christmas,Collector's memory - Christmas,LOW_CONFIDENCE_MATCH: fuzzy score below threshold or too close to runner-up,,,67.64705882352942
what-the-sketch,What the Sketch?,"QUALITY_GATE: shrunk=6.57, usersrated=6",466716,What the Sketch?,100.0
classified-information,Classified Information,"QUALITY_GATE: shrunk=6.68, usersrated=138",392471,Classified Information,100.0
guess-that-noise-travel,Guess That Noise - Travel,LOW_CONFIDENCE_MATCH: fuzzy score below threshold or too close to runner-up,,,82.05128205128204
guess-that-noise-volume-2-travel,Guess That Noise Volume 2 - Travel,LOW_CONFIDENCE_MATCH: fuzzy score below threshold or too close to runner-up,,,66.66666666666667
world-football-stars-top-trumps-dash,World Football Stars Top Trumps Dash,LOW_CONFIDENCE_MATCH: fuzzy score below threshold or too close to runner-up,,,65.67164179104478
world-football-stars-top-200-top-trumps-pack-3-refresh,World Football Stars Top 200 Top Trumps - Pack 3 - refresh,LOW_CONFIDENCE_MATCH: fuzzy score below threshold or too close to runner-up,,,56.470588235294116
world-football-stars-top-200-top-trumps-pack-4-refresh,World Football Stars Top 200 Top Trumps - Pack 4 - refresh,LOW_CONFIDENCE_MATCH: fuzzy score below threshold or too close to runner-up,,,56.470588235294116
world-football-stars-top-200-top-trumps-starter-kit-refresh,World Football Stars Top 200 Top Trumps - Starter Kit - refresh,LOW_CONFIDENCE_MATCH: fuzzy score below threshold or too close to runner-up,,,53.333333333333336
epic-encounters-boss-box-lair-of-the-red-dragon-rpg,Epic Encounters - Boss Box - Lair of the Red Dragon RPG,LOW_CONFIDENCE_MATCH: fuzzy score below threshold or too close to runner-up,,,54.54545454545454
world-football-stars-top-200-top-trumps-pack-5-refresh,World Football Stars Top 200 Top Trumps - Pack 5 - refresh,LOW_CONFIDENCE_MATCH: fuzzy score below threshold or too close to runner-up,,,56.470588235294116
world-football-stars-top-200-top-trumps-pack-6-refresh,World Football Stars Top 200 Top Trumps - Pack 6 - refresh,LOW_CONFIDENCE_MATCH: fuzzy score below threshold or too close to runner-up,,,56.470588235294116
epic-encounters-boss-box-lair-of-the-drider,Epic Encounters - Boss Box - Lair of the Drider,LOW_CONFIDENCE_MATCH: fuzzy score below threshold or too close to runner-up,,,56.71641791044777
epic-encounters-warband-box-forest-of-the-damned-rpg,Epic Encounters - Warband Box - Forest of the Damned RPG,LOW_CONFIDENCE_MATCH: fuzzy score below threshold or too close to runner-up,,,56.75675675675676
epic-encounters-boss-box-glade-of-the-evil-oak-rpg,Epic Encounters - Boss Box - Glade of the Evil Oak RPG,LOW_CONFIDENCE_MATCH: fuzzy score below threshold or too close to runner-up,,,56.75675675675676
epic-encounters-boss-box-nest-of-the-dinosaur,Epic Encounters - Boss Box - Nest of the Dinosaur,LOW_CONFIDENCE_MATCH: fuzzy score below threshold or too close to runner-up,,,57.57575757575757
epic-encounters-warband-box-steppe-of-the-lizard-thane,Epic Encounters - Warband Box - Steppe of the Lizard Thane,LOW_CONFIDENCE_MATCH: fuzzy score below threshold or too close to runner-up,,,57.49999999999999
invincible-superhero-roleplaying-starter-set,Invincible – Superhero Roleplaying Starter Set,LOW_CONFIDENCE_MATCH: fuzzy score below threshold or too close to runner-up,,,59.77011494252873
kpop-demon-hunters-battle-for-the-spotlight,KPop Demon Hunters Battle for the Spotlight,"QUALITY_GATE: shrunk=6.54, usersrated=5",472581,KPop Demon Hunters: Battle for the Spotlight,100.0
mimir-s-challenge,Mimir's Challenge,"QUALITY_GATE: shrunk=6.63, usersrated=28",412006,Mimir's Challenge,100.0
the-witcher-path-of-destiny-ronin,The Witcher: Path of Destiny - Ronin,"QUALITY_GATE: shrunk=6.93, usersrated=100",405135,The Witcher: Path of Destiny – Ronin,100.0
one-piece-pair-up,One Piece - Pair Up,LOW_CONFIDENCE_MATCH: fuzzy score below threshold or too close to runner-up,,,73.33333333333334
uno-bluey,UNO Bluey,LOW_CONFIDENCE_MATCH: fuzzy score below threshold or too close to runner-up,,,77.77777777777779
i-suck-at-drawing,I suck at Drawing,"QUALITY_GATE: shrunk=6.51, usersrated=1",475197,I Suck at Drawing,100.0
groopums-suspects,Groopums: Suspects,LOW_CONFIDENCE_MATCH: fuzzy score below threshold or too close to runner-up,,,68.96551724137932
eat-me,Eat Me!,"QUALITY_GATE: shrunk=6.50, usersrated=0",144917,Eat Me!,100.0
earth-express,Earth Express,"QUALITY_GATE: shrunk=6.77, usersrated=36",467570,Earth Express,100.0
my-first-million,My First Million,LOW_CONFIDENCE_MATCH: fuzzy score below threshold or too close to runner-up,,,73.33333333333334
flat-earth-the-game,Flat Earth: The Game,"QUALITY_GATE: shrunk=6.45, usersrated=4",200598,Last Earth,90.0
dragon-ball-z-remember,Dragon Ball Z: Remember,LOW_CONFIDENCE_MATCH: fuzzy score below threshold or too close to runner-up,,,74.4186046511628
dead-therapist-9000,Dead Therapist 9000,LOW_CONFIDENCE_MATCH: fuzzy score below threshold or too close to runner-up,,,61.111111111111114
behind-the-lens,Behind the Lens,"QUALITY_GATE: shrunk=6.50, usersrated=1",68079,Behind the Lens,100.0
boba-blast,Boba Blast,LOW_CONFIDENCE_MATCH: fuzzy score below threshold or too close to runner-up,,,80.0
blorp,Blorp!,"QUALITY_GATE: shrunk=6.53, usersrated=34",465047,BLORP!,100.0
agricola-special-edition-wooden-edition,Agricola Special Edition (Wooden Edition),LOW_CONFIDENCE_MATCH: fuzzy score below threshold or too close to runner-up,,,76.19047619047619
berry-cherry-parrot-punch,Berry Cherry Parrot Punch,LOW_CONFIDENCE_MATCH: fuzzy score below threshold or too close to runner-up,,,57.14285714285714
discordia-magna-expansion,Discordia: Magna Expansion,LOW_CONFIDENCE_MATCH: fuzzy score below threshold or too close to runner-up,,,62.5
north-american-railways,North American Railways,"QUALITY_GATE: shrunk=6.60, usersrated=572",191438,North American Railways,100.0
stereo-mind-blue,Stereo Mind Blue,LOW_CONFIDENCE_MATCH: fuzzy score below threshold or too close to runner-up,,,81.4814814814815
call-my-trash,Call My Trash!,"QUALITY_GATE: shrunk=6.50, usersrated=2",458318,Call My Trash,100.0
gangster,Gangster,LOW_CONFIDENCE_MATCH: ambiguous: multiple BGG entries share this normalized title,,,
stereo-mind-yellow,Stereo Mind Yellow,LOW_CONFIDENCE_MATCH: fuzzy score below threshold or too close to runner-up,,,75.86206896551724
backgammon-playte,Backgammon Playte,LOW_CONFIDENCE_MATCH: fuzzy score below threshold or too close to runner-up,,,87.5
layer-puzzle,Layer Puzzle,"QUALITY_GATE: shrunk=6.62, usersrated=36",412816,Layer Puzzle,100.0
starfall-playte,Starfall Playte,LOW_CONFIDENCE_MATCH: fuzzy score below threshold or too close to runner-up,,,74.07407407407408
playte-mini-chip-120,Playte Mini Chip 120,LOW_CONFIDENCE_MATCH: fuzzy score below threshold or too close to runner-up,,,61.111111111111114
playte-rack-6,Playte Rack 6,LOW_CONFIDENCE_MATCH: fuzzy score below threshold or too close to runner-up,,,72.72727272727273
keva-structures-400,Keva: Structures 400,LOW_CONFIDENCE_MATCH: fuzzy score below threshold or too close to runner-up,,,64.51612903225806
spin-monkeys,Spin Monkeys,"QUALITY_GATE: shrunk=5.99, usersrated=197",132188,Spin Monkeys,100.0
space-cadets-dice-duel-die-fighter,Space Cadets: Dice Duel - Die Fighter,"LOW_CONFIDENCE_MATCH: exact match is a BGG expansion/non-base entry, out of scope -- refusing to fall back to a fuzzy match against an unrelated base game",,,100.0
culls,Culls,"QUALITY_GATE: shrunk=6.61, usersrated=58",69,Culls,100.0
tenpenny-parks-fairview-challenges,Tenpenny Parks: Fairview Challenges,LOW_CONFIDENCE_MATCH: fuzzy score below threshold or too close to runner-up,,,64.61538461538461
photo-dump,Photo Dump,"QUALITY_GATE: shrunk=6.50, usersrated=0",471821,Photo Dump,100.0
momo,Momo,LOW_CONFIDENCE_MATCH: ambiguous: multiple BGG entries share this normalized title,,,
tenpenny-parks-innovation,Tenpenny Parks Innovation,LOW_CONFIDENCE_MATCH: fuzzy score below threshold or too close to runner-up,,,71.7948717948718
who-would-you-choose-to-save-the-world,Who Would You Choose To Save The World,LOW_CONFIDENCE_MATCH: fuzzy score below threshold or too close to runner-up,,,74.07407407407408
don-t-wake-dad-bluey,Don't Wake Dad! Bluey,LOW_CONFIDENCE_MATCH: fuzzy score below threshold or too close to runner-up,,,77.77777777777779
cock-a-doodle,Cock-A-Doodle,"QUALITY_GATE: shrunk=6.51, usersrated=1",42564,Cock-a-doodle-moo!,95.0
laughing-toy-story-alien-game-ml,Laughing Toy Story Alien Game (ML),LOW_CONFIDENCE_MATCH: fuzzy score below threshold or too close to runner-up,,,69.0909090909091
exploding-kittens-rage-mode,Exploding Kittens Rage Mode,"QUALITY_GATE: shrunk=6.50, usersrated=0",476128,Exploding Kittens: Rage Mode,100.0
last-one-laughing,Last one Laughing,LOW_CONFIDENCE_MATCH: ambiguous: multiple BGG entries share this title as a prefix,,,80.0
kitsu,Kitsu,"QUALITY_GATE: shrunk=6.66, usersrated=115",429411,Kitsu,100.0
lupus-in-tabula-new-edition,Lupus in Tabula New Edition,LOW_CONFIDENCE_MATCH: fuzzy score below threshold or too close to runner-up,,,77.41935483870968
power-hungry-pets-small,Power Hungry Pets Small,LOW_CONFIDENCE_MATCH: fuzzy score below threshold or too close to runner-up,,,85.0
professor-puzzle-sudoku,Professor Puzzle: Sudoku,LOW_CONFIDENCE_MATCH: fuzzy score below threshold or too close to runner-up,,,73.17073170731707
professor-puzzle-solitaire,Professor Puzzle: Solitaire,LOW_CONFIDENCE_MATCH: fuzzy score below threshold or too close to runner-up,,,68.18181818181819
pink-pond-frog,Pink Pond Frog!,"QUALITY_GATE: shrunk=6.52, usersrated=4",468668,Ping Pond Frog!,92.85714285714286
paleolino,Paleolino,"QUALITY_GATE: shrunk=6.57, usersrated=36",464279,Paleolino,100.0
odysseus,Odysseus,LOW_CONFIDENCE_MATCH: ambiguous: multiple BGG entries share this normalized title,,,
the-first-tsar-ivan-the-terrible,The First Tsar: Ivan the Terrible,"QUALITY_GATE: shrunk=7.07, usersrated=298",409553,The First Tsar: Ivan the Terrible,100.0
windmill-valley-duel,Windmill Valley: Duel,"QUALITY_GATE: shrunk=6.54, usersrated=2",466295,Windmill Valley: Duel,100.0
dance-of-ibexe,Dance of Ibexe,"QUALITY_GATE: shrunk=6.55, usersrated=886",13005,Dance of Ibexes,96.55172413793103
too-sloth-to-win,Too Sloth to Win,"QUALITY_GATE: shrunk=6.61, usersrated=47",445918,Too Sloth To Win,100.0
meow-10,Meow 10,"QUALITY_GATE: shrunk=6.30, usersrated=36",448154,Meow 10,100.0
leaning-tower-of-pizza,Leaning Tower of Pizza,"QUALITY_GATE: shrunk=6.48, usersrated=3",467943,Leaning Tower of Pizza,100.0
stubborn-mules,Stubborn Mules,"QUALITY_GATE: shrunk=6.29, usersrated=71",367558,Stubborn Mules,100.0
aardman-trivia-race-game,Aardman Trivia Race Game,LOW_CONFIDENCE_MATCH: fuzzy score below threshold or too close to runner-up,,,77.77777777777779
too-many-detectives,Too Many Detectives,LOW_CONFIDENCE_MATCH: fuzzy score below threshold or too close to runner-up,,,81.08108108108108
taxi-over,Taxi Over,"QUALITY_GATE: shrunk=6.14, usersrated=33",422814,Taxi Over,100.0
meow-in-a-row,Meow In a Row,"QUALITY_GATE: shrunk=6.46, usersrated=7",448155,Meow in a Row,100.0
meow-cala,Meow-Cala,"QUALITY_GATE: shrunk=6.39, usersrated=21",448156,Meow-Cala,100.0
express-cross,Express Cross,"QUALITY_GATE: shrunk=6.51, usersrated=67",424149,Express Cross,100.0
parrotdigm,Parrotdigm,"QUALITY_GATE: shrunk=6.35, usersrated=35",352434,Parrotdigm,100.0
club-unlock-cash,Club Unlock (Cash),LOW_CONFIDENCE_MATCH: fuzzy score below threshold or too close to runner-up,,,81.4814814814815
number-chain,Number Chain,"QUALITY_GATE: shrunk=6.35, usersrated=110",421921,Number Chain,100.0
four-corner-detective,Four Corner Detective,"QUALITY_GATE: shrunk=6.44, usersrated=91",431240,Four Corner Detective,100.0
yut-scholar,Yut Scholar,LOW_CONFIDENCE_MATCH: fuzzy score below threshold or too close to runner-up,,,69.56521739130434
yut-lady,Yut Lady,LOW_CONFIDENCE_MATCH: fuzzy score below threshold or too close to runner-up,,,80.0
pack-back-robot,Pack-Back Robot,"QUALITY_GATE: shrunk=6.53, usersrated=6",468670,Pack-Back Robot,100.0
silly-cow,Silly Cow,LOW_CONFIDENCE_MATCH: fuzzy score below threshold or too close to runner-up,,,73.6842105263158
zombie-chess,Zombie Chess,"QUALITY_GATE: shrunk=6.49, usersrated=13",67052,Zombie Chess,100.0
depot,Depot,LOW_CONFIDENCE_MATCH: ambiguous: multiple BGG entries share this normalized title,,,
candy-tap,Candy Tap,"QUALITY_GATE: shrunk=6.51, usersrated=6",468669,Candy Tap!,100.0
gouda-gouda,Gouda Gouda,"QUALITY_GATE: shrunk=5.62, usersrated=232",3352,Gouda! Gouda! Cat Attack,95.0
run-mule-run,"Run, Mule, Run","QUALITY_GATE: shrunk=6.37, usersrated=57",418917,"Run, Mule, Run",100.0
venice-connection-triple-layer,Venice Connection Triple Layer,LOW_CONFIDENCE_MATCH: fuzzy score below threshold or too close to runner-up,,,72.34042553191489
one-fowl-poop,One Fowl Poop,"QUALITY_GATE: shrunk=6.50, usersrated=0",467274,One Fowl Poop,100.0
debtzilla,Debtzilla,"QUALITY_GATE: shrunk=6.40, usersrated=54",218988,Debtzilla,100.0
sneaky-supper,Sneaky Supper,"QUALITY_GATE: shrunk=6.46, usersrated=29",433679,Sneaky Supper,100.0
dream-diary,Dream Diary,"QUALITY_GATE: shrunk=6.42, usersrated=59",379825,Dream Diary,100.0
slaps-brainrot,SLAPS Brainrot,LOW_CONFIDENCE_MATCH: fuzzy score below threshold or too close to runner-up,,,69.56521739130434
singapore-1889,Singapore 1889,"QUALITY_GATE: shrunk=6.58, usersrated=31",370910,Singapore 1889,100.0
cryptocurrency,Cryptocurrency,"QUALITY_GATE: shrunk=6.36, usersrated=82",243694,Cryptocurrency,100.0
zombielife-insurance,Zombielife Insurance,"QUALITY_GATE: shrunk=6.50, usersrated=37",326475,Zombielife Insurance,100.0
hold-your-hat,Hold Your Hat,"QUALITY_GATE: shrunk=6.57, usersrated=8",362994,Hold your Hat,100.0
hotpot-havoc,Hotpot Havoc,"QUALITY_GATE: shrunk=6.53, usersrated=34",334233,Hotpot Havoc,100.0
plums-for-trash,Plums For Trash,"QUALITY_GATE: shrunk=6.48, usersrated=3",377086,Plums for trash,100.0
bunny-100,Bunny 100,"QUALITY_GATE: shrunk=6.51, usersrated=10",413238,Bunny 100,100.0
secret-societies-lycans,Secret Societies: Lycans,"LOW_CONFIDENCE_MATCH: exact match is a BGG expansion/non-base entry, out of scope -- refusing to fall back to a fuzzy match against an unrelated base game",,,100.0
living-planet-collector,Living Planet Collector,LOW_CONFIDENCE_MATCH: fuzzy score below threshold or too close to runner-up,,,72.22222222222221
living-planet-all-in,Living Planet All In,LOW_CONFIDENCE_MATCH: fuzzy score below threshold or too close to runner-up,,,78.78787878787878
capy-cabana,Capy Cabana,LOW_CONFIDENCE_MATCH: fuzzy score below threshold or too close to runner-up,,,70.58823529411764
living-planet-standard,Living Planet Standard,LOW_CONFIDENCE_MATCH: fuzzy score below threshold or too close to runner-up,,,74.28571428571429
a-grade-black-stories-1,*A Grade* black stories 1,LOW_CONFIDENCE_MATCH: fuzzy score below threshold or too close to runner-up,,,81.08108108108108
amoebunnies-bunny-buddies,Amoebunnies Bunny Buddies,"LOW_CONFIDENCE_MATCH: exact match is a BGG expansion/non-base entry, out of scope -- refusing to fall back to a fuzzy match against an unrelated base game",,,100.0
tantrix-strategy,Tantrix Strategy,LOW_CONFIDENCE_MATCH: fuzzy score below threshold or too close to runner-up,,,81.25
the-hunt-card-game,The Hunt - Card Game,LOW_CONFIDENCE_MATCH: ambiguous: multiple BGG entries share this normalized title,,,
word-wipe,Word Wipe,"QUALITY_GATE: shrunk=6.35, usersrated=17",468067,Word Wipe,100.0
steam-up-a-feast-of-dim-sum,Steam Up! A Feast of Dim Sum,"QUALITY_GATE: shrunk=6.65, usersrated=1720",307561,Steam Up: A Feast of Dim Sum,100.0
top-drop,Top Drop,"QUALITY_GATE: shrunk=6.54, usersrated=7",460431,Top Drop,100.0
spooky-bar,Spooky Bar,"QUALITY_GATE: shrunk=6.44, usersrated=4",468949,Spooky Bar,100.0
stack-o-cats-tuxedo-expansion-pack,Stack O' Cats: Tuxedo Expansion Pack,LOW_CONFIDENCE_MATCH: fuzzy score below threshold or too close to runner-up,,,66.66666666666667
stack-o-cats-tortoise-shell-expansion-pack,Stack O' Cats Tortoise Shell Expansion Pack,LOW_CONFIDENCE_MATCH: fuzzy score below threshold or too close to runner-up,,,61.904761904761905
maybe-not-perfect,Maybe Not Perfect,"QUALITY_GATE: shrunk=6.50, usersrated=0",475378,Maybe. Not. Perfect!,100.0
mysterium-refresh-ext-secrets-lies-ml,Mysterium Refresh - Ext. Secrets & Lies ML,LOW_CONFIDENCE_MATCH: fuzzy score below threshold or too close to runner-up,,,59.77011494252873
mysterium-refresh-ext-hidden-signs-ml,Mysterium Refresh - Ext. Hidden Signs ML,LOW_CONFIDENCE_MATCH: fuzzy score below threshold or too close to runner-up,,,58.46153846153845
living-stories-pulse,Living Stories: Pulse,LOW_CONFIDENCE_MATCH: fuzzy score below threshold or too close to runner-up,,,66.66666666666667
machu-pichu,Machu Pichu,"QUALITY_GATE: shrunk=6.39, usersrated=16",464310,Machu Pichu,100.0
living-stories-the-void,Living Stories: The Void,LOW_CONFIDENCE_MATCH: fuzzy score below threshold or too close to runner-up,,,68.75
devious,Devious,"QUALITY_GATE: shrunk=6.69, usersrated=45",431478,Devious,100.0
chick-n-out,Chick'n out,LOW_CONFIDENCE_MATCH: fuzzy score below threshold or too close to runner-up,,,90.9090909090909
if-then,If Then,"QUALITY_GATE: shrunk=6.56, usersrated=120",423465,If Then,100.0
amarok,Amarok,"QUALITY_GATE: shrunk=6.84, usersrated=112",451980,Amarok,100.0
assemble,Assemble!,"QUALITY_GATE: shrunk=6.41, usersrated=27",468063,Assemble!,100.0
leaf-it,Leaf It,"QUALITY_GATE: shrunk=6.49, usersrated=4",468567,Leaf It!,100.0
alien-frontiers-6th-edition,Alien Frontiers 6th Edition,LOW_CONFIDENCE_MATCH: ambiguous: multiple BGG entries share this normalized title,,,
alien-frontiers-complete-expansion-collection,Alien Frontiers Complete Expansion Collection,LOW_CONFIDENCE_MATCH: fuzzy score below threshold or too close to runner-up,,,67.53246753246754
jumblejack,JumbleJack,"QUALITY_GATE: shrunk=6.45, usersrated=19",468065,JumbleJack,100.0
corps-of-discovery-duo,Corps of Discovery Duo,"QUALITY_GATE: shrunk=6.57, usersrated=13",462207,Corps of Discovery Duo,100.0
brigands-bluff,Brigands Bluff,"QUALITY_GATE: shrunk=6.50, usersrated=2",472264,Brigand's Bluff,96.55172413793103
frenzy-falls,Frenzy Falls,"QUALITY_GATE: shrunk=6.37, usersrated=33",463629,Frenzy Falls,100.0
cyberpunk-edgerunners-hunted,Cyberpunk Edgerunners - Hunted,"QUALITY_GATE: shrunk=6.71, usersrated=11",460036,Cyberpunk: Edgerunners – Hunted,100.0
blue-lock-striker,Blue Lock - Striker,LOW_CONFIDENCE_MATCH: fuzzy score below threshold or too close to runner-up,,,73.33333333333334
priorities-fourth-wing,Priorities: Fourth Wing,"QUALITY_GATE: shrunk=6.45, usersrated=2",451960,Priorities: Fourth Wing,100.0
vampire-the-masquerade-banu-haqim-expansion-french-edition,Vampire: The Masquerade - Banu Haqim Expansion - French Edition,LOW_CONFIDENCE_MATCH: fuzzy score below threshold or too close to runner-up,,,60.24096385542168
cretaceous-rails-miniature-edition,Cretaceous Rails Miniature Edition,LOW_CONFIDENCE_MATCH: fuzzy score below threshold or too close to runner-up,,,64.51612903225806
food-truck-race-two-many-trucks-expansion,Food Truck Race: Two Many Trucks Expansion,LOW_CONFIDENCE_MATCH: fuzzy score below threshold or too close to runner-up,,,61.76470588235294
voice-off,Voice Off,LOW_CONFIDENCE_MATCH: fuzzy score below threshold or too close to runner-up,,,80.0
obscene,Obscene,"QUALITY_GATE: shrunk=6.50, usersrated=0",378056,Obscene,100.0
tippled,Tippled,LOW_CONFIDENCE_MATCH: fuzzy score below threshold or too close to runner-up,,,85.71428571428572
uno-lightyear,Uno Lightyear,LOW_CONFIDENCE_MATCH: fuzzy score below threshold or too close to runner-up,,,69.56521739130434
uno-toy-story-5,UNO Toy Story 5,LOW_CONFIDENCE_MATCH: fuzzy score below threshold or too close to runner-up,,,93.33333333333333
magic-8-ball,Magic 8 Ball,"QUALITY_GATE: shrunk=6.33, usersrated=7",31812,Magic 8 Ball: The Board Game,100.0
tricky-kids,Tricky Kids,"QUALITY_GATE: shrunk=6.52, usersrated=164",447378,Tricky Kids,100.0
ikusa-bundle,Ikusa Bundle,LOW_CONFIDENCE_MATCH: fuzzy score below threshold or too close to runner-up,,,66.66666666666667
nacho-pile-small-form,Nacho Pile (Small Form),LOW_CONFIDENCE_MATCH: fuzzy score below threshold or too close to runner-up,,,64.51612903225806
crispy-critters,Crispy Critters,"QUALITY_GATE: shrunk=6.50, usersrated=0",447683,Crispy Critters,100.0
ryozen-solo-mode-expansion,Ryozen: Solo Mode Expansion,LOW_CONFIDENCE_MATCH: fuzzy score below threshold or too close to runner-up,,,68.0
mini-rogue-glittering-throne,Mini Rogue: Glittering Throne,LOW_CONFIDENCE_MATCH: fuzzy score below threshold or too close to runner-up,,,62.06896551724138
crash-derby,Crash Derby,"QUALITY_GATE: shrunk=6.69, usersrated=25",444886,Crash Derby,100.0
ryozen-deluxe-kickstarter-edition,Ryozen: Deluxe Kickstarter Edition,LOW_CONFIDENCE_MATCH: fuzzy score below threshold or too close to runner-up,,,85.18518518518519
nanolith-deluxe-expansion,Nanolith Deluxe Expansion,LOW_CONFIDENCE_MATCH: fuzzy score below threshold or too close to runner-up,,,73.33333333333334
uno-junior-spidey-friends,UNO Junior Spidey & Friends,LOW_CONFIDENCE_MATCH: fuzzy score below threshold or too close to runner-up,,,71.42857142857143
dragon-overload,Dragon Overload,"QUALITY_GATE: shrunk=6.43, usersrated=40",467495,Dragon Overload,100.0
coalitions-soldiers-of-fortune,Coalitions Soldiers of Fortune,"LOW_CONFIDENCE_MATCH: exact match is a BGG expansion/non-base entry, out of scope -- refusing to fall back to a fuzzy match against an unrelated base game",,,100.0
living-stories-dust-devils,Living Stories: Dust Devils,"QUALITY_GATE: shrunk=6.66, usersrated=10",455801,Living Stories: Dust Devils,100.0
diplomacy-bundle,Diplomacy Bundle,LOW_CONFIDENCE_MATCH: fuzzy score below threshold or too close to runner-up,,,72.22222222222221
goa-governor-edition,Goa Governor Edition,LOW_CONFIDENCE_MATCH: fuzzy score below threshold or too close to runner-up,,,71.7948717948718
goa-merchant-edition,Goa Merchant Edition,LOW_CONFIDENCE_MATCH: fuzzy score below threshold or too close to runner-up,,,73.6842105263158
who-wants-to-be-a-millionaire-brands-products-travel-tin,Who Wants to be a Millionaire: Brands & Products (Travel Tin),LOW_CONFIDENCE_MATCH: fuzzy score below threshold or too close to runner-up,,,71.84466019417476
red-leaf-university,Red Leaf University,"QUALITY_GATE: shrunk=6.54, usersrated=4",455427,Red Leaf University,100.0
axis-allies-bundle,Axis & Allies Bundle,LOW_CONFIDENCE_MATCH: fuzzy score below threshold or too close to runner-up,,,81.81818181818181
deal-or-no-deal-travel-tin,Deal or No Deal (Travel Tin),LOW_CONFIDENCE_MATCH: fuzzy score below threshold or too close to runner-up,,,73.17073170731707
uno-lord-of-the-rings,UNO Lord of the Rings,LOW_CONFIDENCE_MATCH: fuzzy score below threshold or too close to runner-up,,,86.66666666666667
connect-4-refresh,Connect 4 Refresh,LOW_CONFIDENCE_MATCH: fuzzy score below threshold or too close to runner-up,,,78.78787878787878
a-grade-go-f-k-yourself,*A Grade* Go F**k Yourself,LOW_CONFIDENCE_MATCH: fuzzy score below threshold or too close to runner-up,,,83.33333333333334
b-grade-wonky-doodles,*B Grade* Wonky Doodles,LOW_CONFIDENCE_MATCH: fuzzy score below threshold or too close to runner-up,,,76.47058823529412
b-grade-roast-master,*B Grade* Roast Master,LOW_CONFIDENCE_MATCH: fuzzy score below threshold or too close to runner-up,,,68.75
a-grade-cascadia-landmarks-german-language-version,*A Grade* Cascadia - Landmarks - GERMAN Language Version,LOW_CONFIDENCE_MATCH: fuzzy score below threshold or too close to runner-up,,,54.54545454545454
wheel-of-fortune-travel-tin,Wheel of Fortune (Travel Tin),"QUALITY_GATE: shrunk=6.43, usersrated=7",110698,Travel Wheel of Fortune,92.0
blankety-blank-travel-tin,Blankety Blank (Travel Tin),"QUALITY_GATE: shrunk=6.50, usersrated=0",158486,Blankety Blank: Travel,91.30434782608697
battles-of-the-american-revolution-tri-pack-2,Battles of the American Revolution: Tri-Pack-2,"QUALITY_GATE: shrunk=7.19, usersrated=49",378481,"Battles of the American Revolution Tri-Pack II: Monmouth, Germantown, Newtown",95.0
panzer-expansion-4-france-1940-2nd-print,Panzer Expansion 4 - France 1940 2nd Print,LOW_CONFIDENCE_MATCH: fuzzy score below threshold or too close to runner-up,,,64.61538461538461
spirits-of-valenor,Spirits of Valenor,LOW_CONFIDENCE_MATCH: fuzzy score below threshold or too close to runner-up,,,72.72727272727273
lingo-travel-tin,Lingo (Travel Tin),LOW_CONFIDENCE_MATCH: fuzzy score below threshold or too close to runner-up,,,80.0
talksport-football-trivia-travel-tin,TalkSPORT Football Trivia (Travel Tin),LOW_CONFIDENCE_MATCH: fuzzy score below threshold or too close to runner-up,,,66.66666666666667
michael-mcintyre-s-the-wheel-board-game-2nd-edition,Michael McIntyre's The Wheel Board Game 2nd Edition,"QUALITY_GATE: shrunk=6.26, usersrated=10",354076,Michael McIntyre's The Wheel,100.0
bacon-blitz-game,Bacon Blitz Game,LOW_CONFIDENCE_MATCH: fuzzy score below threshold or too close to runner-up,,,74.28571428571429
frame-game,Frame Game,LOW_CONFIDENCE_MATCH: fuzzy score below threshold or too close to runner-up,,,94.73684210526316
kloak-ladybug-game,Kloak Ladybug Game,LOW_CONFIDENCE_MATCH: fuzzy score below threshold or too close to runner-up,,,80.0
unconditional-surrender-western-campaigns,Unconditional Surrender! Western Campaigns,"QUALITY_GATE: shrunk=7.11, usersrated=63",316238,Unconditional Surrender! Western Campaigns,100.0
synchro-horizon-game-trayz-rpg-signature-box,Synchro Horizon: Game Trayz RPG Signature Box,LOW_CONFIDENCE_MATCH: fuzzy score below threshold or too close to runner-up,,,57.14285714285714
a-grade-star-wars-force-and-destiny-rpg-keeping-the-peace,*A Grade* Star Wars Force and Destiny RPG: Keeping the Peace,LOW_CONFIDENCE_MATCH: fuzzy score below threshold or too close to runner-up,,,65.85365853658536
a-grade-solar-gardens-game,*A Grade* Solar Gardens Game,LOW_CONFIDENCE_MATCH: fuzzy score below threshold or too close to runner-up,,,70.27027027027026
b-grade-bugs-buddy,*B Grade* Bugs Buddy,LOW_CONFIDENCE_MATCH: fuzzy score below threshold or too close to runner-up,,,71.42857142857143
battleship-grab-go-refresh,Battleship: Grab & Go (Refresh),LOW_CONFIDENCE_MATCH: fuzzy score below threshold or too close to runner-up,,,67.79661016949152
guess-who-grab-go-refresh,Guess Who: Grab & Go (Refresh),LOW_CONFIDENCE_MATCH: fuzzy score below threshold or too close to runner-up,,,60.0
a-grade-get-wet-family-edition,*A Grade* Get Wet Family Edition,LOW_CONFIDENCE_MATCH: fuzzy score below threshold or too close to runner-up,,,88.0
a-grade-more-cards-against-humanity-600-card-expansion,*A Grade* More Cards Against Humanity 600-card Expansion,LOW_CONFIDENCE_MATCH: fuzzy score below threshold or too close to runner-up,,,74.54545454545455
suddenly-drunk-hardcore-expansion,Suddenly Drunk: Hardcore Expansion,LOW_CONFIDENCE_MATCH: fuzzy score below threshold or too close to runner-up,,,60.71428571428572
bolide-tracks-2,Bolide Tracks 2,LOW_CONFIDENCE_MATCH: fuzzy score below threshold or too close to runner-up,,,72.0
time-pirates,Time Pirates,"QUALITY_GATE: shrunk=5.81, usersrated=263",495,Time Pirates,100.0
suddenly-drunk-sexy-expansion,Suddenly Drunk: Sexy Expansion,LOW_CONFIDENCE_MATCH: fuzzy score below threshold or too close to runner-up,,,61.53846153846154
suddenly-drunk-gross-expansion,Suddenly Drunk: Gross Expansion,LOW_CONFIDENCE_MATCH: fuzzy score below threshold or too close to runner-up,,,63.1578947368421
instacrime-munford,Instacrime: Munford,"QUALITY_GATE: shrunk=6.02, usersrated=123",307369,Instacrime: Munford,100.0
space-dealer-all-zeit,Space Dealer: All-Zeit,"LOW_CONFIDENCE_MATCH: exact match is a BGG expansion/non-base entry, out of scope -- refusing to fall back to a fuzzy match against an unrelated base game",,,100.0
age-of-rome-deluxe-edition,Age of Rome: Deluxe Edition,"QUALITY_GATE: shrunk=6.96, usersrated=788",349793,Age of Rome,100.0
rock-swap-flip-flop,Rock Swap Flip Flop,"QUALITY_GATE: shrunk=6.48, usersrated=14",448476,Rock Swap Flip-Flop,100.0
ark-extra-mix-expansion,Ark Extra Mix Expansion,LOW_CONFIDENCE_MATCH: fuzzy score below threshold or too close to runner-up,,,62.745098039215684
mac-attack,MAC Attack,"QUALITY_GATE: shrunk=6.67, usersrated=8",457809,MAC Attack,100.0
crazy-heads,Crazy Heads,"QUALITY_GATE: shrunk=6.47, usersrated=2",439237,Crazy Heads,100.0
klangquadrat-game-collection,Klangquadrat Game Collection,LOW_CONFIDENCE_MATCH: fuzzy score below threshold or too close to runner-up,,,72.34042553191489
zoomemo,ZooMemo,"QUALITY_GATE: shrunk=6.51, usersrated=8",164632,ZooMemo,100.0
eldritch-dice-expansion-pack-railroad-ink-challenge,Eldritch Dice Expansion Pack - Railroad Ink Challenge,LOW_CONFIDENCE_MATCH: fuzzy score below threshold or too close to runner-up,,,67.3913043478261
111-ants,111 Ants,"QUALITY_GATE: shrunk=6.61, usersrated=378",217335,111 Ants,100.0
monopoly-prime-prizm-fifa-world-cup-core,Monopoly Prime Prizm: FIFA World Cup Core,LOW_CONFIDENCE_MATCH: fuzzy score below threshold or too close to runner-up,,,84.21052631578947
paint-date,Paint Date,LOW_CONFIDENCE_MATCH: fuzzy score below threshold or too close to runner-up,,,84.21052631578947
mercado-de-lisboa,Mercado de Lisboa,"QUALITY_GATE: shrunk=6.53, usersrated=3032",262477,Mercado de Lisboa,100.0
kamakai,Kamakai,"QUALITY_GATE: shrunk=6.54, usersrated=6",420720,Kamakai,100.0
micronimo,Micronimo,"QUALITY_GATE: shrunk=6.46, usersrated=3",372826,Micronimo,100.0
arena-for-the-gods,Arena: For The Gods!,"QUALITY_GATE: shrunk=6.43, usersrated=1107",207753,Arena: For the Gods!,100.0
deluxe-halma,Deluxe Halma,LOW_CONFIDENCE_MATCH: ambiguous: multiple BGG entries share this normalized title,,,
monster-soup,Monster Soup,"QUALITY_GATE: shrunk=6.34, usersrated=71",316972,Monster Soup,100.0
suddenly-stoned,Suddenly Stoned,"QUALITY_GATE: shrunk=6.50, usersrated=6",244152,Suddenly Stoned,100.0
collectors-memory-pokemon,Collectors' memory - Pokemon,LOW_CONFIDENCE_MATCH: fuzzy score below threshold or too close to runner-up,,,68.29268292682926
loops-lines,Loops & Lines,"QUALITY_GATE: shrunk=6.41, usersrated=8",439239,Loops & Lines,100.0
hidden-games-professor-charlie-s-world-tour,Hidden Games: Professor Charlie's world tour,LOW_CONFIDENCE_MATCH: fuzzy score below threshold or too close to runner-up,,,82.1917808219178
mega-monster-meals,Mega Monster Meals,"QUALITY_GATE: shrunk=6.41, usersrated=10",439285,Mega Monster Meals,100.0
captain-look,Captain Look,"QUALITY_GATE: shrunk=6.50, usersrated=0",99888,Captain Hook,91.66666666666666
realms-of-destiny,Realms of Destiny,"QUALITY_GATE: shrunk=6.57, usersrated=3",226391,Realms of Destiny,100.0
realtalk-fourth-wing,RealTalk - Fourth Wing,"QUALITY_GATE: shrunk=6.48, usersrated=1",473909,Realtalk: Fourth Wing,100.0
disco-heist-laundry-base-game-with-glitter-gulch,Disco Heist Laundry Base Game with Glitter Gulch,LOW_CONFIDENCE_MATCH: fuzzy score below threshold or too close to runner-up,,,58.97435897435898
disco-heist-laundry-deluxe-game-with-glitter-gulch,Disco Heist Laundry Deluxe Game with Glitter Gulch,LOW_CONFIDENCE_MATCH: fuzzy score below threshold or too close to runner-up,,,61.29032258064516
drop-drive-strange-signals,Drop Drive: Strange Signals,"LOW_CONFIDENCE_MATCH: exact match is a BGG expansion/non-base entry, out of scope -- refusing to fall back to a fuzzy match against an unrelated base game",,,100.0
knee-deep-in-hexes-big-box-with-expansions-no-base-game,Knee Deep in Hexes Big Box with Expansions (no base game),LOW_CONFIDENCE_MATCH: fuzzy score below threshold or too close to runner-up,,,60.86956521739131
play-hit,Play Hit,"QUALITY_GATE: shrunk=6.15, usersrated=97",432681,Play Hit,100.0
time-troopers,Time Troopers,"QUALITY_GATE: shrunk=6.54, usersrated=32",406038,Time Troopers,100.0
drop-drive-deluxe-upgrade,Drop Drive: Deluxe Upgrade,LOW_CONFIDENCE_MATCH: fuzzy score below threshold or too close to runner-up,,,72.72727272727273
widget-s-workshop,Widget's Workshop,"QUALITY_GATE: shrunk=6.40, usersrated=34",437584,Widget's Workshop,100.0
3in1-game-board-fetchez-la-vache-squashez-anglais-and-backgammon-4-to-a-carton,3in1 Game Board Fetchez la Vache Squashez Anglais and Backgammon (4 to a carton),LOW_CONFIDENCE_MATCH: fuzzy score below threshold or too close to runner-up,,,50.370370370370374
spell-effects-5e-cleric,Spell Effects: 5E Cleric,LOW_CONFIDENCE_MATCH: fuzzy score below threshold or too close to runner-up,,,59.45945945945945
professor-noggin-life-in-the-ocean,Professor Noggin: Life In The Ocean,"QUALITY_GATE: shrunk=6.43, usersrated=9",20417,Professor Noggin's Life in the Ocean,96.7741935483871
scabs-n-guts,Scabs 'N' Guts,"QUALITY_GATE: shrunk=5.96, usersrated=52",63217,Scabs `N` Guts,100.0
my-word,My Word,LOW_CONFIDENCE_MATCH: ambiguous: multiple BGG entries share this normalized title,,,
flora-funga-puzzle-275-pieces,Flora Funga Puzzle (275 Pieces),LOW_CONFIDENCE_MATCH: fuzzy score below threshold or too close to runner-up,,,63.33333333333333
5-minute-one-piece,5 Minute: One Piece,"QUALITY_GATE: shrunk=6.49, usersrated=62",466400,5-Minute One Piece,100.0
guess-that-doodle,Guess That Doodle,LOW_CONFIDENCE_MATCH: fuzzy score below threshold or too close to runner-up,,,82.75862068965517
knee-deep-in-hexes-full-scale-operation-core-box-and-expansions-1-2,Knee Deep in Hexes Full Scale Operation - Core Box and Expansions 1+2,LOW_CONFIDENCE_MATCH: fuzzy score below threshold or too close to runner-up,,,54.13533834586466
soul-raiders-gold-grimoire-box,Soul Raiders - Gold Grimoire Box,LOW_CONFIDENCE_MATCH: fuzzy score below threshold or too close to runner-up,,,61.53846153846154
ascendia-seasons-of-thargos-standee-edition,Ascendia: Seasons of Thargos (Standee Edition),LOW_CONFIDENCE_MATCH: fuzzy score below threshold or too close to runner-up,,,77.14285714285715
gobblers,Gobblers,"QUALITY_GATE: shrunk=6.33, usersrated=1199",13230,Gobblers,100.0
punchy-kicky,Punchy Kicky,"QUALITY_GATE: shrunk=6.50, usersrated=4",438795,Punchy Kicky,100.0
ankh-foundations-upgrade-pack-1st-edition,Ankh: Foundations Upgrade Pack 1st Edition,LOW_CONFIDENCE_MATCH: fuzzy score below threshold or too close to runner-up,,,62.5
soul-raiders-grimoire-box,Soul Raiders - Grimoire Box,LOW_CONFIDENCE_MATCH: fuzzy score below threshold or too close to runner-up,,,65.0
guess-that-action-travel,Guess That Action - Travel,LOW_CONFIDENCE_MATCH: fuzzy score below threshold or too close to runner-up,,,82.92682926829268
ankh-eternal-expansion-1st-edition,Ankh: Eternal Expansion 1st Edition,LOW_CONFIDENCE_MATCH: fuzzy score below threshold or too close to runner-up,,,65.0
rising-sun-shogunate-upgrade-pack-1st-edition,Rising Sun: Shogunate Upgrade Pack 1st Edition,LOW_CONFIDENCE_MATCH: fuzzy score below threshold or too close to runner-up,,,57.14285714285714
red-or-yellow,Red or Yellow,"QUALITY_GATE: shrunk=6.52, usersrated=2",465709,Red or Yellow,100.0
2-player-games-for-kids,2 Player Games For Kids,LOW_CONFIDENCE_MATCH: fuzzy score below threshold or too close to runner-up,,,71.11111111111111
tabletop-inc,Tabletop Inc,"QUALITY_GATE: shrunk=6.99, usersrated=263",405719,Tabletop Inc.,100.0
pride-of-ninja,Pride of Ninja,"QUALITY_GATE: shrunk=6.45, usersrated=49",391130,Pride of Ninja,100.0
vine-base-and-pumpkins-and-beetles-expansion,Vine Base and Pumpkins and Beetles Expansion,LOW_CONFIDENCE_MATCH: fuzzy score below threshold or too close to runner-up,,,59.523809523809526
synchro-horizon-expansion-tag-tournament,Synchro Horizon Expansion: Tag Tournament,LOW_CONFIDENCE_MATCH: fuzzy score below threshold or too close to runner-up,,,70.73170731707317
synchro-horizon-expansion-beyond-journey,Synchro Horizon Expansion: Beyond Journey,LOW_CONFIDENCE_MATCH: fuzzy score below threshold or too close to runner-up,,,61.01694915254237
luddite-extra-player-pack,Luddite Extra Player Pack,LOW_CONFIDENCE_MATCH: fuzzy score below threshold or too close to runner-up,,,60.37735849056604
knee-deep-in-hexes-full-scale-operation,Knee Deep in Hexes Full Scale Operation,LOW_CONFIDENCE_MATCH: fuzzy score below threshold or too close to runner-up,,,66.66666666666667
anxiety,Anxiety,LOW_CONFIDENCE_MATCH: ambiguous: multiple BGG entries share this normalized title,,,
luddite,Luddite,"QUALITY_GATE: shrunk=6.60, usersrated=46",387079,Luddite,100.0
cards-against-humanity-tales-2,Cards Against Humanity Tales 2,LOW_CONFIDENCE_MATCH: fuzzy score below threshold or too close to runner-up,,,84.61538461538461
goddit-kawaii-top-trumps-card-game,Goddit! Kawaii Top Trumps Card Game,LOW_CONFIDENCE_MATCH: fuzzy score below threshold or too close to runner-up,,,65.21739130434783
goddit-dogs-top-trumps-card-game,Goddit! Dogs Top Trumps Card Game,LOW_CONFIDENCE_MATCH: fuzzy score below threshold or too close to runner-up,,,68.18181818181819
boss-monster-jr,Boss Monster Jr.,LOW_CONFIDENCE_MATCH: fuzzy score below threshold or too close to runner-up,,,88.88888888888889
star-gazers-deluxe,Star Gazers Deluxe,LOW_CONFIDENCE_MATCH: ambiguous: multiple BGG entries share this normalized title,,,
robo-rescue-origins-blue-deck,Robo Rescue: Origins Blue Deck,LOW_CONFIDENCE_MATCH: fuzzy score below threshold or too close to runner-up,,,79.16666666666666
snackaroo,Snackaroo,"QUALITY_GATE: shrunk=6.51, usersrated=12",461990,Snackaroo,100.0
spongebob-labyrinth,SpongeBob Labyrinth,LOW_CONFIDENCE_MATCH: fuzzy score below threshold or too close to runner-up,,,72.72727272727273
bo-bo-bon,Bo Bo Bon,"QUALITY_GATE: shrunk=6.50, usersrated=0",474497,Bo Bo Bon,100.0
tropicalia,Tropicalia,"QUALITY_GATE: shrunk=6.48, usersrated=26",415188,Tropicalia,100.0
hyperspace-nova-expansion,Hyperspace: Nova Expansion,"LOW_CONFIDENCE_MATCH: exact match is a BGG expansion/non-base entry, out of scope -- refusing to fall back to a fuzzy match against an unrelated base game",,,100.0
spin-fessions,Spin-Fessions,"QUALITY_GATE: shrunk=6.50, usersrated=0",470321,Spin-Fessions,100.0
blood-rage-valhalla-road-to-helheim-expansion,Blood Rage Valhalla Road to Helheim Expansion,"LOW_CONFIDENCE_MATCH: exact match is a BGG expansion/non-base entry, out of scope -- refusing to fall back to a fuzzy match against an unrelated base game",,,100.0
yellow-brick-road,Yellow Brick Road,"QUALITY_GATE: shrunk=6.35, usersrated=16",410228,Yellow Brick Road,100.0
naruto-shippuden-ninja-arena,Naruto Shippuden Ninja Arena,LOW_CONFIDENCE_MATCH: fuzzy score below threshold or too close to runner-up,,,80.64516129032258
pathfinder-focus-spell-deck,Pathfinder: Focus Spell Deck,LOW_CONFIDENCE_MATCH: fuzzy score below threshold or too close to runner-up,,,68.08510638297872
peek-a-boo,Peek-a-boo,LOW_CONFIDENCE_MATCH: ambiguous: multiple BGG entries share this normalized title,,,
philosophia-floating-world,Philosophia: Floating World,"QUALITY_GATE: shrunk=6.79, usersrated=180",306202,Philosophia: Floating World,100.0
first-farm-friends,First Farm Friends,LOW_CONFIDENCE_MATCH: fuzzy score below threshold or too close to runner-up,,,80.0
first-jungle-friends,First Jungle Friends,LOW_CONFIDENCE_MATCH: fuzzy score below threshold or too close to runner-up,,,74.4186046511628
build-your-own-mars-colony,Build Your Own Mars Colony,LOW_CONFIDENCE_MATCH: fuzzy score below threshold or too close to runner-up,,,69.38775510204081
harry-potter-lexgo,Harry Potter LexGO!,LOW_CONFIDENCE_MATCH: fuzzy score below threshold or too close to runner-up,,,83.33333333333334
robot-or-not,Robot Or Not,"QUALITY_GATE: shrunk=6.31, usersrated=16",353648,Robot or Not,100.0
silicon-valley,Silicon Valley,"QUALITY_GATE: shrunk=6.67, usersrated=88",322565,Silicon Valley,100.0
glitch-squad,Glitch Squad,"QUALITY_GATE: shrunk=6.56, usersrated=90",358807,Glitch Squad,100.0
transformers-vanchcard-season-1-basic-starter-pack,Transformers Vanchcard Season 1 - Basic Starter Pack,LOW_CONFIDENCE_MATCH: fuzzy score below threshold or too close to runner-up,,,58.53658536585367
rapscallion-strange-pirate-roleplaying-on-the-great-sea-officer-pledge,Rapscallion: Strange Pirate Roleplaying on the Great Sea - Officer Pledge,LOW_CONFIDENCE_MATCH: fuzzy score below threshold or too close to runner-up,,,58.00000000000001
moesteiro-solo,Moesteiro Solo,LOW_CONFIDENCE_MATCH: fuzzy score below threshold or too close to runner-up,,,78.26086956521739
peacock-large-print-playing-cards,Peacock Large Print Playing Cards,LOW_CONFIDENCE_MATCH: fuzzy score below threshold or too close to runner-up,,,73.6842105263158
ultra-deluxe-2d-arcade-mega-fighter,Ultra Deluxe 2D Arcade Mega Fighter,"QUALITY_GATE: shrunk=6.47, usersrated=33",298396,Ultra Deluxe 2D Arcade Mega Fighter,100.0
the-oracle-story-generator-box-set,The Oracle Story Generator Box Set,LOW_CONFIDENCE_MATCH: fuzzy score below threshold or too close to runner-up,,,61.29032258064516
grand-central-skyport,Grand Central Skyport,"QUALITY_GATE: shrunk=6.83, usersrated=206",379546,Grand Central Skyport,100.0
down-the-chimney,Down The Chimney,"QUALITY_GATE: shrunk=6.49, usersrated=5",391666,Down the Chimney Dice & Card Game,95.0
starleap,StarLeap,"QUALITY_GATE: shrunk=6.57, usersrated=11",442987,Starleap,100.0
coexist,Coexist,"QUALITY_GATE: shrunk=6.50, usersrated=68",437256,Coexist,100.0
sector-6,Sector 6,"QUALITY_GATE: shrunk=6.05, usersrated=435",177844,Sector 6,100.0
gargle,Gargle,LOW_CONFIDENCE_MATCH: fuzzy score below threshold or too close to runner-up,,,83.33333333333334
sensor-ghosts,Sensor Ghosts,"QUALITY_GATE: shrunk=6.56, usersrated=51",276669,Sensor Ghosts,100.0
el-maestro,El Maestro,"QUALITY_GATE: shrunk=6.24, usersrated=130",264843,El Maestro,100.0
vulcania-rpg-steambag,Vulcania RPG: Steambag,LOW_CONFIDENCE_MATCH: fuzzy score below threshold or too close to runner-up,,,55.55555555555556
eylau-1807-mounted-maps,Eylau 1807 Mounted Maps,LOW_CONFIDENCE_MATCH: fuzzy score below threshold or too close to runner-up,,,69.76744186046511
love-formula-expansion-lucky-in-love,Love Formula Expansion - Lucky in Love,LOW_CONFIDENCE_MATCH: fuzzy score below threshold or too close to runner-up,,,63.33333333333333
history-of-the-ancients-seas-expansion-3-new-armies-2nd-edition,History of the Ancients Seas Expansion 3: New Armies 2nd edition,LOW_CONFIDENCE_MATCH: fuzzy score below threshold or too close to runner-up,,,73.17073170731707
lords-of-worlds,Lords of Worlds,"QUALITY_GATE: shrunk=6.58, usersrated=38",415182,Lords of Worlds,100.0
guardians-of-the-four-winds,Guardians of the Four Winds,"QUALITY_GATE: shrunk=6.55, usersrated=9",449966,Guardians of the Four Winds,100.0
whats-up,What's Up,LOW_CONFIDENCE_MATCH: ambiguous: multiple BGG entries share this normalized title,,,
master-chef-indian-game-night,Master Chef: Indian Game Night,LOW_CONFIDENCE_MATCH: fuzzy score below threshold or too close to runner-up,,,84.21052631578947
classic-card-games-for-kids,Classic Card Games For Kids,LOW_CONFIDENCE_MATCH: fuzzy score below threshold or too close to runner-up,,,71.1864406779661
warfighter-pacific-expansion-39-vehicle-4,Warfighter Pacific: Expansion 39 Vehicle 4,LOW_CONFIDENCE_MATCH: fuzzy score below threshold or too close to runner-up,,,60.0
tarot-for-all-ages,Tarot for all Ages,LOW_CONFIDENCE_MATCH: fuzzy score below threshold or too close to runner-up,,,65.11627906976744
astronaugthies,Astronaugthies,"QUALITY_GATE: shrunk=6.55, usersrated=16",424356,Astronaugthies: Dice Till The Moon,95.0
star-wars-9-top-trumps,Star Wars 9 - Top Trumps,LOW_CONFIDENCE_MATCH: fuzzy score below threshold or too close to runner-up,,,89.36170212765957
mitropia,Mitropia,"QUALITY_GATE: shrunk=6.36, usersrated=27",245723,Mitropia,100.0
star-wars-force-battle,Star Wars Force Battle,"QUALITY_GATE: shrunk=6.48, usersrated=1",446173,Star Wars: Force Battle,100.0
hashtag-the-card-game,Hashtag the Card Game,LOW_CONFIDENCE_MATCH: ambiguous: multiple BGG entries share this normalized title,,,
egg-surprise-mini-game,Egg Surprise Mini Game,LOW_CONFIDENCE_MATCH: fuzzy score below threshold or too close to runner-up,,,71.42857142857143
treasure-of-monkey-island,Treasure of Monkey Island,"QUALITY_GATE: shrunk=6.48, usersrated=1",420116,Treasure of Monkey Island,100.0
quarto-giant-edition,Quarto Giant Edition,LOW_CONFIDENCE_MATCH: fuzzy score below threshold or too close to runner-up,,,76.92307692307692
pop-the-pig,Pop the Pig,"QUALITY_GATE: shrunk=4.69, usersrated=371",35173,Pop the Pig,100.0
horrid-henry,Horrid Henry,LOW_CONFIDENCE_MATCH: fuzzy score below threshold or too close to runner-up,,,66.66666666666667
my-first-wobbly-cars,My First Wobbly Cars,LOW_CONFIDENCE_MATCH: fuzzy score below threshold or too close to runner-up,,,66.66666666666667
kamigami-battles-children-of-danu,Kamigami Battles: Children of Danu,"LOW_CONFIDENCE_MATCH: exact match is a BGG expansion/non-base entry, out of scope -- refusing to fall back to a fuzzy match against an unrelated base game",,,100.0
urban-art-banksy-girl-on-a-stool,Urban Art: Banksy - Girl on a Stool,LOW_CONFIDENCE_MATCH: fuzzy score below threshold or too close to runner-up,,,56.14035087719298
urban-art-banksy-follow-your-dreams,Urban Art: Banksy - Follow Your Dreams,LOW_CONFIDENCE_MATCH: fuzzy score below threshold or too close to runner-up,,,56.41025641025641
dice-dice-baby,Dice Dice Baby,LOW_CONFIDENCE_MATCH: fuzzy score below threshold or too close to runner-up,,,76.92307692307692
taiga,Taiga,"QUALITY_GATE: shrunk=6.39, usersrated=135",86542,Taiga,100.0
scribble-shakedown,Scribble Shakedown,LOW_CONFIDENCE_MATCH: fuzzy score below threshold or too close to runner-up,,,73.33333333333334
stratego-junior-dinos,Stratego: Junior Dinos,LOW_CONFIDENCE_MATCH: fuzzy score below threshold or too close to runner-up,,,83.33333333333334
mimic-octopus-original,Mimic Octopus Original,LOW_CONFIDENCE_MATCH: fuzzy score below threshold or too close to runner-up,,,74.28571428571429
mimic-octopus-flirt,Mimic Octopus Flirt,"QUALITY_GATE: shrunk=6.51, usersrated=10",365844,Mimic Octopus: Flirt Edition,95.0
secret-santa-pocket,Secret Santa Pocket,LOW_CONFIDENCE_MATCH: fuzzy score below threshold or too close to runner-up,,,78.94736842105263
playmobil-monopoly,Playmobil Monopoly,LOW_CONFIDENCE_MATCH: fuzzy score below threshold or too close to runner-up,,,80.0
hungry-hungry-hippos-refresh,Hungry Hungry Hippos Refresh,LOW_CONFIDENCE_MATCH: fuzzy score below threshold or too close to runner-up,,,83.33333333333334
poetry-for-neanderthals-more-bigger-box,Poetry for Neanderthals More - Bigger Box,LOW_CONFIDENCE_MATCH: fuzzy score below threshold or too close to runner-up,,,74.19354838709677
iykyk-popular-culture,IYKYK - Popular Culture,LOW_CONFIDENCE_MATCH: fuzzy score below threshold or too close to runner-up,,,80.0
mother-earth,Mother Earth,"QUALITY_GATE: shrunk=6.47, usersrated=2",451087,Mother Earth,100.0
bicycle-stargazer-201-playing-cards,Bicycle - Stargazer 201 Playing Cards,LOW_CONFIDENCE_MATCH: fuzzy score below threshold or too close to runner-up,,,65.67164179104478
explora,Explora,"QUALITY_GATE: shrunk=6.37, usersrated=47",378285,Explora,100.0
take-gem-all,Take Gem All,"QUALITY_GATE: shrunk=6.49, usersrated=8",373268,Take Gem All,100.0
battle-dentale,Battle Dentale,"QUALITY_GATE: shrunk=6.38, usersrated=22",391341,Battle Dentale,100.0
pug-opoly,Pug-Opoly,"QUALITY_GATE: shrunk=6.31, usersrated=23",92293,Pug-opoly,100.0
wu-wei-journey-of-the-changing-path,Wu Wei: Journey of the Changing Path,"QUALITY_GATE: shrunk=6.72, usersrated=43",153811,Wu Wei: Journey of the Changing Path,100.0
dj-music-game-retro,DJ Music Game: Retro,LOW_CONFIDENCE_MATCH: fuzzy score below threshold or too close to runner-up,,,71.11111111111111
unreal-rpg,Unreal RPG,LOW_CONFIDENCE_MATCH: fuzzy score below threshold or too close to runner-up,,,66.66666666666667
lilo-stitch-top-trumps-match-the-crazy-cube-game,Lilo & Stitch Top Trumps Match - The Crazy Cube Game,LOW_CONFIDENCE_MATCH: fuzzy score below threshold or too close to runner-up,,,69.1358024691358
archelino,Archelino,LOW_CONFIDENCE_MATCH: fuzzy score below threshold or too close to runner-up,,,80.0
flex-puzzler-max,Flex Puzzler Max,LOW_CONFIDENCE_MATCH: fuzzy score below threshold or too close to runner-up,,,66.66666666666667
stitch-yahtzee,Stitch Yahtzee,LOW_CONFIDENCE_MATCH: fuzzy score below threshold or too close to runner-up,,,74.07407407407408
cocktail-lovers-playing-cards,Cocktail Lover's Playing Cards,LOW_CONFIDENCE_MATCH: fuzzy score below threshold or too close to runner-up,,,70.96774193548387
moonlight-encounters-combat,Moonlight Encounters - Combat,LOW_CONFIDENCE_MATCH: fuzzy score below threshold or too close to runner-up,,,68.18181818181819
moonlight-encounters-mystery,Moonlight Encounters - Mystery,LOW_CONFIDENCE_MATCH: fuzzy score below threshold or too close to runner-up,,,66.66666666666667
bear-mountain-camping-extreme-weather-expansion,Bear Mountain Camping Extreme Weather Expansion,LOW_CONFIDENCE_MATCH: fuzzy score below threshold or too close to runner-up,,,55.55555555555556
sport-trivia,Sport Trivia,LOW_CONFIDENCE_MATCH: fuzzy score below threshold or too close to runner-up,,,83.33333333333334
